[0.215s] DEBUG:colcon:Command line arguments: ['/usr/bin/colcon', 'build', '--symlink-install']
[0.215s] DEBUG:colcon:Parsed command line arguments: Namespace(log_base=None, log_level=None, verb_name='build', build_base='build', install_base='install', merge_install=False, symlink_install=True, test_result_base=None, continue_on_error=False, executor='parallel', parallel_workers=12, event_handlers=None, ignore_user_meta=False, metas=['./colcon.meta'], base_paths=['.'], packages_ignore=None, packages_ignore_regex=None, paths=None, packages_up_to=None, packages_up_to_regex=None, packages_above=None, packages_above_and_dependencies=None, packages_above_depth=None, packages_select_by_dep=None, packages_skip_by_dep=None, packages_skip_up_to=None, packages_select_build_failed=False, packages_skip_build_finished=False, packages_select_test_failures=False, packages_skip_test_passed=False, packages_select=None, packages_skip=None, packages_select_regex=None, packages_skip_regex=None, packages_start=None, packages_end=None, allow_overriding=[], cmake_args=None, cmake_target=None, cmake_target_skip_unavailable=False, cmake_clean_cache=False, cmake_clean_first=False, cmake_force_configure=False, ament_cmake_args=None, catkin_cmake_args=None, catkin_skip_building_tests=False, verb_parser=<colcon_defaults.argument_parser.defaults.DefaultArgumentsDecorator object at 0x72665af2b550>, verb_extension=<colcon_core.verb.build.BuildVerb object at 0x72665af2b040>, main=<bound method BuildVerb.main of <colcon_core.verb.build.BuildVerb object at 0x72665af2b040>>)
[0.381s] Level 1:colcon.colcon_core.package_discovery:discover_packages(colcon_meta) check parameters
[0.381s] Level 1:colcon.colcon_core.package_discovery:discover_packages(recursive) check parameters
[0.381s] Level 1:colcon.colcon_core.package_discovery:discover_packages(ignore) check parameters
[0.381s] Level 1:colcon.colcon_core.package_discovery:discover_packages(path) check parameters
[0.381s] Level 1:colcon.colcon_core.package_discovery:discover_packages(colcon_meta) discover
[0.381s] Level 1:colcon.colcon_core.package_discovery:discover_packages(recursive) discover
[0.381s] INFO:colcon.colcon_core.package_discovery:Crawling recursively for packages in '/home/nisanth/carla_ros_ws'
[0.381s] Level 1:colcon.colcon_core.package_identification:_identify(.) by extensions ['ignore', 'ignore_ament_install']
[0.381s] Level 1:colcon.colcon_core.package_identification:_identify(.) by extension 'ignore'
[0.381s] Level 1:colcon.colcon_core.package_identification:_identify(.) by extension 'ignore_ament_install'
[0.382s] Level 1:colcon.colcon_core.package_identification:_identify(.) by extensions ['colcon_pkg']
[0.382s] Level 1:colcon.colcon_core.package_identification:_identify(.) by extension 'colcon_pkg'
[0.382s] Level 1:colcon.colcon_core.package_identification:_identify(.) by extensions ['colcon_meta']
[0.382s] Level 1:colcon.colcon_core.package_identification:_identify(.) by extension 'colcon_meta'
[0.382s] Level 1:colcon.colcon_core.package_identification:_identify(.) by extensions ['ros']
[0.382s] Level 1:colcon.colcon_core.package_identification:_identify(.) by extension 'ros'
[0.396s] Level 1:colcon.colcon_core.package_identification:_identify(.) by extensions ['cmake', 'python']
[0.396s] Level 1:colcon.colcon_core.package_identification:_identify(.) by extension 'cmake'
[0.396s] Level 1:colcon.colcon_core.package_identification:_identify(.) by extension 'python'
[0.396s] Level 1:colcon.colcon_core.package_identification:_identify(.) by extensions ['python_setup_py']
[0.396s] Level 1:colcon.colcon_core.package_identification:_identify(.) by extension 'python_setup_py'
[0.396s] Level 1:colcon.colcon_core.package_identification:_identify(build) by extensions ['ignore', 'ignore_ament_install']
[0.397s] Level 1:colcon.colcon_core.package_identification:_identify(build) by extension 'ignore'
[0.397s] Level 1:colcon.colcon_core.package_identification:_identify(build) ignored
[0.397s] Level 1:colcon.colcon_core.package_identification:_identify(install) by extensions ['ignore', 'ignore_ament_install']
[0.397s] Level 1:colcon.colcon_core.package_identification:_identify(install) by extension 'ignore'
[0.397s] Level 1:colcon.colcon_core.package_identification:_identify(install) ignored
[0.397s] Level 1:colcon.colcon_core.package_identification:_identify(log) by extensions ['ignore', 'ignore_ament_install']
[0.397s] Level 1:colcon.colcon_core.package_identification:_identify(log) by extension 'ignore'
[0.397s] Level 1:colcon.colcon_core.package_identification:_identify(log) ignored
[0.397s] Level 1:colcon.colcon_core.package_identification:_identify(src) by extensions ['ignore', 'ignore_ament_install']
[0.397s] Level 1:colcon.colcon_core.package_identification:_identify(src) by extension 'ignore'
[0.397s] Level 1:colcon.colcon_core.package_identification:_identify(src) by extension 'ignore_ament_install'
[0.397s] Level 1:colcon.colcon_core.package_identification:_identify(src) by extensions ['colcon_pkg']
[0.397s] Level 1:colcon.colcon_core.package_identification:_identify(src) by extension 'colcon_pkg'
[0.397s] Level 1:colcon.colcon_core.package_identification:_identify(src) by extensions ['colcon_meta']
[0.397s] Level 1:colcon.colcon_core.package_identification:_identify(src) by extension 'colcon_meta'
[0.397s] Level 1:colcon.colcon_core.package_identification:_identify(src) by extensions ['ros']
[0.397s] Level 1:colcon.colcon_core.package_identification:_identify(src) by extension 'ros'
[0.397s] Level 1:colcon.colcon_core.package_identification:_identify(src) by extensions ['cmake', 'python']
[0.397s] Level 1:colcon.colcon_core.package_identification:_identify(src) by extension 'cmake'
[0.397s] Level 1:colcon.colcon_core.package_identification:_identify(src) by extension 'python'
[0.397s] Level 1:colcon.colcon_core.package_identification:_identify(src) by extensions ['python_setup_py']
[0.398s] Level 1:colcon.colcon_core.package_identification:_identify(src) by extension 'python_setup_py'
[0.398s] Level 1:colcon.colcon_core.package_identification:_identify(src/ros-bridge) by extensions ['ignore', 'ignore_ament_install']
[0.398s] Level 1:colcon.colcon_core.package_identification:_identify(src/ros-bridge) by extension 'ignore'
[0.398s] Level 1:colcon.colcon_core.package_identification:_identify(src/ros-bridge) by extension 'ignore_ament_install'
[0.398s] Level 1:colcon.colcon_core.package_identification:_identify(src/ros-bridge) by extensions ['colcon_pkg']
[0.398s] Level 1:colcon.colcon_core.package_identification:_identify(src/ros-bridge) by extension 'colcon_pkg'
[0.398s] Level 1:colcon.colcon_core.package_identification:_identify(src/ros-bridge) by extensions ['colcon_meta']
[0.398s] Level 1:colcon.colcon_core.package_identification:_identify(src/ros-bridge) by extension 'colcon_meta'
[0.398s] Level 1:colcon.colcon_core.package_identification:_identify(src/ros-bridge) by extensions ['ros']
[0.398s] Level 1:colcon.colcon_core.package_identification:_identify(src/ros-bridge) by extension 'ros'
[0.398s] Level 1:colcon.colcon_core.package_identification:_identify(src/ros-bridge) by extensions ['cmake', 'python']
[0.398s] Level 1:colcon.colcon_core.package_identification:_identify(src/ros-bridge) by extension 'cmake'
[0.398s] Level 1:colcon.colcon_core.package_identification:_identify(src/ros-bridge) by extension 'python'
[0.398s] Level 1:colcon.colcon_core.package_identification:_identify(src/ros-bridge) by extensions ['python_setup_py']
[0.398s] Level 1:colcon.colcon_core.package_identification:_identify(src/ros-bridge) by extension 'python_setup_py'
[0.398s] Level 1:colcon.colcon_core.package_identification:_identify(src/ros-bridge/carla_ackermann_control) by extensions ['ignore', 'ignore_ament_install']
[0.398s] Level 1:colcon.colcon_core.package_identification:_identify(src/ros-bridge/carla_ackermann_control) by extension 'ignore'
[0.398s] Level 1:colcon.colcon_core.package_identification:_identify(src/ros-bridge/carla_ackermann_control) by extension 'ignore_ament_install'
[0.398s] Level 1:colcon.colcon_core.package_identification:_identify(src/ros-bridge/carla_ackermann_control) by extensions ['colcon_pkg']
[0.398s] Level 1:colcon.colcon_core.package_identification:_identify(src/ros-bridge/carla_ackermann_control) by extension 'colcon_pkg'
[0.398s] Level 1:colcon.colcon_core.package_identification:_identify(src/ros-bridge/carla_ackermann_control) by extensions ['colcon_meta']
[0.398s] Level 1:colcon.colcon_core.package_identification:_identify(src/ros-bridge/carla_ackermann_control) by extension 'colcon_meta'
[0.398s] Level 1:colcon.colcon_core.package_identification:_identify(src/ros-bridge/carla_ackermann_control) by extensions ['ros']
[0.398s] Level 1:colcon.colcon_core.package_identification:_identify(src/ros-bridge/carla_ackermann_control) by extension 'ros'
[0.406s] DEBUG:colcon.colcon_core.package_identification:Package 'src/ros-bridge/carla_ackermann_control' with type 'ros.ament_python' and name 'carla_ackermann_control'
[0.406s] Level 1:colcon.colcon_core.package_identification:_identify(src/ros-bridge/carla_ackermann_msgs) by extensions ['ignore', 'ignore_ament_install']
[0.406s] Level 1:colcon.colcon_core.package_identification:_identify(src/ros-bridge/carla_ackermann_msgs) by extension 'ignore'
[0.407s] Level 1:colcon.colcon_core.package_identification:_identify(src/ros-bridge/carla_ackermann_msgs) by extension 'ignore_ament_install'
[0.407s] Level 1:colcon.colcon_core.package_identification:_identify(src/ros-bridge/carla_ackermann_msgs) by extensions ['colcon_pkg']
[0.407s] Level 1:colcon.colcon_core.package_identification:_identify(src/ros-bridge/carla_ackermann_msgs) by extension 'colcon_pkg'
[0.407s] Level 1:colcon.colcon_core.package_identification:_identify(src/ros-bridge/carla_ackermann_msgs) by extensions ['colcon_meta']
[0.407s] Level 1:colcon.colcon_core.package_identification:_identify(src/ros-bridge/carla_ackermann_msgs) by extension 'colcon_meta'
[0.407s] Level 1:colcon.colcon_core.package_identification:_identify(src/ros-bridge/carla_ackermann_msgs) by extensions ['ros']
[0.407s] Level 1:colcon.colcon_core.package_identification:_identify(src/ros-bridge/carla_ackermann_msgs) by extension 'ros'
[0.410s] DEBUG:colcon.colcon_core.package_identification:Package 'src/ros-bridge/carla_ackermann_msgs' with type 'ros.ament_cmake' and name 'carla_ackermann_msgs'
[0.410s] Level 1:colcon.colcon_core.package_identification:_identify(src/ros-bridge/carla_ad_agent) by extensions ['ignore', 'ignore_ament_install']
[0.410s] Level 1:colcon.colcon_core.package_identification:_identify(src/ros-bridge/carla_ad_agent) by extension 'ignore'
[0.411s] Level 1:colcon.colcon_core.package_identification:_identify(src/ros-bridge/carla_ad_agent) by extension 'ignore_ament_install'
[0.411s] Level 1:colcon.colcon_core.package_identification:_identify(src/ros-bridge/carla_ad_agent) by extensions ['colcon_pkg']
[0.411s] Level 1:colcon.colcon_core.package_identification:_identify(src/ros-bridge/carla_ad_agent) by extension 'colcon_pkg'
[0.411s] Level 1:colcon.colcon_core.package_identification:_identify(src/ros-bridge/carla_ad_agent) by extensions ['colcon_meta']
[0.411s] Level 1:colcon.colcon_core.package_identification:_identify(src/ros-bridge/carla_ad_agent) by extension 'colcon_meta'
[0.411s] Level 1:colcon.colcon_core.package_identification:_identify(src/ros-bridge/carla_ad_agent) by extensions ['ros']
[0.411s] Level 1:colcon.colcon_core.package_identification:_identify(src/ros-bridge/carla_ad_agent) by extension 'ros'
[0.414s] DEBUG:colcon.colcon_core.package_identification:Package 'src/ros-bridge/carla_ad_agent' with type 'ros.ament_python' and name 'carla_ad_agent'
[0.414s] Level 1:colcon.colcon_core.package_identification:_identify(src/ros-bridge/carla_ad_demo) by extensions ['ignore', 'ignore_ament_install']
[0.427s] Level 1:colcon.colcon_core.package_identification:_identify(src/ros-bridge/carla_ad_demo) by extension 'ignore'
[0.427s] Level 1:colcon.colcon_core.package_identification:_identify(src/ros-bridge/carla_ad_demo) by extension 'ignore_ament_install'
[0.427s] Level 1:colcon.colcon_core.package_identification:_identify(src/ros-bridge/carla_ad_demo) by extensions ['colcon_pkg']
[0.428s] Level 1:colcon.colcon_core.package_identification:_identify(src/ros-bridge/carla_ad_demo) by extension 'colcon_pkg'
[0.428s] Level 1:colcon.colcon_core.package_identification:_identify(src/ros-bridge/carla_ad_demo) by extensions ['colcon_meta']
[0.428s] Level 1:colcon.colcon_core.package_identification:_identify(src/ros-bridge/carla_ad_demo) by extension 'colcon_meta'
[0.428s] Level 1:colcon.colcon_core.package_identification:_identify(src/ros-bridge/carla_ad_demo) by extensions ['ros']
[0.428s] Level 1:colcon.colcon_core.package_identification:_identify(src/ros-bridge/carla_ad_demo) by extension 'ros'
[0.430s] DEBUG:colcon.colcon_core.package_identification:Package 'src/ros-bridge/carla_ad_demo' with type 'ros.ament_cmake' and name 'carla_ad_demo'
[0.431s] Level 1:colcon.colcon_core.package_identification:_identify(src/ros-bridge/carla_common) by extensions ['ignore', 'ignore_ament_install']
[0.431s] Level 1:colcon.colcon_core.package_identification:_identify(src/ros-bridge/carla_common) by extension 'ignore'
[0.431s] Level 1:colcon.colcon_core.package_identification:_identify(src/ros-bridge/carla_common) by extension 'ignore_ament_install'
[0.431s] Level 1:colcon.colcon_core.package_identification:_identify(src/ros-bridge/carla_common) by extensions ['colcon_pkg']
[0.431s] Level 1:colcon.colcon_core.package_identification:_identify(src/ros-bridge/carla_common) by extension 'colcon_pkg'
[0.431s] Level 1:colcon.colcon_core.package_identification:_identify(src/ros-bridge/carla_common) by extensions ['colcon_meta']
[0.431s] Level 1:colcon.colcon_core.package_identification:_identify(src/ros-bridge/carla_common) by extension 'colcon_meta'
[0.431s] Level 1:colcon.colcon_core.package_identification:_identify(src/ros-bridge/carla_common) by extensions ['ros']
[0.431s] Level 1:colcon.colcon_core.package_identification:_identify(src/ros-bridge/carla_common) by extension 'ros'
[0.433s] DEBUG:colcon.colcon_core.package_identification:Package 'src/ros-bridge/carla_common' with type 'ros.ament_python' and name 'carla_common'
[0.433s] Level 1:colcon.colcon_core.package_identification:_identify(src/ros-bridge/carla_manual_control) by extensions ['ignore', 'ignore_ament_install']
[0.433s] Level 1:colcon.colcon_core.package_identification:_identify(src/ros-bridge/carla_manual_control) by extension 'ignore'
[0.433s] Level 1:colcon.colcon_core.package_identification:_identify(src/ros-bridge/carla_manual_control) by extension 'ignore_ament_install'
[0.433s] Level 1:colcon.colcon_core.package_identification:_identify(src/ros-bridge/carla_manual_control) by extensions ['colcon_pkg']
[0.433s] Level 1:colcon.colcon_core.package_identification:_identify(src/ros-bridge/carla_manual_control) by extension 'colcon_pkg'
[0.433s] Level 1:colcon.colcon_core.package_identification:_identify(src/ros-bridge/carla_manual_control) by extensions ['colcon_meta']
[0.433s] Level 1:colcon.colcon_core.package_identification:_identify(src/ros-bridge/carla_manual_control) by extension 'colcon_meta'
[0.433s] Level 1:colcon.colcon_core.package_identification:_identify(src/ros-bridge/carla_manual_control) by extensions ['ros']
[0.433s] Level 1:colcon.colcon_core.package_identification:_identify(src/ros-bridge/carla_manual_control) by extension 'ros'
[0.436s] DEBUG:colcon.colcon_core.package_identification:Package 'src/ros-bridge/carla_manual_control' with type 'ros.ament_python' and name 'carla_manual_control'
[0.437s] Level 1:colcon.colcon_core.package_identification:_identify(src/ros-bridge/carla_msgs) by extensions ['ignore', 'ignore_ament_install']
[0.437s] Level 1:colcon.colcon_core.package_identification:_identify(src/ros-bridge/carla_msgs) by extension 'ignore'
[0.437s] Level 1:colcon.colcon_core.package_identification:_identify(src/ros-bridge/carla_msgs) by extension 'ignore_ament_install'
[0.437s] Level 1:colcon.colcon_core.package_identification:_identify(src/ros-bridge/carla_msgs) by extensions ['colcon_pkg']
[0.437s] Level 1:colcon.colcon_core.package_identification:_identify(src/ros-bridge/carla_msgs) by extension 'colcon_pkg'
[0.437s] Level 1:colcon.colcon_core.package_identification:_identify(src/ros-bridge/carla_msgs) by extensions ['colcon_meta']
[0.437s] Level 1:colcon.colcon_core.package_identification:_identify(src/ros-bridge/carla_msgs) by extension 'colcon_meta'
[0.437s] Level 1:colcon.colcon_core.package_identification:_identify(src/ros-bridge/carla_msgs) by extensions ['ros']
[0.437s] Level 1:colcon.colcon_core.package_identification:_identify(src/ros-bridge/carla_msgs) by extension 'ros'
[0.440s] DEBUG:colcon.colcon_core.package_identification:Package 'src/ros-bridge/carla_msgs' with type 'ros.ament_cmake' and name 'carla_msgs'
[0.441s] Level 1:colcon.colcon_core.package_identification:_identify(src/ros-bridge/carla_ros_bridge) by extensions ['ignore', 'ignore_ament_install']
[0.441s] Level 1:colcon.colcon_core.package_identification:_identify(src/ros-bridge/carla_ros_bridge) by extension 'ignore'
[0.441s] Level 1:colcon.colcon_core.package_identification:_identify(src/ros-bridge/carla_ros_bridge) by extension 'ignore_ament_install'
[0.441s] Level 1:colcon.colcon_core.package_identification:_identify(src/ros-bridge/carla_ros_bridge) by extensions ['colcon_pkg']
[0.441s] Level 1:colcon.colcon_core.package_identification:_identify(src/ros-bridge/carla_ros_bridge) by extension 'colcon_pkg'
[0.441s] Level 1:colcon.colcon_core.package_identification:_identify(src/ros-bridge/carla_ros_bridge) by extensions ['colcon_meta']
[0.441s] Level 1:colcon.colcon_core.package_identification:_identify(src/ros-bridge/carla_ros_bridge) by extension 'colcon_meta'
[0.441s] Level 1:colcon.colcon_core.package_identification:_identify(src/ros-bridge/carla_ros_bridge) by extensions ['ros']
[0.441s] Level 1:colcon.colcon_core.package_identification:_identify(src/ros-bridge/carla_ros_bridge) by extension 'ros'
[0.445s] DEBUG:colcon.colcon_core.package_identification:Package 'src/ros-bridge/carla_ros_bridge' with type 'ros.ament_python' and name 'carla_ros_bridge'
[0.445s] Level 1:colcon.colcon_core.package_identification:_identify(src/ros-bridge/carla_ros_scenario_runner) by extensions ['ignore', 'ignore_ament_install']
[0.445s] Level 1:colcon.colcon_core.package_identification:_identify(src/ros-bridge/carla_ros_scenario_runner) by extension 'ignore'
[0.445s] Level 1:colcon.colcon_core.package_identification:_identify(src/ros-bridge/carla_ros_scenario_runner) by extension 'ignore_ament_install'
[0.445s] Level 1:colcon.colcon_core.package_identification:_identify(src/ros-bridge/carla_ros_scenario_runner) by extensions ['colcon_pkg']
[0.446s] Level 1:colcon.colcon_core.package_identification:_identify(src/ros-bridge/carla_ros_scenario_runner) by extension 'colcon_pkg'
[0.446s] Level 1:colcon.colcon_core.package_identification:_identify(src/ros-bridge/carla_ros_scenario_runner) by extensions ['colcon_meta']
[0.446s] Level 1:colcon.colcon_core.package_identification:_identify(src/ros-bridge/carla_ros_scenario_runner) by extension 'colcon_meta'
[0.446s] Level 1:colcon.colcon_core.package_identification:_identify(src/ros-bridge/carla_ros_scenario_runner) by extensions ['ros']
[0.446s] Level 1:colcon.colcon_core.package_identification:_identify(src/ros-bridge/carla_ros_scenario_runner) by extension 'ros'
[0.449s] DEBUG:colcon.colcon_core.package_identification:Package 'src/ros-bridge/carla_ros_scenario_runner' with type 'ros.ament_python' and name 'carla_ros_scenario_runner'
[0.449s] Level 1:colcon.colcon_core.package_identification:_identify(src/ros-bridge/carla_ros_scenario_runner_types) by extensions ['ignore', 'ignore_ament_install']
[0.449s] Level 1:colcon.colcon_core.package_identification:_identify(src/ros-bridge/carla_ros_scenario_runner_types) by extension 'ignore'
[0.449s] Level 1:colcon.colcon_core.package_identification:_identify(src/ros-bridge/carla_ros_scenario_runner_types) by extension 'ignore_ament_install'
[0.449s] Level 1:colcon.colcon_core.package_identification:_identify(src/ros-bridge/carla_ros_scenario_runner_types) by extensions ['colcon_pkg']
[0.449s] Level 1:colcon.colcon_core.package_identification:_identify(src/ros-bridge/carla_ros_scenario_runner_types) by extension 'colcon_pkg'
[0.449s] Level 1:colcon.colcon_core.package_identification:_identify(src/ros-bridge/carla_ros_scenario_runner_types) by extensions ['colcon_meta']
[0.449s] Level 1:colcon.colcon_core.package_identification:_identify(src/ros-bridge/carla_ros_scenario_runner_types) by extension 'colcon_meta'
[0.449s] Level 1:colcon.colcon_core.package_identification:_identify(src/ros-bridge/carla_ros_scenario_runner_types) by extensions ['ros']
[0.449s] Level 1:colcon.colcon_core.package_identification:_identify(src/ros-bridge/carla_ros_scenario_runner_types) by extension 'ros'
[0.452s] DEBUG:colcon.colcon_core.package_identification:Package 'src/ros-bridge/carla_ros_scenario_runner_types' with type 'ros.ament_cmake' and name 'carla_ros_scenario_runner_types'
[0.452s] Level 1:colcon.colcon_core.package_identification:_identify(src/ros-bridge/carla_spawn_objects) by extensions ['ignore', 'ignore_ament_install']
[0.452s] Level 1:colcon.colcon_core.package_identification:_identify(src/ros-bridge/carla_spawn_objects) by extension 'ignore'
[0.452s] Level 1:colcon.colcon_core.package_identification:_identify(src/ros-bridge/carla_spawn_objects) by extension 'ignore_ament_install'
[0.452s] Level 1:colcon.colcon_core.package_identification:_identify(src/ros-bridge/carla_spawn_objects) by extensions ['colcon_pkg']
[0.452s] Level 1:colcon.colcon_core.package_identification:_identify(src/ros-bridge/carla_spawn_objects) by extension 'colcon_pkg'
[0.452s] Level 1:colcon.colcon_core.package_identification:_identify(src/ros-bridge/carla_spawn_objects) by extensions ['colcon_meta']
[0.452s] Level 1:colcon.colcon_core.package_identification:_identify(src/ros-bridge/carla_spawn_objects) by extension 'colcon_meta'
[0.452s] Level 1:colcon.colcon_core.package_identification:_identify(src/ros-bridge/carla_spawn_objects) by extensions ['ros']
[0.452s] Level 1:colcon.colcon_core.package_identification:_identify(src/ros-bridge/carla_spawn_objects) by extension 'ros'
[0.455s] DEBUG:colcon.colcon_core.package_identification:Package 'src/ros-bridge/carla_spawn_objects' with type 'ros.ament_python' and name 'carla_spawn_objects'
[0.455s] Level 1:colcon.colcon_core.package_identification:_identify(src/ros-bridge/carla_twist_to_control) by extensions ['ignore', 'ignore_ament_install']
[0.455s] Level 1:colcon.colcon_core.package_identification:_identify(src/ros-bridge/carla_twist_to_control) by extension 'ignore'
[0.455s] Level 1:colcon.colcon_core.package_identification:_identify(src/ros-bridge/carla_twist_to_control) by extension 'ignore_ament_install'
[0.455s] Level 1:colcon.colcon_core.package_identification:_identify(src/ros-bridge/carla_twist_to_control) by extensions ['colcon_pkg']
[0.455s] Level 1:colcon.colcon_core.package_identification:_identify(src/ros-bridge/carla_twist_to_control) by extension 'colcon_pkg'
[0.455s] Level 1:colcon.colcon_core.package_identification:_identify(src/ros-bridge/carla_twist_to_control) by extensions ['colcon_meta']
[0.456s] Level 1:colcon.colcon_core.package_identification:_identify(src/ros-bridge/carla_twist_to_control) by extension 'colcon_meta'
[0.456s] Level 1:colcon.colcon_core.package_identification:_identify(src/ros-bridge/carla_twist_to_control) by extensions ['ros']
[0.456s] Level 1:colcon.colcon_core.package_identification:_identify(src/ros-bridge/carla_twist_to_control) by extension 'ros'
[0.459s] DEBUG:colcon.colcon_core.package_identification:Package 'src/ros-bridge/carla_twist_to_control' with type 'ros.ament_python' and name 'carla_twist_to_control'
[0.459s] Level 1:colcon.colcon_core.package_identification:_identify(src/ros-bridge/carla_walker_agent) by extensions ['ignore', 'ignore_ament_install']
[0.459s] Level 1:colcon.colcon_core.package_identification:_identify(src/ros-bridge/carla_walker_agent) by extension 'ignore'
[0.459s] Level 1:colcon.colcon_core.package_identification:_identify(src/ros-bridge/carla_walker_agent) by extension 'ignore_ament_install'
[0.459s] Level 1:colcon.colcon_core.package_identification:_identify(src/ros-bridge/carla_walker_agent) by extensions ['colcon_pkg']
[0.459s] Level 1:colcon.colcon_core.package_identification:_identify(src/ros-bridge/carla_walker_agent) by extension 'colcon_pkg'
[0.459s] Level 1:colcon.colcon_core.package_identification:_identify(src/ros-bridge/carla_walker_agent) by extensions ['colcon_meta']
[0.459s] Level 1:colcon.colcon_core.package_identification:_identify(src/ros-bridge/carla_walker_agent) by extension 'colcon_meta'
[0.459s] Level 1:colcon.colcon_core.package_identification:_identify(src/ros-bridge/carla_walker_agent) by extensions ['ros']
[0.459s] Level 1:colcon.colcon_core.package_identification:_identify(src/ros-bridge/carla_walker_agent) by extension 'ros'
[0.462s] DEBUG:colcon.colcon_core.package_identification:Package 'src/ros-bridge/carla_walker_agent' with type 'ros.ament_python' and name 'carla_walker_agent'
[0.462s] Level 1:colcon.colcon_core.package_identification:_identify(src/ros-bridge/carla_waypoint_publisher) by extensions ['ignore', 'ignore_ament_install']
[0.462s] Level 1:colcon.colcon_core.package_identification:_identify(src/ros-bridge/carla_waypoint_publisher) by extension 'ignore'
[0.462s] Level 1:colcon.colcon_core.package_identification:_identify(src/ros-bridge/carla_waypoint_publisher) by extension 'ignore_ament_install'
[0.462s] Level 1:colcon.colcon_core.package_identification:_identify(src/ros-bridge/carla_waypoint_publisher) by extensions ['colcon_pkg']
[0.462s] Level 1:colcon.colcon_core.package_identification:_identify(src/ros-bridge/carla_waypoint_publisher) by extension 'colcon_pkg'
[0.462s] Level 1:colcon.colcon_core.package_identification:_identify(src/ros-bridge/carla_waypoint_publisher) by extensions ['colcon_meta']
[0.463s] Level 1:colcon.colcon_core.package_identification:_identify(src/ros-bridge/carla_waypoint_publisher) by extension 'colcon_meta'
[0.463s] Level 1:colcon.colcon_core.package_identification:_identify(src/ros-bridge/carla_waypoint_publisher) by extensions ['ros']
[0.463s] Level 1:colcon.colcon_core.package_identification:_identify(src/ros-bridge/carla_waypoint_publisher) by extension 'ros'
[0.465s] DEBUG:colcon.colcon_core.package_identification:Package 'src/ros-bridge/carla_waypoint_publisher' with type 'ros.ament_python' and name 'carla_waypoint_publisher'
[0.465s] Level 1:colcon.colcon_core.package_identification:_identify(src/ros-bridge/carla_waypoint_types) by extensions ['ignore', 'ignore_ament_install']
[0.465s] Level 1:colcon.colcon_core.package_identification:_identify(src/ros-bridge/carla_waypoint_types) by extension 'ignore'
[0.465s] Level 1:colcon.colcon_core.package_identification:_identify(src/ros-bridge/carla_waypoint_types) by extension 'ignore_ament_install'
[0.466s] Level 1:colcon.colcon_core.package_identification:_identify(src/ros-bridge/carla_waypoint_types) by extensions ['colcon_pkg']
[0.466s] Level 1:colcon.colcon_core.package_identification:_identify(src/ros-bridge/carla_waypoint_types) by extension 'colcon_pkg'
[0.466s] Level 1:colcon.colcon_core.package_identification:_identify(src/ros-bridge/carla_waypoint_types) by extensions ['colcon_meta']
[0.466s] Level 1:colcon.colcon_core.package_identification:_identify(src/ros-bridge/carla_waypoint_types) by extension 'colcon_meta'
[0.466s] Level 1:colcon.colcon_core.package_identification:_identify(src/ros-bridge/carla_waypoint_types) by extensions ['ros']
[0.466s] Level 1:colcon.colcon_core.package_identification:_identify(src/ros-bridge/carla_waypoint_types) by extension 'ros'
[0.468s] DEBUG:colcon.colcon_core.package_identification:Package 'src/ros-bridge/carla_waypoint_types' with type 'ros.ament_cmake' and name 'carla_waypoint_types'
[0.469s] Level 1:colcon.colcon_core.package_identification:_identify(src/ros-bridge/docker) by extensions ['ignore', 'ignore_ament_install']
[0.469s] Level 1:colcon.colcon_core.package_identification:_identify(src/ros-bridge/docker) by extension 'ignore'
[0.469s] Level 1:colcon.colcon_core.package_identification:_identify(src/ros-bridge/docker) by extension 'ignore_ament_install'
[0.469s] Level 1:colcon.colcon_core.package_identification:_identify(src/ros-bridge/docker) by extensions ['colcon_pkg']
[0.469s] Level 1:colcon.colcon_core.package_identification:_identify(src/ros-bridge/docker) by extension 'colcon_pkg'
[0.469s] Level 1:colcon.colcon_core.package_identification:_identify(src/ros-bridge/docker) by extensions ['colcon_meta']
[0.469s] Level 1:colcon.colcon_core.package_identification:_identify(src/ros-bridge/docker) by extension 'colcon_meta'
[0.469s] Level 1:colcon.colcon_core.package_identification:_identify(src/ros-bridge/docker) by extensions ['ros']
[0.469s] Level 1:colcon.colcon_core.package_identification:_identify(src/ros-bridge/docker) by extension 'ros'
[0.469s] Level 1:colcon.colcon_core.package_identification:_identify(src/ros-bridge/docker) by extensions ['cmake', 'python']
[0.469s] Level 1:colcon.colcon_core.package_identification:_identify(src/ros-bridge/docker) by extension 'cmake'
[0.469s] Level 1:colcon.colcon_core.package_identification:_identify(src/ros-bridge/docker) by extension 'python'
[0.469s] Level 1:colcon.colcon_core.package_identification:_identify(src/ros-bridge/docker) by extensions ['python_setup_py']
[0.469s] Level 1:colcon.colcon_core.package_identification:_identify(src/ros-bridge/docker) by extension 'python_setup_py'
[0.469s] Level 1:colcon.colcon_core.package_identification:_identify(src/ros-bridge/docker/content) by extensions ['ignore', 'ignore_ament_install']
[0.469s] Level 1:colcon.colcon_core.package_identification:_identify(src/ros-bridge/docker/content) by extension 'ignore'
[0.470s] Level 1:colcon.colcon_core.package_identification:_identify(src/ros-bridge/docker/content) by extension 'ignore_ament_install'
[0.470s] Level 1:colcon.colcon_core.package_identification:_identify(src/ros-bridge/docker/content) by extensions ['colcon_pkg']
[0.470s] Level 1:colcon.colcon_core.package_identification:_identify(src/ros-bridge/docker/content) by extension 'colcon_pkg'
[0.470s] Level 1:colcon.colcon_core.package_identification:_identify(src/ros-bridge/docker/content) by extensions ['colcon_meta']
[0.470s] Level 1:colcon.colcon_core.package_identification:_identify(src/ros-bridge/docker/content) by extension 'colcon_meta'
[0.470s] Level 1:colcon.colcon_core.package_identification:_identify(src/ros-bridge/docker/content) by extensions ['ros']
[0.470s] Level 1:colcon.colcon_core.package_identification:_identify(src/ros-bridge/docker/content) by extension 'ros'
[0.470s] Level 1:colcon.colcon_core.package_identification:_identify(src/ros-bridge/docker/content) by extensions ['cmake', 'python']
[0.470s] Level 1:colcon.colcon_core.package_identification:_identify(src/ros-bridge/docker/content) by extension 'cmake'
[0.470s] Level 1:colcon.colcon_core.package_identification:_identify(src/ros-bridge/docker/content) by extension 'python'
[0.470s] Level 1:colcon.colcon_core.package_identification:_identify(src/ros-bridge/docker/content) by extensions ['python_setup_py']
[0.470s] Level 1:colcon.colcon_core.package_identification:_identify(src/ros-bridge/docker/content) by extension 'python_setup_py'
[0.470s] Level 1:colcon.colcon_core.package_identification:_identify(src/ros-bridge/docs) by extensions ['ignore', 'ignore_ament_install']
[0.470s] Level 1:colcon.colcon_core.package_identification:_identify(src/ros-bridge/docs) by extension 'ignore'
[0.470s] Level 1:colcon.colcon_core.package_identification:_identify(src/ros-bridge/docs) by extension 'ignore_ament_install'
[0.470s] Level 1:colcon.colcon_core.package_identification:_identify(src/ros-bridge/docs) by extensions ['colcon_pkg']
[0.470s] Level 1:colcon.colcon_core.package_identification:_identify(src/ros-bridge/docs) by extension 'colcon_pkg'
[0.470s] Level 1:colcon.colcon_core.package_identification:_identify(src/ros-bridge/docs) by extensions ['colcon_meta']
[0.470s] Level 1:colcon.colcon_core.package_identification:_identify(src/ros-bridge/docs) by extension 'colcon_meta'
[0.470s] Level 1:colcon.colcon_core.package_identification:_identify(src/ros-bridge/docs) by extensions ['ros']
[0.471s] Level 1:colcon.colcon_core.package_identification:_identify(src/ros-bridge/docs) by extension 'ros'
[0.471s] Level 1:colcon.colcon_core.package_identification:_identify(src/ros-bridge/docs) by extensions ['cmake', 'python']
[0.471s] Level 1:colcon.colcon_core.package_identification:_identify(src/ros-bridge/docs) by extension 'cmake'
[0.471s] Level 1:colcon.colcon_core.package_identification:_identify(src/ros-bridge/docs) by extension 'python'
[0.471s] Level 1:colcon.colcon_core.package_identification:_identify(src/ros-bridge/docs) by extensions ['python_setup_py']
[0.471s] Level 1:colcon.colcon_core.package_identification:_identify(src/ros-bridge/docs) by extension 'python_setup_py'
[0.471s] Level 1:colcon.colcon_core.package_identification:_identify(src/ros-bridge/docs/images) by extensions ['ignore', 'ignore_ament_install']
[0.471s] Level 1:colcon.colcon_core.package_identification:_identify(src/ros-bridge/docs/images) by extension 'ignore'
[0.471s] Level 1:colcon.colcon_core.package_identification:_identify(src/ros-bridge/docs/images) by extension 'ignore_ament_install'
[0.471s] Level 1:colcon.colcon_core.package_identification:_identify(src/ros-bridge/docs/images) by extensions ['colcon_pkg']
[0.471s] Level 1:colcon.colcon_core.package_identification:_identify(src/ros-bridge/docs/images) by extension 'colcon_pkg'
[0.471s] Level 1:colcon.colcon_core.package_identification:_identify(src/ros-bridge/docs/images) by extensions ['colcon_meta']
[0.471s] Level 1:colcon.colcon_core.package_identification:_identify(src/ros-bridge/docs/images) by extension 'colcon_meta'
[0.471s] Level 1:colcon.colcon_core.package_identification:_identify(src/ros-bridge/docs/images) by extensions ['ros']
[0.471s] Level 1:colcon.colcon_core.package_identification:_identify(src/ros-bridge/docs/images) by extension 'ros'
[0.471s] Level 1:colcon.colcon_core.package_identification:_identify(src/ros-bridge/docs/images) by extensions ['cmake', 'python']
[0.471s] Level 1:colcon.colcon_core.package_identification:_identify(src/ros-bridge/docs/images) by extension 'cmake'
[0.471s] Level 1:colcon.colcon_core.package_identification:_identify(src/ros-bridge/docs/images) by extension 'python'
[0.471s] Level 1:colcon.colcon_core.package_identification:_identify(src/ros-bridge/docs/images) by extensions ['python_setup_py']
[0.471s] Level 1:colcon.colcon_core.package_identification:_identify(src/ros-bridge/docs/images) by extension 'python_setup_py'
[0.472s] Level 1:colcon.colcon_core.package_identification:_identify(src/ros-bridge/packaging) by extensions ['ignore', 'ignore_ament_install']
[0.472s] Level 1:colcon.colcon_core.package_identification:_identify(src/ros-bridge/packaging) by extension 'ignore'
[0.472s] Level 1:colcon.colcon_core.package_identification:_identify(src/ros-bridge/packaging) by extension 'ignore_ament_install'
[0.472s] Level 1:colcon.colcon_core.package_identification:_identify(src/ros-bridge/packaging) by extensions ['colcon_pkg']
[0.472s] Level 1:colcon.colcon_core.package_identification:_identify(src/ros-bridge/packaging) by extension 'colcon_pkg'
[0.472s] Level 1:colcon.colcon_core.package_identification:_identify(src/ros-bridge/packaging) by extensions ['colcon_meta']
[0.472s] Level 1:colcon.colcon_core.package_identification:_identify(src/ros-bridge/packaging) by extension 'colcon_meta'
[0.472s] Level 1:colcon.colcon_core.package_identification:_identify(src/ros-bridge/packaging) by extensions ['ros']
[0.472s] Level 1:colcon.colcon_core.package_identification:_identify(src/ros-bridge/packaging) by extension 'ros'
[0.472s] Level 1:colcon.colcon_core.package_identification:_identify(src/ros-bridge/packaging) by extensions ['cmake', 'python']
[0.472s] Level 1:colcon.colcon_core.package_identification:_identify(src/ros-bridge/packaging) by extension 'cmake'
[0.472s] Level 1:colcon.colcon_core.package_identification:_identify(src/ros-bridge/packaging) by extension 'python'
[0.472s] Level 1:colcon.colcon_core.package_identification:_identify(src/ros-bridge/packaging) by extensions ['python_setup_py']
[0.472s] Level 1:colcon.colcon_core.package_identification:_identify(src/ros-bridge/packaging) by extension 'python_setup_py'
[0.472s] Level 1:colcon.colcon_core.package_identification:_identify(src/ros-bridge/packaging/debian) by extensions ['ignore', 'ignore_ament_install']
[0.473s] Level 1:colcon.colcon_core.package_identification:_identify(src/ros-bridge/packaging/debian) by extension 'ignore'
[0.473s] Level 1:colcon.colcon_core.package_identification:_identify(src/ros-bridge/packaging/debian) by extension 'ignore_ament_install'
[0.473s] Level 1:colcon.colcon_core.package_identification:_identify(src/ros-bridge/packaging/debian) by extensions ['colcon_pkg']
[0.473s] Level 1:colcon.colcon_core.package_identification:_identify(src/ros-bridge/packaging/debian) by extension 'colcon_pkg'
[0.473s] Level 1:colcon.colcon_core.package_identification:_identify(src/ros-bridge/packaging/debian) by extensions ['colcon_meta']
[0.473s] Level 1:colcon.colcon_core.package_identification:_identify(src/ros-bridge/packaging/debian) by extension 'colcon_meta'
[0.473s] Level 1:colcon.colcon_core.package_identification:_identify(src/ros-bridge/packaging/debian) by extensions ['ros']
[0.473s] Level 1:colcon.colcon_core.package_identification:_identify(src/ros-bridge/packaging/debian) by extension 'ros'
[0.473s] Level 1:colcon.colcon_core.package_identification:_identify(src/ros-bridge/packaging/debian) by extensions ['cmake', 'python']
[0.473s] Level 1:colcon.colcon_core.package_identification:_identify(src/ros-bridge/packaging/debian) by extension 'cmake'
[0.473s] Level 1:colcon.colcon_core.package_identification:_identify(src/ros-bridge/packaging/debian) by extension 'python'
[0.473s] Level 1:colcon.colcon_core.package_identification:_identify(src/ros-bridge/packaging/debian) by extensions ['python_setup_py']
[0.473s] Level 1:colcon.colcon_core.package_identification:_identify(src/ros-bridge/packaging/debian) by extension 'python_setup_py'
[0.473s] Level 1:colcon.colcon_core.package_identification:_identify(src/ros-bridge/packaging/debian/source) by extensions ['ignore', 'ignore_ament_install']
[0.473s] Level 1:colcon.colcon_core.package_identification:_identify(src/ros-bridge/packaging/debian/source) by extension 'ignore'
[0.473s] Level 1:colcon.colcon_core.package_identification:_identify(src/ros-bridge/packaging/debian/source) by extension 'ignore_ament_install'
[0.473s] Level 1:colcon.colcon_core.package_identification:_identify(src/ros-bridge/packaging/debian/source) by extensions ['colcon_pkg']
[0.473s] Level 1:colcon.colcon_core.package_identification:_identify(src/ros-bridge/packaging/debian/source) by extension 'colcon_pkg'
[0.473s] Level 1:colcon.colcon_core.package_identification:_identify(src/ros-bridge/packaging/debian/source) by extensions ['colcon_meta']
[0.473s] Level 1:colcon.colcon_core.package_identification:_identify(src/ros-bridge/packaging/debian/source) by extension 'colcon_meta'
[0.473s] Level 1:colcon.colcon_core.package_identification:_identify(src/ros-bridge/packaging/debian/source) by extensions ['ros']
[0.473s] Level 1:colcon.colcon_core.package_identification:_identify(src/ros-bridge/packaging/debian/source) by extension 'ros'
[0.473s] Level 1:colcon.colcon_core.package_identification:_identify(src/ros-bridge/packaging/debian/source) by extensions ['cmake', 'python']
[0.473s] Level 1:colcon.colcon_core.package_identification:_identify(src/ros-bridge/packaging/debian/source) by extension 'cmake'
[0.474s] Level 1:colcon.colcon_core.package_identification:_identify(src/ros-bridge/packaging/debian/source) by extension 'python'
[0.474s] Level 1:colcon.colcon_core.package_identification:_identify(src/ros-bridge/packaging/debian/source) by extensions ['python_setup_py']
[0.474s] Level 1:colcon.colcon_core.package_identification:_identify(src/ros-bridge/packaging/debian/source) by extension 'python_setup_py'
[0.474s] Level 1:colcon.colcon_core.package_identification:_identify(src/ros-bridge/pcl_recorder) by extensions ['ignore', 'ignore_ament_install']
[0.474s] Level 1:colcon.colcon_core.package_identification:_identify(src/ros-bridge/pcl_recorder) by extension 'ignore'
[0.474s] Level 1:colcon.colcon_core.package_identification:_identify(src/ros-bridge/pcl_recorder) by extension 'ignore_ament_install'
[0.474s] Level 1:colcon.colcon_core.package_identification:_identify(src/ros-bridge/pcl_recorder) by extensions ['colcon_pkg']
[0.474s] Level 1:colcon.colcon_core.package_identification:_identify(src/ros-bridge/pcl_recorder) by extension 'colcon_pkg'
[0.474s] Level 1:colcon.colcon_core.package_identification:_identify(src/ros-bridge/pcl_recorder) by extensions ['colcon_meta']
[0.474s] Level 1:colcon.colcon_core.package_identification:_identify(src/ros-bridge/pcl_recorder) by extension 'colcon_meta'
[0.474s] Level 1:colcon.colcon_core.package_identification:_identify(src/ros-bridge/pcl_recorder) by extensions ['ros']
[0.474s] Level 1:colcon.colcon_core.package_identification:_identify(src/ros-bridge/pcl_recorder) by extension 'ros'
[0.478s] DEBUG:colcon.colcon_core.package_identification:Package 'src/ros-bridge/pcl_recorder' with type 'ros.ament_cmake' and name 'pcl_recorder'
[0.478s] Level 1:colcon.colcon_core.package_identification:_identify(src/ros-bridge/ros_compatibility) by extensions ['ignore', 'ignore_ament_install']
[0.478s] Level 1:colcon.colcon_core.package_identification:_identify(src/ros-bridge/ros_compatibility) by extension 'ignore'
[0.478s] Level 1:colcon.colcon_core.package_identification:_identify(src/ros-bridge/ros_compatibility) by extension 'ignore_ament_install'
[0.478s] Level 1:colcon.colcon_core.package_identification:_identify(src/ros-bridge/ros_compatibility) by extensions ['colcon_pkg']
[0.478s] Level 1:colcon.colcon_core.package_identification:_identify(src/ros-bridge/ros_compatibility) by extension 'colcon_pkg'
[0.478s] Level 1:colcon.colcon_core.package_identification:_identify(src/ros-bridge/ros_compatibility) by extensions ['colcon_meta']
[0.478s] Level 1:colcon.colcon_core.package_identification:_identify(src/ros-bridge/ros_compatibility) by extension 'colcon_meta'
[0.479s] Level 1:colcon.colcon_core.package_identification:_identify(src/ros-bridge/ros_compatibility) by extensions ['ros']
[0.479s] Level 1:colcon.colcon_core.package_identification:_identify(src/ros-bridge/ros_compatibility) by extension 'ros'
[0.482s] DEBUG:colcon.colcon_core.package_identification:Package 'src/ros-bridge/ros_compatibility' with type 'ros.ament_python' and name 'ros_compatibility'
[0.483s] Level 1:colcon.colcon_core.package_identification:_identify(src/ros-bridge/rqt_carla_control) by extensions ['ignore', 'ignore_ament_install']
[0.483s] Level 1:colcon.colcon_core.package_identification:_identify(src/ros-bridge/rqt_carla_control) by extension 'ignore'
[0.483s] Level 1:colcon.colcon_core.package_identification:_identify(src/ros-bridge/rqt_carla_control) by extension 'ignore_ament_install'
[0.483s] Level 1:colcon.colcon_core.package_identification:_identify(src/ros-bridge/rqt_carla_control) by extensions ['colcon_pkg']
[0.483s] Level 1:colcon.colcon_core.package_identification:_identify(src/ros-bridge/rqt_carla_control) by extension 'colcon_pkg'
[0.483s] Level 1:colcon.colcon_core.package_identification:_identify(src/ros-bridge/rqt_carla_control) by extensions ['colcon_meta']
[0.483s] Level 1:colcon.colcon_core.package_identification:_identify(src/ros-bridge/rqt_carla_control) by extension 'colcon_meta'
[0.483s] Level 1:colcon.colcon_core.package_identification:_identify(src/ros-bridge/rqt_carla_control) by extensions ['ros']
[0.483s] Level 1:colcon.colcon_core.package_identification:_identify(src/ros-bridge/rqt_carla_control) by extension 'ros'
[0.485s] DEBUG:colcon.colcon_core.package_identification:Package 'src/ros-bridge/rqt_carla_control' with type 'ros.ament_python' and name 'rqt_carla_control'
[0.485s] Level 1:colcon.colcon_core.package_identification:_identify(src/ros-bridge/rviz_carla_plugin) by extensions ['ignore', 'ignore_ament_install']
[0.485s] Level 1:colcon.colcon_core.package_identification:_identify(src/ros-bridge/rviz_carla_plugin) by extension 'ignore'
[0.485s] Level 1:colcon.colcon_core.package_identification:_identify(src/ros-bridge/rviz_carla_plugin) by extension 'ignore_ament_install'
[0.485s] Level 1:colcon.colcon_core.package_identification:_identify(src/ros-bridge/rviz_carla_plugin) by extensions ['colcon_pkg']
[0.485s] Level 1:colcon.colcon_core.package_identification:_identify(src/ros-bridge/rviz_carla_plugin) by extension 'colcon_pkg'
[0.485s] Level 1:colcon.colcon_core.package_identification:_identify(src/ros-bridge/rviz_carla_plugin) by extensions ['colcon_meta']
[0.485s] Level 1:colcon.colcon_core.package_identification:_identify(src/ros-bridge/rviz_carla_plugin) by extension 'colcon_meta'
[0.485s] Level 1:colcon.colcon_core.package_identification:_identify(src/ros-bridge/rviz_carla_plugin) by extensions ['ros']
[0.485s] Level 1:colcon.colcon_core.package_identification:_identify(src/ros-bridge/rviz_carla_plugin) by extension 'ros'
[0.489s] DEBUG:colcon.colcon_core.package_identification:Package 'src/ros-bridge/rviz_carla_plugin' with type 'ros.ament_cmake' and name 'rviz_carla_plugin'
[0.489s] Level 1:colcon.colcon_core.package_discovery:discover_packages(recursive) using defaults
[0.489s] Level 1:colcon.colcon_core.package_discovery:discover_packages(ignore) discover
[0.489s] Level 1:colcon.colcon_core.package_discovery:discover_packages(ignore) using defaults
[0.489s] Level 1:colcon.colcon_core.package_discovery:discover_packages(path) discover
[0.489s] Level 1:colcon.colcon_core.package_discovery:discover_packages(path) using defaults
[0.521s] Level 1:colcon.colcon_core.package_discovery:discover_packages(prefix_path) check parameters
[0.521s] Level 1:colcon.colcon_core.package_discovery:discover_packages(prefix_path) discover
[0.525s] DEBUG:colcon.colcon_installed_package_information.package_discovery:Found 274 installed packages in /opt/ros/humble
[0.526s] Level 1:colcon.colcon_core.package_discovery:discover_packages(prefix_path) using defaults
[0.561s] Level 5:colcon.colcon_core.verb:set package 'carla_common' build argument 'cmake_args' from command line to 'None'
[0.561s] Level 5:colcon.colcon_core.verb:set package 'carla_common' build argument 'cmake_target' from command line to 'None'
[0.561s] Level 5:colcon.colcon_core.verb:set package 'carla_common' build argument 'cmake_target_skip_unavailable' from command line to 'False'
[0.562s] Level 5:colcon.colcon_core.verb:set package 'carla_common' build argument 'cmake_clean_cache' from command line to 'False'
[0.562s] Level 5:colcon.colcon_core.verb:set package 'carla_common' build argument 'cmake_clean_first' from command line to 'False'
[0.562s] Level 5:colcon.colcon_core.verb:set package 'carla_common' build argument 'cmake_force_configure' from command line to 'False'
[0.562s] Level 5:colcon.colcon_core.verb:set package 'carla_common' build argument 'ament_cmake_args' from command line to 'None'
[0.562s] Level 5:colcon.colcon_core.verb:set package 'carla_common' build argument 'catkin_cmake_args' from command line to 'None'
[0.562s] Level 5:colcon.colcon_core.verb:set package 'carla_common' build argument 'catkin_skip_building_tests' from command line to 'False'
[0.562s] DEBUG:colcon.colcon_core.verb:Building package 'carla_common' with the following arguments: {'ament_cmake_args': None, 'build_base': '/home/nisanth/carla_ros_ws/build/carla_common', 'catkin_cmake_args': None, 'catkin_skip_building_tests': False, 'cmake_args': None, 'cmake_clean_cache': False, 'cmake_clean_first': False, 'cmake_force_configure': False, 'cmake_target': None, 'cmake_target_skip_unavailable': False, 'install_base': '/home/nisanth/carla_ros_ws/install/carla_common', 'merge_install': False, 'path': '/home/nisanth/carla_ros_ws/src/ros-bridge/carla_common', 'symlink_install': True, 'test_result_base': None}
[0.562s] Level 5:colcon.colcon_core.verb:set package 'carla_msgs' build argument 'cmake_args' from command line to 'None'
[0.562s] Level 5:colcon.colcon_core.verb:set package 'carla_msgs' build argument 'cmake_target' from command line to 'None'
[0.562s] Level 5:colcon.colcon_core.verb:set package 'carla_msgs' build argument 'cmake_target_skip_unavailable' from command line to 'False'
[0.562s] Level 5:colcon.colcon_core.verb:set package 'carla_msgs' build argument 'cmake_clean_cache' from command line to 'False'
[0.562s] Level 5:colcon.colcon_core.verb:set package 'carla_msgs' build argument 'cmake_clean_first' from command line to 'False'
[0.562s] Level 5:colcon.colcon_core.verb:set package 'carla_msgs' build argument 'cmake_force_configure' from command line to 'False'
[0.562s] Level 5:colcon.colcon_core.verb:set package 'carla_msgs' build argument 'ament_cmake_args' from command line to 'None'
[0.562s] Level 5:colcon.colcon_core.verb:set package 'carla_msgs' build argument 'catkin_cmake_args' from command line to 'None'
[0.562s] Level 5:colcon.colcon_core.verb:set package 'carla_msgs' build argument 'catkin_skip_building_tests' from command line to 'False'
[0.562s] DEBUG:colcon.colcon_core.verb:Building package 'carla_msgs' with the following arguments: {'ament_cmake_args': None, 'build_base': '/home/nisanth/carla_ros_ws/build/carla_msgs', 'catkin_cmake_args': None, 'catkin_skip_building_tests': False, 'cmake_args': None, 'cmake_clean_cache': False, 'cmake_clean_first': False, 'cmake_force_configure': False, 'cmake_target': None, 'cmake_target_skip_unavailable': False, 'install_base': '/home/nisanth/carla_ros_ws/install/carla_msgs', 'merge_install': False, 'path': '/home/nisanth/carla_ros_ws/src/ros-bridge/carla_msgs', 'symlink_install': True, 'test_result_base': None}
[0.563s] Level 5:colcon.colcon_core.verb:set package 'carla_ros_scenario_runner_types' build argument 'cmake_args' from command line to 'None'
[0.563s] Level 5:colcon.colcon_core.verb:set package 'carla_ros_scenario_runner_types' build argument 'cmake_target' from command line to 'None'
[0.563s] Level 5:colcon.colcon_core.verb:set package 'carla_ros_scenario_runner_types' build argument 'cmake_target_skip_unavailable' from command line to 'False'
[0.563s] Level 5:colcon.colcon_core.verb:set package 'carla_ros_scenario_runner_types' build argument 'cmake_clean_cache' from command line to 'False'
[0.563s] Level 5:colcon.colcon_core.verb:set package 'carla_ros_scenario_runner_types' build argument 'cmake_clean_first' from command line to 'False'
[0.563s] Level 5:colcon.colcon_core.verb:set package 'carla_ros_scenario_runner_types' build argument 'cmake_force_configure' from command line to 'False'
[0.563s] Level 5:colcon.colcon_core.verb:set package 'carla_ros_scenario_runner_types' build argument 'ament_cmake_args' from command line to 'None'
[0.563s] Level 5:colcon.colcon_core.verb:set package 'carla_ros_scenario_runner_types' build argument 'catkin_cmake_args' from command line to 'None'
[0.563s] Level 5:colcon.colcon_core.verb:set package 'carla_ros_scenario_runner_types' build argument 'catkin_skip_building_tests' from command line to 'False'
[0.563s] DEBUG:colcon.colcon_core.verb:Building package 'carla_ros_scenario_runner_types' with the following arguments: {'ament_cmake_args': None, 'build_base': '/home/nisanth/carla_ros_ws/build/carla_ros_scenario_runner_types', 'catkin_cmake_args': None, 'catkin_skip_building_tests': False, 'cmake_args': None, 'cmake_clean_cache': False, 'cmake_clean_first': False, 'cmake_force_configure': False, 'cmake_target': None, 'cmake_target_skip_unavailable': False, 'install_base': '/home/nisanth/carla_ros_ws/install/carla_ros_scenario_runner_types', 'merge_install': False, 'path': '/home/nisanth/carla_ros_ws/src/ros-bridge/carla_ros_scenario_runner_types', 'symlink_install': True, 'test_result_base': None}
[0.563s] Level 5:colcon.colcon_core.verb:set package 'carla_twist_to_control' build argument 'cmake_args' from command line to 'None'
[0.563s] Level 5:colcon.colcon_core.verb:set package 'carla_twist_to_control' build argument 'cmake_target' from command line to 'None'
[0.563s] Level 5:colcon.colcon_core.verb:set package 'carla_twist_to_control' build argument 'cmake_target_skip_unavailable' from command line to 'False'
[0.563s] Level 5:colcon.colcon_core.verb:set package 'carla_twist_to_control' build argument 'cmake_clean_cache' from command line to 'False'
[0.563s] Level 5:colcon.colcon_core.verb:set package 'carla_twist_to_control' build argument 'cmake_clean_first' from command line to 'False'
[0.563s] Level 5:colcon.colcon_core.verb:set package 'carla_twist_to_control' build argument 'cmake_force_configure' from command line to 'False'
[0.563s] Level 5:colcon.colcon_core.verb:set package 'carla_twist_to_control' build argument 'ament_cmake_args' from command line to 'None'
[0.563s] Level 5:colcon.colcon_core.verb:set package 'carla_twist_to_control' build argument 'catkin_cmake_args' from command line to 'None'
[0.563s] Level 5:colcon.colcon_core.verb:set package 'carla_twist_to_control' build argument 'catkin_skip_building_tests' from command line to 'False'
[0.563s] DEBUG:colcon.colcon_core.verb:Building package 'carla_twist_to_control' with the following arguments: {'ament_cmake_args': None, 'build_base': '/home/nisanth/carla_ros_ws/build/carla_twist_to_control', 'catkin_cmake_args': None, 'catkin_skip_building_tests': False, 'cmake_args': None, 'cmake_clean_cache': False, 'cmake_clean_first': False, 'cmake_force_configure': False, 'cmake_target': None, 'cmake_target_skip_unavailable': False, 'install_base': '/home/nisanth/carla_ros_ws/install/carla_twist_to_control', 'merge_install': False, 'path': '/home/nisanth/carla_ros_ws/src/ros-bridge/carla_twist_to_control', 'symlink_install': True, 'test_result_base': None}
[0.564s] Level 5:colcon.colcon_core.verb:set package 'carla_waypoint_types' build argument 'cmake_args' from command line to 'None'
[0.564s] Level 5:colcon.colcon_core.verb:set package 'carla_waypoint_types' build argument 'cmake_target' from command line to 'None'
[0.564s] Level 5:colcon.colcon_core.verb:set package 'carla_waypoint_types' build argument 'cmake_target_skip_unavailable' from command line to 'False'
[0.564s] Level 5:colcon.colcon_core.verb:set package 'carla_waypoint_types' build argument 'cmake_clean_cache' from command line to 'False'
[0.564s] Level 5:colcon.colcon_core.verb:set package 'carla_waypoint_types' build argument 'cmake_clean_first' from command line to 'False'
[0.564s] Level 5:colcon.colcon_core.verb:set package 'carla_waypoint_types' build argument 'cmake_force_configure' from command line to 'False'
[0.564s] Level 5:colcon.colcon_core.verb:set package 'carla_waypoint_types' build argument 'ament_cmake_args' from command line to 'None'
[0.564s] Level 5:colcon.colcon_core.verb:set package 'carla_waypoint_types' build argument 'catkin_cmake_args' from command line to 'None'
[0.564s] Level 5:colcon.colcon_core.verb:set package 'carla_waypoint_types' build argument 'catkin_skip_building_tests' from command line to 'False'
[0.564s] DEBUG:colcon.colcon_core.verb:Building package 'carla_waypoint_types' with the following arguments: {'ament_cmake_args': None, 'build_base': '/home/nisanth/carla_ros_ws/build/carla_waypoint_types', 'catkin_cmake_args': None, 'catkin_skip_building_tests': False, 'cmake_args': None, 'cmake_clean_cache': False, 'cmake_clean_first': False, 'cmake_force_configure': False, 'cmake_target': None, 'cmake_target_skip_unavailable': False, 'install_base': '/home/nisanth/carla_ros_ws/install/carla_waypoint_types', 'merge_install': False, 'path': '/home/nisanth/carla_ros_ws/src/ros-bridge/carla_waypoint_types', 'symlink_install': True, 'test_result_base': None}
[0.564s] Level 5:colcon.colcon_core.verb:set package 'ros_compatibility' build argument 'cmake_args' from command line to 'None'
[0.564s] Level 5:colcon.colcon_core.verb:set package 'ros_compatibility' build argument 'cmake_target' from command line to 'None'
[0.564s] Level 5:colcon.colcon_core.verb:set package 'ros_compatibility' build argument 'cmake_target_skip_unavailable' from command line to 'False'
[0.564s] Level 5:colcon.colcon_core.verb:set package 'ros_compatibility' build argument 'cmake_clean_cache' from command line to 'False'
[0.564s] Level 5:colcon.colcon_core.verb:set package 'ros_compatibility' build argument 'cmake_clean_first' from command line to 'False'
[0.564s] Level 5:colcon.colcon_core.verb:set package 'ros_compatibility' build argument 'cmake_force_configure' from command line to 'False'
[0.564s] Level 5:colcon.colcon_core.verb:set package 'ros_compatibility' build argument 'ament_cmake_args' from command line to 'None'
[0.564s] Level 5:colcon.colcon_core.verb:set package 'ros_compatibility' build argument 'catkin_cmake_args' from command line to 'None'
[0.564s] Level 5:colcon.colcon_core.verb:set package 'ros_compatibility' build argument 'catkin_skip_building_tests' from command line to 'False'
[0.564s] DEBUG:colcon.colcon_core.verb:Building package 'ros_compatibility' with the following arguments: {'ament_cmake_args': None, 'build_base': '/home/nisanth/carla_ros_ws/build/ros_compatibility', 'catkin_cmake_args': None, 'catkin_skip_building_tests': False, 'cmake_args': None, 'cmake_clean_cache': False, 'cmake_clean_first': False, 'cmake_force_configure': False, 'cmake_target': None, 'cmake_target_skip_unavailable': False, 'install_base': '/home/nisanth/carla_ros_ws/install/ros_compatibility', 'merge_install': False, 'path': '/home/nisanth/carla_ros_ws/src/ros-bridge/ros_compatibility', 'symlink_install': True, 'test_result_base': None}
[0.564s] Level 5:colcon.colcon_core.verb:set package 'rqt_carla_control' build argument 'cmake_args' from command line to 'None'
[0.564s] Level 5:colcon.colcon_core.verb:set package 'rqt_carla_control' build argument 'cmake_target' from command line to 'None'
[0.564s] Level 5:colcon.colcon_core.verb:set package 'rqt_carla_control' build argument 'cmake_target_skip_unavailable' from command line to 'False'
[0.564s] Level 5:colcon.colcon_core.verb:set package 'rqt_carla_control' build argument 'cmake_clean_cache' from command line to 'False'
[0.564s] Level 5:colcon.colcon_core.verb:set package 'rqt_carla_control' build argument 'cmake_clean_first' from command line to 'False'
[0.564s] Level 5:colcon.colcon_core.verb:set package 'rqt_carla_control' build argument 'cmake_force_configure' from command line to 'False'
[0.565s] Level 5:colcon.colcon_core.verb:set package 'rqt_carla_control' build argument 'ament_cmake_args' from command line to 'None'
[0.565s] Level 5:colcon.colcon_core.verb:set package 'rqt_carla_control' build argument 'catkin_cmake_args' from command line to 'None'
[0.565s] Level 5:colcon.colcon_core.verb:set package 'rqt_carla_control' build argument 'catkin_skip_building_tests' from command line to 'False'
[0.565s] DEBUG:colcon.colcon_core.verb:Building package 'rqt_carla_control' with the following arguments: {'ament_cmake_args': None, 'build_base': '/home/nisanth/carla_ros_ws/build/rqt_carla_control', 'catkin_cmake_args': None, 'catkin_skip_building_tests': False, 'cmake_args': None, 'cmake_clean_cache': False, 'cmake_clean_first': False, 'cmake_force_configure': False, 'cmake_target': None, 'cmake_target_skip_unavailable': False, 'install_base': '/home/nisanth/carla_ros_ws/install/rqt_carla_control', 'merge_install': False, 'path': '/home/nisanth/carla_ros_ws/src/ros-bridge/rqt_carla_control', 'symlink_install': True, 'test_result_base': None}
[0.565s] Level 5:colcon.colcon_core.verb:set package 'carla_ackermann_msgs' build argument 'cmake_args' from command line to 'None'
[0.565s] Level 5:colcon.colcon_core.verb:set package 'carla_ackermann_msgs' build argument 'cmake_target' from command line to 'None'
[0.565s] Level 5:colcon.colcon_core.verb:set package 'carla_ackermann_msgs' build argument 'cmake_target_skip_unavailable' from command line to 'False'
[0.565s] Level 5:colcon.colcon_core.verb:set package 'carla_ackermann_msgs' build argument 'cmake_clean_cache' from command line to 'False'
[0.565s] Level 5:colcon.colcon_core.verb:set package 'carla_ackermann_msgs' build argument 'cmake_clean_first' from command line to 'False'
[0.565s] Level 5:colcon.colcon_core.verb:set package 'carla_ackermann_msgs' build argument 'cmake_force_configure' from command line to 'False'
[0.565s] Level 5:colcon.colcon_core.verb:set package 'carla_ackermann_msgs' build argument 'ament_cmake_args' from command line to 'None'
[0.565s] Level 5:colcon.colcon_core.verb:set package 'carla_ackermann_msgs' build argument 'catkin_cmake_args' from command line to 'None'
[0.565s] Level 5:colcon.colcon_core.verb:set package 'carla_ackermann_msgs' build argument 'catkin_skip_building_tests' from command line to 'False'
[0.565s] DEBUG:colcon.colcon_core.verb:Building package 'carla_ackermann_msgs' with the following arguments: {'ament_cmake_args': None, 'build_base': '/home/nisanth/carla_ros_ws/build/carla_ackermann_msgs', 'catkin_cmake_args': None, 'catkin_skip_building_tests': False, 'cmake_args': None, 'cmake_clean_cache': False, 'cmake_clean_first': False, 'cmake_force_configure': False, 'cmake_target': None, 'cmake_target_skip_unavailable': False, 'install_base': '/home/nisanth/carla_ros_ws/install/carla_ackermann_msgs', 'merge_install': False, 'path': '/home/nisanth/carla_ros_ws/src/ros-bridge/carla_ackermann_msgs', 'symlink_install': True, 'test_result_base': None}
[0.565s] Level 5:colcon.colcon_core.verb:set package 'carla_ad_agent' build argument 'cmake_args' from command line to 'None'
[0.565s] Level 5:colcon.colcon_core.verb:set package 'carla_ad_agent' build argument 'cmake_target' from command line to 'None'
[0.565s] Level 5:colcon.colcon_core.verb:set package 'carla_ad_agent' build argument 'cmake_target_skip_unavailable' from command line to 'False'
[0.565s] Level 5:colcon.colcon_core.verb:set package 'carla_ad_agent' build argument 'cmake_clean_cache' from command line to 'False'
[0.565s] Level 5:colcon.colcon_core.verb:set package 'carla_ad_agent' build argument 'cmake_clean_first' from command line to 'False'
[0.565s] Level 5:colcon.colcon_core.verb:set package 'carla_ad_agent' build argument 'cmake_force_configure' from command line to 'False'
[0.565s] Level 5:colcon.colcon_core.verb:set package 'carla_ad_agent' build argument 'ament_cmake_args' from command line to 'None'
[0.565s] Level 5:colcon.colcon_core.verb:set package 'carla_ad_agent' build argument 'catkin_cmake_args' from command line to 'None'
[0.565s] Level 5:colcon.colcon_core.verb:set package 'carla_ad_agent' build argument 'catkin_skip_building_tests' from command line to 'False'
[0.565s] DEBUG:colcon.colcon_core.verb:Building package 'carla_ad_agent' with the following arguments: {'ament_cmake_args': None, 'build_base': '/home/nisanth/carla_ros_ws/build/carla_ad_agent', 'catkin_cmake_args': None, 'catkin_skip_building_tests': False, 'cmake_args': None, 'cmake_clean_cache': False, 'cmake_clean_first': False, 'cmake_force_configure': False, 'cmake_target': None, 'cmake_target_skip_unavailable': False, 'install_base': '/home/nisanth/carla_ros_ws/install/carla_ad_agent', 'merge_install': False, 'path': '/home/nisanth/carla_ros_ws/src/ros-bridge/carla_ad_agent', 'symlink_install': True, 'test_result_base': None}
[0.566s] Level 5:colcon.colcon_core.verb:set package 'carla_manual_control' build argument 'cmake_args' from command line to 'None'
[0.566s] Level 5:colcon.colcon_core.verb:set package 'carla_manual_control' build argument 'cmake_target' from command line to 'None'
[0.566s] Level 5:colcon.colcon_core.verb:set package 'carla_manual_control' build argument 'cmake_target_skip_unavailable' from command line to 'False'
[0.566s] Level 5:colcon.colcon_core.verb:set package 'carla_manual_control' build argument 'cmake_clean_cache' from command line to 'False'
[0.566s] Level 5:colcon.colcon_core.verb:set package 'carla_manual_control' build argument 'cmake_clean_first' from command line to 'False'
[0.566s] Level 5:colcon.colcon_core.verb:set package 'carla_manual_control' build argument 'cmake_force_configure' from command line to 'False'
[0.566s] Level 5:colcon.colcon_core.verb:set package 'carla_manual_control' build argument 'ament_cmake_args' from command line to 'None'
[0.566s] Level 5:colcon.colcon_core.verb:set package 'carla_manual_control' build argument 'catkin_cmake_args' from command line to 'None'
[0.566s] Level 5:colcon.colcon_core.verb:set package 'carla_manual_control' build argument 'catkin_skip_building_tests' from command line to 'False'
[0.566s] DEBUG:colcon.colcon_core.verb:Building package 'carla_manual_control' with the following arguments: {'ament_cmake_args': None, 'build_base': '/home/nisanth/carla_ros_ws/build/carla_manual_control', 'catkin_cmake_args': None, 'catkin_skip_building_tests': False, 'cmake_args': None, 'cmake_clean_cache': False, 'cmake_clean_first': False, 'cmake_force_configure': False, 'cmake_target': None, 'cmake_target_skip_unavailable': False, 'install_base': '/home/nisanth/carla_ros_ws/install/carla_manual_control', 'merge_install': False, 'path': '/home/nisanth/carla_ros_ws/src/ros-bridge/carla_manual_control', 'symlink_install': True, 'test_result_base': None}
[0.566s] Level 5:colcon.colcon_core.verb:set package 'carla_ros_scenario_runner' build argument 'cmake_args' from command line to 'None'
[0.566s] Level 5:colcon.colcon_core.verb:set package 'carla_ros_scenario_runner' build argument 'cmake_target' from command line to 'None'
[0.566s] Level 5:colcon.colcon_core.verb:set package 'carla_ros_scenario_runner' build argument 'cmake_target_skip_unavailable' from command line to 'False'
[0.566s] Level 5:colcon.colcon_core.verb:set package 'carla_ros_scenario_runner' build argument 'cmake_clean_cache' from command line to 'False'
[0.566s] Level 5:colcon.colcon_core.verb:set package 'carla_ros_scenario_runner' build argument 'cmake_clean_first' from command line to 'False'
[0.566s] Level 5:colcon.colcon_core.verb:set package 'carla_ros_scenario_runner' build argument 'cmake_force_configure' from command line to 'False'
[0.566s] Level 5:colcon.colcon_core.verb:set package 'carla_ros_scenario_runner' build argument 'ament_cmake_args' from command line to 'None'
[0.566s] Level 5:colcon.colcon_core.verb:set package 'carla_ros_scenario_runner' build argument 'catkin_cmake_args' from command line to 'None'
[0.566s] Level 5:colcon.colcon_core.verb:set package 'carla_ros_scenario_runner' build argument 'catkin_skip_building_tests' from command line to 'False'
[0.566s] DEBUG:colcon.colcon_core.verb:Building package 'carla_ros_scenario_runner' with the following arguments: {'ament_cmake_args': None, 'build_base': '/home/nisanth/carla_ros_ws/build/carla_ros_scenario_runner', 'catkin_cmake_args': None, 'catkin_skip_building_tests': False, 'cmake_args': None, 'cmake_clean_cache': False, 'cmake_clean_first': False, 'cmake_force_configure': False, 'cmake_target': None, 'cmake_target_skip_unavailable': False, 'install_base': '/home/nisanth/carla_ros_ws/install/carla_ros_scenario_runner', 'merge_install': False, 'path': '/home/nisanth/carla_ros_ws/src/ros-bridge/carla_ros_scenario_runner', 'symlink_install': True, 'test_result_base': None}
[0.566s] Level 5:colcon.colcon_core.verb:set package 'carla_spawn_objects' build argument 'cmake_args' from command line to 'None'
[0.566s] Level 5:colcon.colcon_core.verb:set package 'carla_spawn_objects' build argument 'cmake_target' from command line to 'None'
[0.566s] Level 5:colcon.colcon_core.verb:set package 'carla_spawn_objects' build argument 'cmake_target_skip_unavailable' from command line to 'False'
[0.566s] Level 5:colcon.colcon_core.verb:set package 'carla_spawn_objects' build argument 'cmake_clean_cache' from command line to 'False'
[0.566s] Level 5:colcon.colcon_core.verb:set package 'carla_spawn_objects' build argument 'cmake_clean_first' from command line to 'False'
[0.566s] Level 5:colcon.colcon_core.verb:set package 'carla_spawn_objects' build argument 'cmake_force_configure' from command line to 'False'
[0.566s] Level 5:colcon.colcon_core.verb:set package 'carla_spawn_objects' build argument 'ament_cmake_args' from command line to 'None'
[0.566s] Level 5:colcon.colcon_core.verb:set package 'carla_spawn_objects' build argument 'catkin_cmake_args' from command line to 'None'
[0.566s] Level 5:colcon.colcon_core.verb:set package 'carla_spawn_objects' build argument 'catkin_skip_building_tests' from command line to 'False'
[0.567s] DEBUG:colcon.colcon_core.verb:Building package 'carla_spawn_objects' with the following arguments: {'ament_cmake_args': None, 'build_base': '/home/nisanth/carla_ros_ws/build/carla_spawn_objects', 'catkin_cmake_args': None, 'catkin_skip_building_tests': False, 'cmake_args': None, 'cmake_clean_cache': False, 'cmake_clean_first': False, 'cmake_force_configure': False, 'cmake_target': None, 'cmake_target_skip_unavailable': False, 'install_base': '/home/nisanth/carla_ros_ws/install/carla_spawn_objects', 'merge_install': False, 'path': '/home/nisanth/carla_ros_ws/src/ros-bridge/carla_spawn_objects', 'symlink_install': True, 'test_result_base': None}
[0.567s] Level 5:colcon.colcon_core.verb:set package 'carla_walker_agent' build argument 'cmake_args' from command line to 'None'
[0.567s] Level 5:colcon.colcon_core.verb:set package 'carla_walker_agent' build argument 'cmake_target' from command line to 'None'
[0.567s] Level 5:colcon.colcon_core.verb:set package 'carla_walker_agent' build argument 'cmake_target_skip_unavailable' from command line to 'False'
[0.567s] Level 5:colcon.colcon_core.verb:set package 'carla_walker_agent' build argument 'cmake_clean_cache' from command line to 'False'
[0.567s] Level 5:colcon.colcon_core.verb:set package 'carla_walker_agent' build argument 'cmake_clean_first' from command line to 'False'
[0.567s] Level 5:colcon.colcon_core.verb:set package 'carla_walker_agent' build argument 'cmake_force_configure' from command line to 'False'
[0.567s] Level 5:colcon.colcon_core.verb:set package 'carla_walker_agent' build argument 'ament_cmake_args' from command line to 'None'
[0.567s] Level 5:colcon.colcon_core.verb:set package 'carla_walker_agent' build argument 'catkin_cmake_args' from command line to 'None'
[0.567s] Level 5:colcon.colcon_core.verb:set package 'carla_walker_agent' build argument 'catkin_skip_building_tests' from command line to 'False'
[0.567s] DEBUG:colcon.colcon_core.verb:Building package 'carla_walker_agent' with the following arguments: {'ament_cmake_args': None, 'build_base': '/home/nisanth/carla_ros_ws/build/carla_walker_agent', 'catkin_cmake_args': None, 'catkin_skip_building_tests': False, 'cmake_args': None, 'cmake_clean_cache': False, 'cmake_clean_first': False, 'cmake_force_configure': False, 'cmake_target': None, 'cmake_target_skip_unavailable': False, 'install_base': '/home/nisanth/carla_ros_ws/install/carla_walker_agent', 'merge_install': False, 'path': '/home/nisanth/carla_ros_ws/src/ros-bridge/carla_walker_agent', 'symlink_install': True, 'test_result_base': None}
[0.567s] Level 5:colcon.colcon_core.verb:set package 'carla_waypoint_publisher' build argument 'cmake_args' from command line to 'None'
[0.567s] Level 5:colcon.colcon_core.verb:set package 'carla_waypoint_publisher' build argument 'cmake_target' from command line to 'None'
[0.567s] Level 5:colcon.colcon_core.verb:set package 'carla_waypoint_publisher' build argument 'cmake_target_skip_unavailable' from command line to 'False'
[0.567s] Level 5:colcon.colcon_core.verb:set package 'carla_waypoint_publisher' build argument 'cmake_clean_cache' from command line to 'False'
[0.567s] Level 5:colcon.colcon_core.verb:set package 'carla_waypoint_publisher' build argument 'cmake_clean_first' from command line to 'False'
[0.567s] Level 5:colcon.colcon_core.verb:set package 'carla_waypoint_publisher' build argument 'cmake_force_configure' from command line to 'False'
[0.567s] Level 5:colcon.colcon_core.verb:set package 'carla_waypoint_publisher' build argument 'ament_cmake_args' from command line to 'None'
[0.567s] Level 5:colcon.colcon_core.verb:set package 'carla_waypoint_publisher' build argument 'catkin_cmake_args' from command line to 'None'
[0.567s] Level 5:colcon.colcon_core.verb:set package 'carla_waypoint_publisher' build argument 'catkin_skip_building_tests' from command line to 'False'
[0.567s] DEBUG:colcon.colcon_core.verb:Building package 'carla_waypoint_publisher' with the following arguments: {'ament_cmake_args': None, 'build_base': '/home/nisanth/carla_ros_ws/build/carla_waypoint_publisher', 'catkin_cmake_args': None, 'catkin_skip_building_tests': False, 'cmake_args': None, 'cmake_clean_cache': False, 'cmake_clean_first': False, 'cmake_force_configure': False, 'cmake_target': None, 'cmake_target_skip_unavailable': False, 'install_base': '/home/nisanth/carla_ros_ws/install/carla_waypoint_publisher', 'merge_install': False, 'path': '/home/nisanth/carla_ros_ws/src/ros-bridge/carla_waypoint_publisher', 'symlink_install': True, 'test_result_base': None}
[0.568s] Level 5:colcon.colcon_core.verb:set package 'rviz_carla_plugin' build argument 'cmake_args' from command line to 'None'
[0.568s] Level 5:colcon.colcon_core.verb:set package 'rviz_carla_plugin' build argument 'cmake_target' from command line to 'None'
[0.568s] Level 5:colcon.colcon_core.verb:set package 'rviz_carla_plugin' build argument 'cmake_target_skip_unavailable' from command line to 'False'
[0.568s] Level 5:colcon.colcon_core.verb:set package 'rviz_carla_plugin' build argument 'cmake_clean_cache' from command line to 'False'
[0.568s] Level 5:colcon.colcon_core.verb:set package 'rviz_carla_plugin' build argument 'cmake_clean_first' from command line to 'False'
[0.568s] Level 5:colcon.colcon_core.verb:set package 'rviz_carla_plugin' build argument 'cmake_force_configure' from command line to 'False'
[0.568s] Level 5:colcon.colcon_core.verb:set package 'rviz_carla_plugin' build argument 'ament_cmake_args' from command line to 'None'
[0.568s] Level 5:colcon.colcon_core.verb:set package 'rviz_carla_plugin' build argument 'catkin_cmake_args' from command line to 'None'
[0.568s] Level 5:colcon.colcon_core.verb:set package 'rviz_carla_plugin' build argument 'catkin_skip_building_tests' from command line to 'False'
[0.568s] DEBUG:colcon.colcon_core.verb:Building package 'rviz_carla_plugin' with the following arguments: {'ament_cmake_args': None, 'build_base': '/home/nisanth/carla_ros_ws/build/rviz_carla_plugin', 'catkin_cmake_args': None, 'catkin_skip_building_tests': False, 'cmake_args': None, 'cmake_clean_cache': False, 'cmake_clean_first': False, 'cmake_force_configure': False, 'cmake_target': None, 'cmake_target_skip_unavailable': False, 'install_base': '/home/nisanth/carla_ros_ws/install/rviz_carla_plugin', 'merge_install': False, 'path': '/home/nisanth/carla_ros_ws/src/ros-bridge/rviz_carla_plugin', 'symlink_install': True, 'test_result_base': None}
[0.568s] Level 5:colcon.colcon_core.verb:set package 'carla_ros_bridge' build argument 'cmake_args' from command line to 'None'
[0.568s] Level 5:colcon.colcon_core.verb:set package 'carla_ros_bridge' build argument 'cmake_target' from command line to 'None'
[0.569s] Level 5:colcon.colcon_core.verb:set package 'carla_ros_bridge' build argument 'cmake_target_skip_unavailable' from command line to 'False'
[0.569s] Level 5:colcon.colcon_core.verb:set package 'carla_ros_bridge' build argument 'cmake_clean_cache' from command line to 'False'
[0.569s] Level 5:colcon.colcon_core.verb:set package 'carla_ros_bridge' build argument 'cmake_clean_first' from command line to 'False'
[0.569s] Level 5:colcon.colcon_core.verb:set package 'carla_ros_bridge' build argument 'cmake_force_configure' from command line to 'False'
[0.569s] Level 5:colcon.colcon_core.verb:set package 'carla_ros_bridge' build argument 'ament_cmake_args' from command line to 'None'
[0.569s] Level 5:colcon.colcon_core.verb:set package 'carla_ros_bridge' build argument 'catkin_cmake_args' from command line to 'None'
[0.569s] Level 5:colcon.colcon_core.verb:set package 'carla_ros_bridge' build argument 'catkin_skip_building_tests' from command line to 'False'
[0.569s] DEBUG:colcon.colcon_core.verb:Building package 'carla_ros_bridge' with the following arguments: {'ament_cmake_args': None, 'build_base': '/home/nisanth/carla_ros_ws/build/carla_ros_bridge', 'catkin_cmake_args': None, 'catkin_skip_building_tests': False, 'cmake_args': None, 'cmake_clean_cache': False, 'cmake_clean_first': False, 'cmake_force_configure': False, 'cmake_target': None, 'cmake_target_skip_unavailable': False, 'install_base': '/home/nisanth/carla_ros_ws/install/carla_ros_bridge', 'merge_install': False, 'path': '/home/nisanth/carla_ros_ws/src/ros-bridge/carla_ros_bridge', 'symlink_install': True, 'test_result_base': None}
[0.569s] Level 5:colcon.colcon_core.verb:set package 'carla_ackermann_control' build argument 'cmake_args' from command line to 'None'
[0.569s] Level 5:colcon.colcon_core.verb:set package 'carla_ackermann_control' build argument 'cmake_target' from command line to 'None'
[0.569s] Level 5:colcon.colcon_core.verb:set package 'carla_ackermann_control' build argument 'cmake_target_skip_unavailable' from command line to 'False'
[0.569s] Level 5:colcon.colcon_core.verb:set package 'carla_ackermann_control' build argument 'cmake_clean_cache' from command line to 'False'
[0.569s] Level 5:colcon.colcon_core.verb:set package 'carla_ackermann_control' build argument 'cmake_clean_first' from command line to 'False'
[0.569s] Level 5:colcon.colcon_core.verb:set package 'carla_ackermann_control' build argument 'cmake_force_configure' from command line to 'False'
[0.569s] Level 5:colcon.colcon_core.verb:set package 'carla_ackermann_control' build argument 'ament_cmake_args' from command line to 'None'
[0.569s] Level 5:colcon.colcon_core.verb:set package 'carla_ackermann_control' build argument 'catkin_cmake_args' from command line to 'None'
[0.569s] Level 5:colcon.colcon_core.verb:set package 'carla_ackermann_control' build argument 'catkin_skip_building_tests' from command line to 'False'
[0.569s] DEBUG:colcon.colcon_core.verb:Building package 'carla_ackermann_control' with the following arguments: {'ament_cmake_args': None, 'build_base': '/home/nisanth/carla_ros_ws/build/carla_ackermann_control', 'catkin_cmake_args': None, 'catkin_skip_building_tests': False, 'cmake_args': None, 'cmake_clean_cache': False, 'cmake_clean_first': False, 'cmake_force_configure': False, 'cmake_target': None, 'cmake_target_skip_unavailable': False, 'install_base': '/home/nisanth/carla_ros_ws/install/carla_ackermann_control', 'merge_install': False, 'path': '/home/nisanth/carla_ros_ws/src/ros-bridge/carla_ackermann_control', 'symlink_install': True, 'test_result_base': None}
[0.569s] Level 5:colcon.colcon_core.verb:set package 'carla_ad_demo' build argument 'cmake_args' from command line to 'None'
[0.569s] Level 5:colcon.colcon_core.verb:set package 'carla_ad_demo' build argument 'cmake_target' from command line to 'None'
[0.569s] Level 5:colcon.colcon_core.verb:set package 'carla_ad_demo' build argument 'cmake_target_skip_unavailable' from command line to 'False'
[0.569s] Level 5:colcon.colcon_core.verb:set package 'carla_ad_demo' build argument 'cmake_clean_cache' from command line to 'False'
[0.569s] Level 5:colcon.colcon_core.verb:set package 'carla_ad_demo' build argument 'cmake_clean_first' from command line to 'False'
[0.569s] Level 5:colcon.colcon_core.verb:set package 'carla_ad_demo' build argument 'cmake_force_configure' from command line to 'False'
[0.569s] Level 5:colcon.colcon_core.verb:set package 'carla_ad_demo' build argument 'ament_cmake_args' from command line to 'None'
[0.569s] Level 5:colcon.colcon_core.verb:set package 'carla_ad_demo' build argument 'catkin_cmake_args' from command line to 'None'
[0.569s] Level 5:colcon.colcon_core.verb:set package 'carla_ad_demo' build argument 'catkin_skip_building_tests' from command line to 'False'
[0.569s] DEBUG:colcon.colcon_core.verb:Building package 'carla_ad_demo' with the following arguments: {'ament_cmake_args': None, 'build_base': '/home/nisanth/carla_ros_ws/build/carla_ad_demo', 'catkin_cmake_args': None, 'catkin_skip_building_tests': False, 'cmake_args': None, 'cmake_clean_cache': False, 'cmake_clean_first': False, 'cmake_force_configure': False, 'cmake_target': None, 'cmake_target_skip_unavailable': False, 'install_base': '/home/nisanth/carla_ros_ws/install/carla_ad_demo', 'merge_install': False, 'path': '/home/nisanth/carla_ros_ws/src/ros-bridge/carla_ad_demo', 'symlink_install': True, 'test_result_base': None}
[0.570s] Level 5:colcon.colcon_core.verb:set package 'pcl_recorder' build argument 'cmake_args' from command line to 'None'
[0.570s] Level 5:colcon.colcon_core.verb:set package 'pcl_recorder' build argument 'cmake_target' from command line to 'None'
[0.570s] Level 5:colcon.colcon_core.verb:set package 'pcl_recorder' build argument 'cmake_target_skip_unavailable' from command line to 'False'
[0.570s] Level 5:colcon.colcon_core.verb:set package 'pcl_recorder' build argument 'cmake_clean_cache' from command line to 'False'
[0.570s] Level 5:colcon.colcon_core.verb:set package 'pcl_recorder' build argument 'cmake_clean_first' from command line to 'False'
[0.570s] Level 5:colcon.colcon_core.verb:set package 'pcl_recorder' build argument 'cmake_force_configure' from command line to 'False'
[0.570s] Level 5:colcon.colcon_core.verb:set package 'pcl_recorder' build argument 'ament_cmake_args' from command line to 'None'
[0.570s] Level 5:colcon.colcon_core.verb:set package 'pcl_recorder' build argument 'catkin_cmake_args' from command line to 'None'
[0.570s] Level 5:colcon.colcon_core.verb:set package 'pcl_recorder' build argument 'catkin_skip_building_tests' from command line to 'False'
[0.570s] DEBUG:colcon.colcon_core.verb:Building package 'pcl_recorder' with the following arguments: {'ament_cmake_args': None, 'build_base': '/home/nisanth/carla_ros_ws/build/pcl_recorder', 'catkin_cmake_args': None, 'catkin_skip_building_tests': False, 'cmake_args': None, 'cmake_clean_cache': False, 'cmake_clean_first': False, 'cmake_force_configure': False, 'cmake_target': None, 'cmake_target_skip_unavailable': False, 'install_base': '/home/nisanth/carla_ros_ws/install/pcl_recorder', 'merge_install': False, 'path': '/home/nisanth/carla_ros_ws/src/ros-bridge/pcl_recorder', 'symlink_install': True, 'test_result_base': None}
[0.570s] INFO:colcon.colcon_core.executor:Executing jobs using 'parallel' executor
[0.571s] DEBUG:colcon.colcon_parallel_executor.executor.parallel:run_until_complete
[0.571s] INFO:colcon.colcon_ros.task.ament_cmake.build:Building ROS package in '/home/nisanth/carla_ros_ws/src/ros-bridge/carla_msgs' with build type 'ament_cmake'
[0.571s] INFO:colcon.colcon_cmake.task.cmake.build:Building CMake package in '/home/nisanth/carla_ros_ws/src/ros-bridge/carla_msgs'
[0.577s] INFO:colcon.colcon_core.plugin_system:Skipping extension 'colcon_core.shell.bat': Not used on non-Windows systems
[0.577s] INFO:colcon.colcon_core.shell:Skip shell extension 'powershell' for command environment: Not usable outside of PowerShell
[0.577s] DEBUG:colcon.colcon_core.shell:Skip shell extension 'dsv' for command environment
[0.581s] INFO:colcon.colcon_ros.task.ament_python.build:Building ROS package in '/home/nisanth/carla_ros_ws/src/ros-bridge/ros_compatibility' with build type 'ament_python'
[0.581s] Level 1:colcon.colcon_core.shell:create_environment_hook('ros_compatibility', 'ament_prefix_path')
[0.581s] INFO:colcon.colcon_core.shell:Creating environment hook '/home/nisanth/carla_ros_ws/install/ros_compatibility/share/ros_compatibility/hook/ament_prefix_path.ps1'
[0.584s] INFO:colcon.colcon_core.shell:Creating environment descriptor '/home/nisanth/carla_ros_ws/install/ros_compatibility/share/ros_compatibility/hook/ament_prefix_path.dsv'
[0.585s] INFO:colcon.colcon_core.shell:Creating environment hook '/home/nisanth/carla_ros_ws/install/ros_compatibility/share/ros_compatibility/hook/ament_prefix_path.sh'
[0.586s] INFO:colcon.colcon_core.shell:Skip shell extension 'powershell' for command environment: Not usable outside of PowerShell
[0.586s] DEBUG:colcon.colcon_core.shell:Skip shell extension 'dsv' for command environment
[0.589s] INFO:colcon.colcon_ros.task.ament_python.build:Building ROS package in '/home/nisanth/carla_ros_ws/src/ros-bridge/carla_common' with build type 'ament_python'
[0.589s] Level 1:colcon.colcon_core.shell:create_environment_hook('carla_common', 'ament_prefix_path')
[0.589s] INFO:colcon.colcon_core.shell:Creating environment hook '/home/nisanth/carla_ros_ws/install/carla_common/share/carla_common/hook/ament_prefix_path.ps1'
[0.591s] INFO:colcon.colcon_core.shell:Creating environment descriptor '/home/nisanth/carla_ros_ws/install/carla_common/share/carla_common/hook/ament_prefix_path.dsv'
[0.592s] INFO:colcon.colcon_core.shell:Creating environment hook '/home/nisanth/carla_ros_ws/install/carla_common/share/carla_common/hook/ament_prefix_path.sh'
[0.592s] INFO:colcon.colcon_core.shell:Skip shell extension 'powershell' for command environment: Not usable outside of PowerShell
[0.592s] DEBUG:colcon.colcon_core.shell:Skip shell extension 'dsv' for command environment
[0.595s] INFO:colcon.colcon_ros.task.ament_cmake.build:Building ROS package in '/home/nisanth/carla_ros_ws/src/ros-bridge/carla_ros_scenario_runner_types' with build type 'ament_cmake'
[0.596s] INFO:colcon.colcon_cmake.task.cmake.build:Building CMake package in '/home/nisanth/carla_ros_ws/src/ros-bridge/carla_ros_scenario_runner_types'
[0.596s] INFO:colcon.colcon_core.shell:Skip shell extension 'powershell' for command environment: Not usable outside of PowerShell
[0.596s] DEBUG:colcon.colcon_core.shell:Skip shell extension 'dsv' for command environment
[0.599s] INFO:colcon.colcon_ros.task.ament_cmake.build:Building ROS package in '/home/nisanth/carla_ros_ws/src/ros-bridge/carla_waypoint_types' with build type 'ament_cmake'
[0.599s] INFO:colcon.colcon_cmake.task.cmake.build:Building CMake package in '/home/nisanth/carla_ros_ws/src/ros-bridge/carla_waypoint_types'
[0.599s] INFO:colcon.colcon_core.shell:Skip shell extension 'powershell' for command environment: Not usable outside of PowerShell
[0.599s] DEBUG:colcon.colcon_core.shell:Skip shell extension 'dsv' for command environment
[0.603s] INFO:colcon.colcon_ros.task.ament_python.build:Building ROS package in '/home/nisanth/carla_ros_ws/src/ros-bridge/carla_twist_to_control' with build type 'ament_python'
[0.603s] Level 1:colcon.colcon_core.shell:create_environment_hook('carla_twist_to_control', 'ament_prefix_path')
[0.603s] INFO:colcon.colcon_core.shell:Creating environment hook '/home/nisanth/carla_ros_ws/install/carla_twist_to_control/share/carla_twist_to_control/hook/ament_prefix_path.ps1'
[0.606s] INFO:colcon.colcon_core.shell:Creating environment descriptor '/home/nisanth/carla_ros_ws/install/carla_twist_to_control/share/carla_twist_to_control/hook/ament_prefix_path.dsv'
[0.606s] INFO:colcon.colcon_core.shell:Creating environment hook '/home/nisanth/carla_ros_ws/install/carla_twist_to_control/share/carla_twist_to_control/hook/ament_prefix_path.sh'
[0.607s] INFO:colcon.colcon_core.shell:Skip shell extension 'powershell' for command environment: Not usable outside of PowerShell
[0.607s] DEBUG:colcon.colcon_core.shell:Skip shell extension 'dsv' for command environment
[0.609s] INFO:colcon.colcon_ros.task.ament_python.build:Building ROS package in '/home/nisanth/carla_ros_ws/src/ros-bridge/rqt_carla_control' with build type 'ament_python'
[0.609s] Level 1:colcon.colcon_core.shell:create_environment_hook('rqt_carla_control', 'ament_prefix_path')
[0.610s] INFO:colcon.colcon_core.shell:Creating environment hook '/home/nisanth/carla_ros_ws/install/rqt_carla_control/share/rqt_carla_control/hook/ament_prefix_path.ps1'
[0.612s] INFO:colcon.colcon_core.shell:Creating environment descriptor '/home/nisanth/carla_ros_ws/install/rqt_carla_control/share/rqt_carla_control/hook/ament_prefix_path.dsv'
[0.613s] INFO:colcon.colcon_core.shell:Creating environment hook '/home/nisanth/carla_ros_ws/install/rqt_carla_control/share/rqt_carla_control/hook/ament_prefix_path.sh'
[0.613s] INFO:colcon.colcon_core.shell:Skip shell extension 'powershell' for command environment: Not usable outside of PowerShell
[0.613s] DEBUG:colcon.colcon_core.shell:Skip shell extension 'dsv' for command environment
[0.624s] DEBUG:colcon.colcon_core.event_handler.log_command:Invoking command in '/home/nisanth/carla_ros_ws/build/carla_msgs': CMAKE_PREFIX_PATH=/opt/ros/humble /usr/bin/cmake /home/nisanth/carla_ros_ws/src/ros-bridge/carla_msgs -DAMENT_CMAKE_SYMLINK_INSTALL=1 -DCMAKE_INSTALL_PREFIX=/home/nisanth/carla_ros_ws/install/carla_msgs
[0.874s] INFO:colcon.colcon_core.task.python.build:Building Python package in '/home/nisanth/carla_ros_ws/src/ros-bridge/ros_compatibility'
[0.874s] INFO:colcon.colcon_core.shell:Skip shell extension 'powershell' for command environment: Not usable outside of PowerShell
[0.874s] DEBUG:colcon.colcon_core.shell:Skip shell extension 'dsv' for command environment
[1.134s] INFO:colcon.colcon_core.task.python.build:Building Python package in '/home/nisanth/carla_ros_ws/src/ros-bridge/carla_common'
[1.135s] INFO:colcon.colcon_core.shell:Skip shell extension 'powershell' for command environment: Not usable outside of PowerShell
[1.135s] DEBUG:colcon.colcon_core.shell:Skip shell extension 'dsv' for command environment
[1.143s] DEBUG:colcon.colcon_core.event_handler.log_command:Invoking command in '/home/nisanth/carla_ros_ws/build/carla_ros_scenario_runner_types': CMAKE_PREFIX_PATH=/opt/ros/humble /usr/bin/cmake /home/nisanth/carla_ros_ws/src/ros-bridge/carla_ros_scenario_runner_types -DAMENT_CMAKE_SYMLINK_INSTALL=1 -DCMAKE_INSTALL_PREFIX=/home/nisanth/carla_ros_ws/install/carla_ros_scenario_runner_types
[1.148s] DEBUG:colcon.colcon_core.event_handler.log_command:Invoking command in '/home/nisanth/carla_ros_ws/build/carla_waypoint_types': CMAKE_PREFIX_PATH=/opt/ros/humble /usr/bin/cmake /home/nisanth/carla_ros_ws/src/ros-bridge/carla_waypoint_types -DAMENT_CMAKE_SYMLINK_INSTALL=1 -DCMAKE_INSTALL_PREFIX=/home/nisanth/carla_ros_ws/install/carla_waypoint_types
[1.459s] INFO:colcon.colcon_core.task.python.build:Building Python package in '/home/nisanth/carla_ros_ws/src/ros-bridge/carla_twist_to_control'
[1.460s] INFO:colcon.colcon_core.shell:Skip shell extension 'powershell' for command environment: Not usable outside of PowerShell
[1.460s] DEBUG:colcon.colcon_core.shell:Skip shell extension 'dsv' for command environment
[1.754s] INFO:colcon.colcon_core.task.python.build:Building Python package in '/home/nisanth/carla_ros_ws/src/ros-bridge/rqt_carla_control'
[1.754s] INFO:colcon.colcon_core.shell:Skip shell extension 'powershell' for command environment: Not usable outside of PowerShell
[1.754s] DEBUG:colcon.colcon_core.shell:Skip shell extension 'dsv' for command environment
[2.517s] DEBUG:colcon.colcon_core.event_handler.log_command:Invoking command in '/home/nisanth/carla_ros_ws/build/rqt_carla_control': PYTHONPATH=/home/nisanth/carla_ros_ws/build/rqt_carla_control/prefix_override:/usr/lib/python3/dist-packages/colcon_core/task/python/colcon_distutils_commands:/home/nisanth/carla_ros_ws/install/rqt_carla_control/lib/python3.10/site-packages:${PYTHONPATH} /usr/bin/python3 -W ignore:setup.py install is deprecated -W ignore:easy_install command is deprecated setup.py develop --editable --build-directory /home/nisanth/carla_ros_ws/build/rqt_carla_control/build --no-deps symlink_data
[2.522s] DEBUG:colcon.colcon_core.event_handler.log_command:Invoking command in '/home/nisanth/carla_ros_ws/build/ros_compatibility': PYTHONPATH=/home/nisanth/carla_ros_ws/build/ros_compatibility/prefix_override:/usr/lib/python3/dist-packages/colcon_core/task/python/colcon_distutils_commands:/home/nisanth/carla_ros_ws/install/ros_compatibility/lib/python3.10/site-packages:${PYTHONPATH} /usr/bin/python3 -W ignore:setup.py install is deprecated -W ignore:easy_install command is deprecated setup.py develop --editable --build-directory /home/nisanth/carla_ros_ws/build/ros_compatibility/build --no-deps symlink_data
[2.527s] DEBUG:colcon.colcon_core.event_handler.log_command:Invoking command in '/home/nisanth/carla_ros_ws/build/carla_twist_to_control': PYTHONPATH=/home/nisanth/carla_ros_ws/build/carla_twist_to_control/prefix_override:/usr/lib/python3/dist-packages/colcon_core/task/python/colcon_distutils_commands:/home/nisanth/carla_ros_ws/install/carla_twist_to_control/lib/python3.10/site-packages:${PYTHONPATH} /usr/bin/python3 -W ignore:setup.py install is deprecated -W ignore:easy_install command is deprecated setup.py develop --editable --build-directory /home/nisanth/carla_ros_ws/build/carla_twist_to_control/build --no-deps symlink_data
[2.535s] DEBUG:colcon.colcon_core.event_handler.log_command:Invoking command in '/home/nisanth/carla_ros_ws/build/carla_common': PYTHONPATH=/home/nisanth/carla_ros_ws/build/carla_common/prefix_override:/usr/lib/python3/dist-packages/colcon_core/task/python/colcon_distutils_commands:/home/nisanth/carla_ros_ws/install/carla_common/lib/python3.10/site-packages:${PYTHONPATH} /usr/bin/python3 -W ignore:setup.py install is deprecated -W ignore:easy_install command is deprecated setup.py develop --editable --build-directory /home/nisanth/carla_ros_ws/build/carla_common/build --no-deps symlink_data
[3.182s] Level 1:colcon.colcon_core.shell:create_environment_hook('carla_common', 'pythonpath_develop')
[3.183s] INFO:colcon.colcon_core.shell:Creating environment hook '/home/nisanth/carla_ros_ws/build/carla_common/src/share/carla_common/hook/pythonpath_develop.ps1'
[3.184s] DEBUG:colcon.colcon_core.event_handler.log_command:Invoked command in '/home/nisanth/carla_ros_ws/build/carla_common' returned '0': PYTHONPATH=/home/nisanth/carla_ros_ws/build/carla_common/prefix_override:/usr/lib/python3/dist-packages/colcon_core/task/python/colcon_distutils_commands:/home/nisanth/carla_ros_ws/install/carla_common/lib/python3.10/site-packages:${PYTHONPATH} /usr/bin/python3 -W ignore:setup.py install is deprecated -W ignore:easy_install command is deprecated setup.py develop --editable --build-directory /home/nisanth/carla_ros_ws/build/carla_common/build --no-deps symlink_data
[3.187s] INFO:colcon.colcon_core.shell:Creating environment descriptor '/home/nisanth/carla_ros_ws/build/carla_common/src/share/carla_common/hook/pythonpath_develop.dsv'
[3.188s] INFO:colcon.colcon_core.shell:Creating environment hook '/home/nisanth/carla_ros_ws/build/carla_common/src/share/carla_common/hook/pythonpath_develop.sh'
[3.195s] Level 1:colcon.colcon_core.environment:checking '/home/nisanth/carla_ros_ws/install/carla_common' for CMake module files
[3.196s] Level 1:colcon.colcon_core.environment:checking '/home/nisanth/carla_ros_ws/install/carla_common' for CMake config files
[3.197s] Level 1:colcon.colcon_core.environment:checking '/home/nisanth/carla_ros_ws/install/carla_common/lib'
[3.197s] Level 1:colcon.colcon_core.environment:checking '/home/nisanth/carla_ros_ws/install/carla_common/bin'
[3.197s] Level 1:colcon.colcon_core.environment:checking '/home/nisanth/carla_ros_ws/install/carla_common/lib/pkgconfig/carla_common.pc'
[3.197s] Level 1:colcon.colcon_core.environment:checking '/home/nisanth/carla_ros_ws/install/carla_common/lib/python3.10/site-packages'
[3.197s] Level 1:colcon.colcon_core.shell:create_environment_hook('carla_common', 'pythonpath')
[3.198s] INFO:colcon.colcon_core.shell:Creating environment hook '/home/nisanth/carla_ros_ws/install/carla_common/share/carla_common/hook/pythonpath.ps1'
[3.198s] INFO:colcon.colcon_core.shell:Creating environment descriptor '/home/nisanth/carla_ros_ws/install/carla_common/share/carla_common/hook/pythonpath.dsv'
[3.198s] INFO:colcon.colcon_core.shell:Creating environment hook '/home/nisanth/carla_ros_ws/install/carla_common/share/carla_common/hook/pythonpath.sh'
[3.199s] Level 1:colcon.colcon_core.environment:checking '/home/nisanth/carla_ros_ws/install/carla_common/bin'
[3.199s] Level 1:colcon.colcon_core.environment:create_environment_scripts_only(carla_common)
[3.199s] INFO:colcon.colcon_core.shell:Creating package script '/home/nisanth/carla_ros_ws/install/carla_common/share/carla_common/package.ps1'
[3.200s] INFO:colcon.colcon_core.shell:Creating package descriptor '/home/nisanth/carla_ros_ws/install/carla_common/share/carla_common/package.dsv'
[3.201s] INFO:colcon.colcon_core.shell:Creating package script '/home/nisanth/carla_ros_ws/install/carla_common/share/carla_common/package.sh'
[3.203s] INFO:colcon.colcon_core.shell:Creating package script '/home/nisanth/carla_ros_ws/install/carla_common/share/carla_common/package.bash'
[3.204s] INFO:colcon.colcon_core.shell:Creating package script '/home/nisanth/carla_ros_ws/install/carla_common/share/carla_common/package.zsh'
[3.205s] Level 1:colcon.colcon_core.environment:create_file_with_runtime_dependencies(/home/nisanth/carla_ros_ws/install/carla_common/share/colcon-core/packages/carla_common)
[3.209s] Level 1:colcon.colcon_core.shell:create_environment_hook('carla_twist_to_control', 'pythonpath_develop')
[3.209s] DEBUG:colcon.colcon_core.event_handler.log_command:Invoked command in '/home/nisanth/carla_ros_ws/build/carla_twist_to_control' returned '0': PYTHONPATH=/home/nisanth/carla_ros_ws/build/carla_twist_to_control/prefix_override:/usr/lib/python3/dist-packages/colcon_core/task/python/colcon_distutils_commands:/home/nisanth/carla_ros_ws/install/carla_twist_to_control/lib/python3.10/site-packages:${PYTHONPATH} /usr/bin/python3 -W ignore:setup.py install is deprecated -W ignore:easy_install command is deprecated setup.py develop --editable --build-directory /home/nisanth/carla_ros_ws/build/carla_twist_to_control/build --no-deps symlink_data
[3.209s] INFO:colcon.colcon_core.shell:Creating environment hook '/home/nisanth/carla_ros_ws/build/carla_twist_to_control/src/share/carla_twist_to_control/hook/pythonpath_develop.ps1'
[3.211s] INFO:colcon.colcon_core.shell:Creating environment descriptor '/home/nisanth/carla_ros_ws/build/carla_twist_to_control/src/share/carla_twist_to_control/hook/pythonpath_develop.dsv'
[3.212s] INFO:colcon.colcon_core.shell:Creating environment hook '/home/nisanth/carla_ros_ws/build/carla_twist_to_control/src/share/carla_twist_to_control/hook/pythonpath_develop.sh'
[3.212s] Level 1:colcon.colcon_core.environment:checking '/home/nisanth/carla_ros_ws/install/carla_twist_to_control' for CMake module files
[3.213s] Level 1:colcon.colcon_core.environment:checking '/home/nisanth/carla_ros_ws/install/carla_twist_to_control' for CMake config files
[3.214s] Level 1:colcon.colcon_core.environment:checking '/home/nisanth/carla_ros_ws/install/carla_twist_to_control/lib'
[3.214s] Level 1:colcon.colcon_core.environment:checking '/home/nisanth/carla_ros_ws/install/carla_twist_to_control/bin'
[3.214s] Level 1:colcon.colcon_core.environment:checking '/home/nisanth/carla_ros_ws/install/carla_twist_to_control/lib/pkgconfig/carla_twist_to_control.pc'
[3.214s] Level 1:colcon.colcon_core.environment:checking '/home/nisanth/carla_ros_ws/install/carla_twist_to_control/lib/python3.10/site-packages'
[3.214s] Level 1:colcon.colcon_core.shell:create_environment_hook('carla_twist_to_control', 'pythonpath')
[3.214s] INFO:colcon.colcon_core.shell:Creating environment hook '/home/nisanth/carla_ros_ws/install/carla_twist_to_control/share/carla_twist_to_control/hook/pythonpath.ps1'
[3.215s] INFO:colcon.colcon_core.shell:Creating environment descriptor '/home/nisanth/carla_ros_ws/install/carla_twist_to_control/share/carla_twist_to_control/hook/pythonpath.dsv'
[3.215s] INFO:colcon.colcon_core.shell:Creating environment hook '/home/nisanth/carla_ros_ws/install/carla_twist_to_control/share/carla_twist_to_control/hook/pythonpath.sh'
[3.216s] Level 1:colcon.colcon_core.environment:checking '/home/nisanth/carla_ros_ws/install/carla_twist_to_control/bin'
[3.216s] Level 1:colcon.colcon_core.environment:create_environment_scripts_only(carla_twist_to_control)
[3.216s] INFO:colcon.colcon_core.shell:Creating package script '/home/nisanth/carla_ros_ws/install/carla_twist_to_control/share/carla_twist_to_control/package.ps1'
[3.217s] INFO:colcon.colcon_core.shell:Creating package descriptor '/home/nisanth/carla_ros_ws/install/carla_twist_to_control/share/carla_twist_to_control/package.dsv'
[3.217s] INFO:colcon.colcon_core.shell:Creating package script '/home/nisanth/carla_ros_ws/install/carla_twist_to_control/share/carla_twist_to_control/package.sh'
[3.218s] INFO:colcon.colcon_core.shell:Creating package script '/home/nisanth/carla_ros_ws/install/carla_twist_to_control/share/carla_twist_to_control/package.bash'
[3.218s] INFO:colcon.colcon_core.shell:Creating package script '/home/nisanth/carla_ros_ws/install/carla_twist_to_control/share/carla_twist_to_control/package.zsh'
[3.219s] Level 1:colcon.colcon_core.environment:create_file_with_runtime_dependencies(/home/nisanth/carla_ros_ws/install/carla_twist_to_control/share/colcon-core/packages/carla_twist_to_control)
[3.220s] Level 1:colcon.colcon_core.shell:create_environment_hook('ros_compatibility', 'pythonpath_develop')
[3.221s] INFO:colcon.colcon_core.shell:Creating environment hook '/home/nisanth/carla_ros_ws/build/ros_compatibility/src/share/ros_compatibility/hook/pythonpath_develop.ps1'
[3.222s] DEBUG:colcon.colcon_core.event_handler.log_command:Invoked command in '/home/nisanth/carla_ros_ws/build/ros_compatibility' returned '0': PYTHONPATH=/home/nisanth/carla_ros_ws/build/ros_compatibility/prefix_override:/usr/lib/python3/dist-packages/colcon_core/task/python/colcon_distutils_commands:/home/nisanth/carla_ros_ws/install/ros_compatibility/lib/python3.10/site-packages:${PYTHONPATH} /usr/bin/python3 -W ignore:setup.py install is deprecated -W ignore:easy_install command is deprecated setup.py develop --editable --build-directory /home/nisanth/carla_ros_ws/build/ros_compatibility/build --no-deps symlink_data
[3.223s] INFO:colcon.colcon_core.shell:Creating environment descriptor '/home/nisanth/carla_ros_ws/build/ros_compatibility/src/share/ros_compatibility/hook/pythonpath_develop.dsv'
[3.223s] INFO:colcon.colcon_core.shell:Creating environment hook '/home/nisanth/carla_ros_ws/build/ros_compatibility/src/share/ros_compatibility/hook/pythonpath_develop.sh'
[3.224s] Level 1:colcon.colcon_core.environment:checking '/home/nisanth/carla_ros_ws/install/ros_compatibility' for CMake module files
[3.224s] Level 1:colcon.colcon_core.environment:checking '/home/nisanth/carla_ros_ws/install/ros_compatibility' for CMake config files
[3.225s] Level 1:colcon.colcon_core.environment:checking '/home/nisanth/carla_ros_ws/install/ros_compatibility/lib'
[3.225s] Level 1:colcon.colcon_core.environment:checking '/home/nisanth/carla_ros_ws/install/ros_compatibility/bin'
[3.225s] Level 1:colcon.colcon_core.environment:checking '/home/nisanth/carla_ros_ws/install/ros_compatibility/lib/pkgconfig/ros_compatibility.pc'
[3.225s] Level 1:colcon.colcon_core.environment:checking '/home/nisanth/carla_ros_ws/install/ros_compatibility/lib/python3.10/site-packages'
[3.225s] Level 1:colcon.colcon_core.shell:create_environment_hook('ros_compatibility', 'pythonpath')
[3.225s] INFO:colcon.colcon_core.shell:Creating environment hook '/home/nisanth/carla_ros_ws/install/ros_compatibility/share/ros_compatibility/hook/pythonpath.ps1'
[3.226s] INFO:colcon.colcon_core.shell:Creating environment descriptor '/home/nisanth/carla_ros_ws/install/ros_compatibility/share/ros_compatibility/hook/pythonpath.dsv'
[3.226s] INFO:colcon.colcon_core.shell:Creating environment hook '/home/nisanth/carla_ros_ws/install/ros_compatibility/share/ros_compatibility/hook/pythonpath.sh'
[3.227s] Level 1:colcon.colcon_core.environment:checking '/home/nisanth/carla_ros_ws/install/ros_compatibility/bin'
[3.227s] Level 1:colcon.colcon_core.environment:create_environment_scripts_only(ros_compatibility)
[3.227s] INFO:colcon.colcon_core.shell:Creating package script '/home/nisanth/carla_ros_ws/install/ros_compatibility/share/ros_compatibility/package.ps1'
[3.228s] INFO:colcon.colcon_core.shell:Creating package descriptor '/home/nisanth/carla_ros_ws/install/ros_compatibility/share/ros_compatibility/package.dsv'
[3.228s] INFO:colcon.colcon_core.shell:Creating package script '/home/nisanth/carla_ros_ws/install/ros_compatibility/share/ros_compatibility/package.sh'
[3.229s] INFO:colcon.colcon_core.shell:Creating package script '/home/nisanth/carla_ros_ws/install/ros_compatibility/share/ros_compatibility/package.bash'
[3.229s] INFO:colcon.colcon_core.shell:Creating package script '/home/nisanth/carla_ros_ws/install/ros_compatibility/share/ros_compatibility/package.zsh'
[3.229s] Level 1:colcon.colcon_core.environment:create_file_with_runtime_dependencies(/home/nisanth/carla_ros_ws/install/ros_compatibility/share/colcon-core/packages/ros_compatibility)
[3.231s] Level 1:colcon.colcon_core.shell:create_environment_hook('rqt_carla_control', 'pythonpath_develop')
[3.232s] INFO:colcon.colcon_core.shell:Creating environment hook '/home/nisanth/carla_ros_ws/build/rqt_carla_control/src/share/rqt_carla_control/hook/pythonpath_develop.ps1'
[3.233s] DEBUG:colcon.colcon_core.event_handler.log_command:Invoked command in '/home/nisanth/carla_ros_ws/build/rqt_carla_control' returned '0': PYTHONPATH=/home/nisanth/carla_ros_ws/build/rqt_carla_control/prefix_override:/usr/lib/python3/dist-packages/colcon_core/task/python/colcon_distutils_commands:/home/nisanth/carla_ros_ws/install/rqt_carla_control/lib/python3.10/site-packages:${PYTHONPATH} /usr/bin/python3 -W ignore:setup.py install is deprecated -W ignore:easy_install command is deprecated setup.py develop --editable --build-directory /home/nisanth/carla_ros_ws/build/rqt_carla_control/build --no-deps symlink_data
[3.234s] INFO:colcon.colcon_core.shell:Creating environment descriptor '/home/nisanth/carla_ros_ws/build/rqt_carla_control/src/share/rqt_carla_control/hook/pythonpath_develop.dsv'
[3.234s] INFO:colcon.colcon_core.shell:Creating environment hook '/home/nisanth/carla_ros_ws/build/rqt_carla_control/src/share/rqt_carla_control/hook/pythonpath_develop.sh'
[3.235s] Level 1:colcon.colcon_core.environment:checking '/home/nisanth/carla_ros_ws/install/rqt_carla_control' for CMake module files
[3.236s] Level 1:colcon.colcon_core.environment:checking '/home/nisanth/carla_ros_ws/install/rqt_carla_control' for CMake config files
[3.236s] Level 1:colcon.colcon_core.environment:checking '/home/nisanth/carla_ros_ws/install/rqt_carla_control/lib'
[3.237s] Level 1:colcon.colcon_core.environment:checking '/home/nisanth/carla_ros_ws/install/rqt_carla_control/bin'
[3.237s] Level 1:colcon.colcon_core.environment:checking '/home/nisanth/carla_ros_ws/install/rqt_carla_control/lib/pkgconfig/rqt_carla_control.pc'
[3.237s] Level 1:colcon.colcon_core.environment:checking '/home/nisanth/carla_ros_ws/install/rqt_carla_control/lib/python3.10/site-packages'
[3.237s] Level 1:colcon.colcon_core.shell:create_environment_hook('rqt_carla_control', 'pythonpath')
[3.237s] INFO:colcon.colcon_core.shell:Creating environment hook '/home/nisanth/carla_ros_ws/install/rqt_carla_control/share/rqt_carla_control/hook/pythonpath.ps1'
[3.238s] INFO:colcon.colcon_core.shell:Creating environment descriptor '/home/nisanth/carla_ros_ws/install/rqt_carla_control/share/rqt_carla_control/hook/pythonpath.dsv'
[3.238s] INFO:colcon.colcon_core.shell:Creating environment hook '/home/nisanth/carla_ros_ws/install/rqt_carla_control/share/rqt_carla_control/hook/pythonpath.sh'
[3.239s] Level 1:colcon.colcon_core.environment:checking '/home/nisanth/carla_ros_ws/install/rqt_carla_control/bin'
[3.239s] Level 1:colcon.colcon_core.environment:create_environment_scripts_only(rqt_carla_control)
[3.239s] INFO:colcon.colcon_core.shell:Creating package script '/home/nisanth/carla_ros_ws/install/rqt_carla_control/share/rqt_carla_control/package.ps1'
[3.240s] INFO:colcon.colcon_core.shell:Creating package descriptor '/home/nisanth/carla_ros_ws/install/rqt_carla_control/share/rqt_carla_control/package.dsv'
[3.240s] INFO:colcon.colcon_core.shell:Creating package script '/home/nisanth/carla_ros_ws/install/rqt_carla_control/share/rqt_carla_control/package.sh'
[3.241s] INFO:colcon.colcon_core.shell:Creating package script '/home/nisanth/carla_ros_ws/install/rqt_carla_control/share/rqt_carla_control/package.bash'
[3.241s] INFO:colcon.colcon_core.shell:Creating package script '/home/nisanth/carla_ros_ws/install/rqt_carla_control/share/rqt_carla_control/package.zsh'
[3.242s] Level 1:colcon.colcon_core.environment:create_file_with_runtime_dependencies(/home/nisanth/carla_ros_ws/install/rqt_carla_control/share/colcon-core/packages/rqt_carla_control)
[5.041s] DEBUG:colcon.colcon_core.event_handler.log_command:Invoked command in '/home/nisanth/carla_ros_ws/build/carla_ros_scenario_runner_types' returned '0': CMAKE_PREFIX_PATH=/opt/ros/humble /usr/bin/cmake /home/nisanth/carla_ros_ws/src/ros-bridge/carla_ros_scenario_runner_types -DAMENT_CMAKE_SYMLINK_INSTALL=1 -DCMAKE_INSTALL_PREFIX=/home/nisanth/carla_ros_ws/install/carla_ros_scenario_runner_types
[5.043s] DEBUG:colcon.colcon_core.event_handler.log_command:Invoking command in '/home/nisanth/carla_ros_ws/build/carla_ros_scenario_runner_types': CMAKE_PREFIX_PATH=/opt/ros/humble /usr/bin/cmake --build /home/nisanth/carla_ros_ws/build/carla_ros_scenario_runner_types -- -j12 -l12
[5.084s] DEBUG:colcon.colcon_core.event_handler.log_command:Invoked command in '/home/nisanth/carla_ros_ws/build/carla_waypoint_types' returned '0': CMAKE_PREFIX_PATH=/opt/ros/humble /usr/bin/cmake /home/nisanth/carla_ros_ws/src/ros-bridge/carla_waypoint_types -DAMENT_CMAKE_SYMLINK_INSTALL=1 -DCMAKE_INSTALL_PREFIX=/home/nisanth/carla_ros_ws/install/carla_waypoint_types
[5.086s] DEBUG:colcon.colcon_core.event_handler.log_command:Invoking command in '/home/nisanth/carla_ros_ws/build/carla_waypoint_types': CMAKE_PREFIX_PATH=/opt/ros/humble /usr/bin/cmake --build /home/nisanth/carla_ros_ws/build/carla_waypoint_types -- -j12 -l12
[5.313s] DEBUG:colcon.colcon_core.event_handler.log_command:Invoked command in '/home/nisanth/carla_ros_ws/build/carla_msgs' returned '0': CMAKE_PREFIX_PATH=/opt/ros/humble /usr/bin/cmake /home/nisanth/carla_ros_ws/src/ros-bridge/carla_msgs -DAMENT_CMAKE_SYMLINK_INSTALL=1 -DCMAKE_INSTALL_PREFIX=/home/nisanth/carla_ros_ws/install/carla_msgs
[5.316s] DEBUG:colcon.colcon_core.event_handler.log_command:Invoking command in '/home/nisanth/carla_ros_ws/build/carla_msgs': CMAKE_PREFIX_PATH=/opt/ros/humble /usr/bin/cmake --build /home/nisanth/carla_ros_ws/build/carla_msgs -- -j12 -l12
[12.620s] DEBUG:colcon.colcon_core.event_handler.log_command:Invoked command in '/home/nisanth/carla_ros_ws/build/carla_waypoint_types' returned '0': CMAKE_PREFIX_PATH=/opt/ros/humble /usr/bin/cmake --build /home/nisanth/carla_ros_ws/build/carla_waypoint_types -- -j12 -l12
[12.652s] DEBUG:colcon.colcon_core.event_handler.log_command:Invoking command in '/home/nisanth/carla_ros_ws/build/carla_waypoint_types': CMAKE_PREFIX_PATH=/opt/ros/humble /usr/bin/cmake --install /home/nisanth/carla_ros_ws/build/carla_waypoint_types
[13.307s] DEBUG:colcon.colcon_core.event_handler.log_command:Invoked command in '/home/nisanth/carla_ros_ws/build/carla_ros_scenario_runner_types' returned '0': CMAKE_PREFIX_PATH=/opt/ros/humble /usr/bin/cmake --build /home/nisanth/carla_ros_ws/build/carla_ros_scenario_runner_types -- -j12 -l12
[13.308s] DEBUG:colcon.colcon_core.event_handler.log_command:Invoking command in '/home/nisanth/carla_ros_ws/build/carla_ros_scenario_runner_types': CMAKE_PREFIX_PATH=/opt/ros/humble /usr/bin/cmake --install /home/nisanth/carla_ros_ws/build/carla_ros_scenario_runner_types
[16.000s] Level 1:colcon.colcon_core.environment:create_environment_scripts_only(carla_waypoint_types)
[16.000s] DEBUG:colcon.colcon_core.event_handler.log_command:Invoked command in '/home/nisanth/carla_ros_ws/build/carla_waypoint_types' returned '0': CMAKE_PREFIX_PATH=/opt/ros/humble /usr/bin/cmake --install /home/nisanth/carla_ros_ws/build/carla_waypoint_types
[16.001s] Level 1:colcon.colcon_core.environment:checking '/home/nisanth/carla_ros_ws/install/carla_waypoint_types' for CMake module files
[16.002s] Level 1:colcon.colcon_core.environment:checking '/home/nisanth/carla_ros_ws/install/carla_waypoint_types' for CMake config files
[16.010s] Level 1:colcon.colcon_core.shell:create_environment_hook('carla_waypoint_types', 'cmake_prefix_path')
[16.010s] INFO:colcon.colcon_core.shell:Creating environment hook '/home/nisanth/carla_ros_ws/install/carla_waypoint_types/share/carla_waypoint_types/hook/cmake_prefix_path.ps1'
[16.012s] INFO:colcon.colcon_core.shell:Creating environment descriptor '/home/nisanth/carla_ros_ws/install/carla_waypoint_types/share/carla_waypoint_types/hook/cmake_prefix_path.dsv'
[16.013s] INFO:colcon.colcon_core.shell:Creating environment hook '/home/nisanth/carla_ros_ws/install/carla_waypoint_types/share/carla_waypoint_types/hook/cmake_prefix_path.sh'
[16.014s] Level 1:colcon.colcon_core.environment:checking '/home/nisanth/carla_ros_ws/install/carla_waypoint_types/lib'
[16.014s] Level 1:colcon.colcon_core.shell:create_environment_hook('carla_waypoint_types', 'ld_library_path_lib')
[16.015s] INFO:colcon.colcon_core.shell:Creating environment hook '/home/nisanth/carla_ros_ws/install/carla_waypoint_types/share/carla_waypoint_types/hook/ld_library_path_lib.ps1'
[16.015s] INFO:colcon.colcon_core.shell:Creating environment descriptor '/home/nisanth/carla_ros_ws/install/carla_waypoint_types/share/carla_waypoint_types/hook/ld_library_path_lib.dsv'
[16.015s] INFO:colcon.colcon_core.shell:Creating environment hook '/home/nisanth/carla_ros_ws/install/carla_waypoint_types/share/carla_waypoint_types/hook/ld_library_path_lib.sh'
[16.016s] Level 1:colcon.colcon_core.environment:checking '/home/nisanth/carla_ros_ws/install/carla_waypoint_types/bin'
[16.016s] Level 1:colcon.colcon_core.environment:checking '/home/nisanth/carla_ros_ws/install/carla_waypoint_types/lib/pkgconfig/carla_waypoint_types.pc'
[16.017s] Level 1:colcon.colcon_core.environment:checking '/home/nisanth/carla_ros_ws/install/carla_waypoint_types/lib/python3.10/site-packages'
[16.017s] Level 1:colcon.colcon_core.environment:checking '/home/nisanth/carla_ros_ws/install/carla_waypoint_types/bin'
[16.017s] INFO:colcon.colcon_core.shell:Creating package script '/home/nisanth/carla_ros_ws/install/carla_waypoint_types/share/carla_waypoint_types/package.ps1'
[16.018s] INFO:colcon.colcon_core.shell:Creating package descriptor '/home/nisanth/carla_ros_ws/install/carla_waypoint_types/share/carla_waypoint_types/package.dsv'
[16.019s] INFO:colcon.colcon_core.shell:Creating package script '/home/nisanth/carla_ros_ws/install/carla_waypoint_types/share/carla_waypoint_types/package.sh'
[16.019s] INFO:colcon.colcon_core.shell:Creating package script '/home/nisanth/carla_ros_ws/install/carla_waypoint_types/share/carla_waypoint_types/package.bash'
[16.019s] INFO:colcon.colcon_core.shell:Creating package script '/home/nisanth/carla_ros_ws/install/carla_waypoint_types/share/carla_waypoint_types/package.zsh'
[16.022s] Level 1:colcon.colcon_core.environment:create_file_with_runtime_dependencies(/home/nisanth/carla_ros_ws/install/carla_waypoint_types/share/colcon-core/packages/carla_waypoint_types)
[16.024s] Level 1:colcon.colcon_core.environment:create_environment_scripts_only(carla_waypoint_types)
[16.024s] Level 1:colcon.colcon_core.environment:checking '/home/nisanth/carla_ros_ws/install/carla_waypoint_types' for CMake module files
[16.026s] Level 1:colcon.colcon_core.environment:checking '/home/nisanth/carla_ros_ws/install/carla_waypoint_types' for CMake config files
[16.027s] Level 1:colcon.colcon_core.shell:create_environment_hook('carla_waypoint_types', 'cmake_prefix_path')
[16.028s] INFO:colcon.colcon_core.shell:Creating environment hook '/home/nisanth/carla_ros_ws/install/carla_waypoint_types/share/carla_waypoint_types/hook/cmake_prefix_path.ps1'
[16.029s] INFO:colcon.colcon_core.shell:Creating environment descriptor '/home/nisanth/carla_ros_ws/install/carla_waypoint_types/share/carla_waypoint_types/hook/cmake_prefix_path.dsv'
[16.030s] INFO:colcon.colcon_core.shell:Creating environment hook '/home/nisanth/carla_ros_ws/install/carla_waypoint_types/share/carla_waypoint_types/hook/cmake_prefix_path.sh'
[16.031s] Level 1:colcon.colcon_core.environment:checking '/home/nisanth/carla_ros_ws/install/carla_waypoint_types/lib'
[16.031s] Level 1:colcon.colcon_core.shell:create_environment_hook('carla_waypoint_types', 'ld_library_path_lib')
[16.031s] INFO:colcon.colcon_core.shell:Creating environment hook '/home/nisanth/carla_ros_ws/install/carla_waypoint_types/share/carla_waypoint_types/hook/ld_library_path_lib.ps1'
[16.032s] INFO:colcon.colcon_core.shell:Creating environment descriptor '/home/nisanth/carla_ros_ws/install/carla_waypoint_types/share/carla_waypoint_types/hook/ld_library_path_lib.dsv'
[16.032s] INFO:colcon.colcon_core.shell:Creating environment hook '/home/nisanth/carla_ros_ws/install/carla_waypoint_types/share/carla_waypoint_types/hook/ld_library_path_lib.sh'
[16.033s] Level 1:colcon.colcon_core.environment:checking '/home/nisanth/carla_ros_ws/install/carla_waypoint_types/bin'
[16.033s] Level 1:colcon.colcon_core.environment:checking '/home/nisanth/carla_ros_ws/install/carla_waypoint_types/lib/pkgconfig/carla_waypoint_types.pc'
[16.033s] Level 1:colcon.colcon_core.environment:checking '/home/nisanth/carla_ros_ws/install/carla_waypoint_types/lib/python3.10/site-packages'
[16.034s] Level 1:colcon.colcon_core.environment:checking '/home/nisanth/carla_ros_ws/install/carla_waypoint_types/bin'
[16.035s] INFO:colcon.colcon_core.shell:Creating package script '/home/nisanth/carla_ros_ws/install/carla_waypoint_types/share/carla_waypoint_types/package.ps1'
[16.036s] INFO:colcon.colcon_core.shell:Creating package descriptor '/home/nisanth/carla_ros_ws/install/carla_waypoint_types/share/carla_waypoint_types/package.dsv'
[16.037s] INFO:colcon.colcon_core.shell:Creating package script '/home/nisanth/carla_ros_ws/install/carla_waypoint_types/share/carla_waypoint_types/package.sh'
[16.039s] INFO:colcon.colcon_core.shell:Creating package script '/home/nisanth/carla_ros_ws/install/carla_waypoint_types/share/carla_waypoint_types/package.bash'
[16.041s] INFO:colcon.colcon_core.shell:Creating package script '/home/nisanth/carla_ros_ws/install/carla_waypoint_types/share/carla_waypoint_types/package.zsh'
[16.042s] Level 1:colcon.colcon_core.environment:create_file_with_runtime_dependencies(/home/nisanth/carla_ros_ws/install/carla_waypoint_types/share/colcon-core/packages/carla_waypoint_types)
[16.043s] INFO:colcon.colcon_ros.task.ament_python.build:Building ROS package in '/home/nisanth/carla_ros_ws/src/ros-bridge/carla_waypoint_publisher' with build type 'ament_python'
[16.043s] Level 1:colcon.colcon_core.shell:create_environment_hook('carla_waypoint_publisher', 'ament_prefix_path')
[16.043s] INFO:colcon.colcon_core.shell:Creating environment hook '/home/nisanth/carla_ros_ws/install/carla_waypoint_publisher/share/carla_waypoint_publisher/hook/ament_prefix_path.ps1'
[16.047s] INFO:colcon.colcon_core.shell:Creating environment descriptor '/home/nisanth/carla_ros_ws/install/carla_waypoint_publisher/share/carla_waypoint_publisher/hook/ament_prefix_path.dsv'
[16.048s] INFO:colcon.colcon_core.shell:Creating environment hook '/home/nisanth/carla_ros_ws/install/carla_waypoint_publisher/share/carla_waypoint_publisher/hook/ament_prefix_path.sh'
[16.048s] INFO:colcon.colcon_core.shell:Skip shell extension 'powershell' for command environment: Not usable outside of PowerShell
[16.049s] DEBUG:colcon.colcon_core.shell:Skip shell extension 'dsv' for command environment
[16.312s] INFO:colcon.colcon_core.task.python.build:Building Python package in '/home/nisanth/carla_ros_ws/src/ros-bridge/carla_waypoint_publisher'
[16.313s] INFO:colcon.colcon_core.shell:Skip shell extension 'powershell' for command environment: Not usable outside of PowerShell
[16.313s] DEBUG:colcon.colcon_core.shell:Skip shell extension 'dsv' for command environment
[16.321s] Level 1:colcon.colcon_core.environment:create_environment_scripts_only(carla_ros_scenario_runner_types)
[16.321s] Level 1:colcon.colcon_core.environment:checking '/home/nisanth/carla_ros_ws/install/carla_ros_scenario_runner_types' for CMake module files
[16.322s] DEBUG:colcon.colcon_core.event_handler.log_command:Invoked command in '/home/nisanth/carla_ros_ws/build/carla_ros_scenario_runner_types' returned '0': CMAKE_PREFIX_PATH=/opt/ros/humble /usr/bin/cmake --install /home/nisanth/carla_ros_ws/build/carla_ros_scenario_runner_types
[16.323s] Level 1:colcon.colcon_core.environment:checking '/home/nisanth/carla_ros_ws/install/carla_ros_scenario_runner_types' for CMake config files
[16.329s] Level 1:colcon.colcon_core.shell:create_environment_hook('carla_ros_scenario_runner_types', 'cmake_prefix_path')
[16.329s] INFO:colcon.colcon_core.shell:Creating environment hook '/home/nisanth/carla_ros_ws/install/carla_ros_scenario_runner_types/share/carla_ros_scenario_runner_types/hook/cmake_prefix_path.ps1'
[16.331s] INFO:colcon.colcon_core.shell:Creating environment descriptor '/home/nisanth/carla_ros_ws/install/carla_ros_scenario_runner_types/share/carla_ros_scenario_runner_types/hook/cmake_prefix_path.dsv'
[16.336s] INFO:colcon.colcon_core.shell:Creating environment hook '/home/nisanth/carla_ros_ws/install/carla_ros_scenario_runner_types/share/carla_ros_scenario_runner_types/hook/cmake_prefix_path.sh'
[16.337s] Level 1:colcon.colcon_core.environment:checking '/home/nisanth/carla_ros_ws/install/carla_ros_scenario_runner_types/lib'
[16.337s] Level 1:colcon.colcon_core.shell:create_environment_hook('carla_ros_scenario_runner_types', 'ld_library_path_lib')
[16.338s] INFO:colcon.colcon_core.shell:Creating environment hook '/home/nisanth/carla_ros_ws/install/carla_ros_scenario_runner_types/share/carla_ros_scenario_runner_types/hook/ld_library_path_lib.ps1'
[16.338s] INFO:colcon.colcon_core.shell:Creating environment descriptor '/home/nisanth/carla_ros_ws/install/carla_ros_scenario_runner_types/share/carla_ros_scenario_runner_types/hook/ld_library_path_lib.dsv'
[16.339s] INFO:colcon.colcon_core.shell:Creating environment hook '/home/nisanth/carla_ros_ws/install/carla_ros_scenario_runner_types/share/carla_ros_scenario_runner_types/hook/ld_library_path_lib.sh'
[16.339s] Level 1:colcon.colcon_core.environment:checking '/home/nisanth/carla_ros_ws/install/carla_ros_scenario_runner_types/bin'
[16.339s] Level 1:colcon.colcon_core.environment:checking '/home/nisanth/carla_ros_ws/install/carla_ros_scenario_runner_types/lib/pkgconfig/carla_ros_scenario_runner_types.pc'
[16.340s] Level 1:colcon.colcon_core.environment:checking '/home/nisanth/carla_ros_ws/install/carla_ros_scenario_runner_types/lib/python3.10/site-packages'
[16.344s] Level 1:colcon.colcon_core.environment:checking '/home/nisanth/carla_ros_ws/install/carla_ros_scenario_runner_types/bin'
[16.345s] INFO:colcon.colcon_core.shell:Creating package script '/home/nisanth/carla_ros_ws/install/carla_ros_scenario_runner_types/share/carla_ros_scenario_runner_types/package.ps1'
[16.346s] INFO:colcon.colcon_core.shell:Creating package descriptor '/home/nisanth/carla_ros_ws/install/carla_ros_scenario_runner_types/share/carla_ros_scenario_runner_types/package.dsv'
[16.347s] INFO:colcon.colcon_core.shell:Creating package script '/home/nisanth/carla_ros_ws/install/carla_ros_scenario_runner_types/share/carla_ros_scenario_runner_types/package.sh'
[16.353s] INFO:colcon.colcon_core.shell:Creating package script '/home/nisanth/carla_ros_ws/install/carla_ros_scenario_runner_types/share/carla_ros_scenario_runner_types/package.bash'
[16.353s] INFO:colcon.colcon_core.shell:Creating package script '/home/nisanth/carla_ros_ws/install/carla_ros_scenario_runner_types/share/carla_ros_scenario_runner_types/package.zsh'
[16.354s] Level 1:colcon.colcon_core.environment:create_file_with_runtime_dependencies(/home/nisanth/carla_ros_ws/install/carla_ros_scenario_runner_types/share/colcon-core/packages/carla_ros_scenario_runner_types)
[16.362s] Level 1:colcon.colcon_core.environment:create_environment_scripts_only(carla_ros_scenario_runner_types)
[16.362s] Level 1:colcon.colcon_core.environment:checking '/home/nisanth/carla_ros_ws/install/carla_ros_scenario_runner_types' for CMake module files
[16.369s] Level 1:colcon.colcon_core.environment:checking '/home/nisanth/carla_ros_ws/install/carla_ros_scenario_runner_types' for CMake config files
[16.376s] Level 1:colcon.colcon_core.shell:create_environment_hook('carla_ros_scenario_runner_types', 'cmake_prefix_path')
[16.377s] INFO:colcon.colcon_core.shell:Creating environment hook '/home/nisanth/carla_ros_ws/install/carla_ros_scenario_runner_types/share/carla_ros_scenario_runner_types/hook/cmake_prefix_path.ps1'
[16.378s] INFO:colcon.colcon_core.shell:Creating environment descriptor '/home/nisanth/carla_ros_ws/install/carla_ros_scenario_runner_types/share/carla_ros_scenario_runner_types/hook/cmake_prefix_path.dsv'
[16.378s] INFO:colcon.colcon_core.shell:Creating environment hook '/home/nisanth/carla_ros_ws/install/carla_ros_scenario_runner_types/share/carla_ros_scenario_runner_types/hook/cmake_prefix_path.sh'
[16.379s] Level 1:colcon.colcon_core.environment:checking '/home/nisanth/carla_ros_ws/install/carla_ros_scenario_runner_types/lib'
[16.379s] Level 1:colcon.colcon_core.shell:create_environment_hook('carla_ros_scenario_runner_types', 'ld_library_path_lib')
[16.379s] INFO:colcon.colcon_core.shell:Creating environment hook '/home/nisanth/carla_ros_ws/install/carla_ros_scenario_runner_types/share/carla_ros_scenario_runner_types/hook/ld_library_path_lib.ps1'
[16.384s] INFO:colcon.colcon_core.shell:Creating environment descriptor '/home/nisanth/carla_ros_ws/install/carla_ros_scenario_runner_types/share/carla_ros_scenario_runner_types/hook/ld_library_path_lib.dsv'
[16.385s] INFO:colcon.colcon_core.shell:Creating environment hook '/home/nisanth/carla_ros_ws/install/carla_ros_scenario_runner_types/share/carla_ros_scenario_runner_types/hook/ld_library_path_lib.sh'
[16.385s] Level 1:colcon.colcon_core.environment:checking '/home/nisanth/carla_ros_ws/install/carla_ros_scenario_runner_types/bin'
[16.385s] Level 1:colcon.colcon_core.environment:checking '/home/nisanth/carla_ros_ws/install/carla_ros_scenario_runner_types/lib/pkgconfig/carla_ros_scenario_runner_types.pc'
[16.385s] Level 1:colcon.colcon_core.environment:checking '/home/nisanth/carla_ros_ws/install/carla_ros_scenario_runner_types/lib/python3.10/site-packages'
[16.386s] Level 1:colcon.colcon_core.environment:checking '/home/nisanth/carla_ros_ws/install/carla_ros_scenario_runner_types/bin'
[16.387s] INFO:colcon.colcon_core.shell:Creating package script '/home/nisanth/carla_ros_ws/install/carla_ros_scenario_runner_types/share/carla_ros_scenario_runner_types/package.ps1'
[16.387s] INFO:colcon.colcon_core.shell:Creating package descriptor '/home/nisanth/carla_ros_ws/install/carla_ros_scenario_runner_types/share/carla_ros_scenario_runner_types/package.dsv'
[16.394s] INFO:colcon.colcon_core.shell:Creating package script '/home/nisanth/carla_ros_ws/install/carla_ros_scenario_runner_types/share/carla_ros_scenario_runner_types/package.sh'
[16.395s] INFO:colcon.colcon_core.shell:Creating package script '/home/nisanth/carla_ros_ws/install/carla_ros_scenario_runner_types/share/carla_ros_scenario_runner_types/package.bash'
[16.395s] INFO:colcon.colcon_core.shell:Creating package script '/home/nisanth/carla_ros_ws/install/carla_ros_scenario_runner_types/share/carla_ros_scenario_runner_types/package.zsh'
[16.396s] Level 1:colcon.colcon_core.environment:create_file_with_runtime_dependencies(/home/nisanth/carla_ros_ws/install/carla_ros_scenario_runner_types/share/colcon-core/packages/carla_ros_scenario_runner_types)
[17.347s] DEBUG:colcon.colcon_core.event_handler.log_command:Invoking command in '/home/nisanth/carla_ros_ws/build/carla_waypoint_publisher': AMENT_PREFIX_PATH=/home/nisanth/carla_ros_ws/install/ros_compatibility:/home/nisanth/carla_ros_ws/install/carla_waypoint_types:${AMENT_PREFIX_PATH} CMAKE_PREFIX_PATH=/home/nisanth/carla_ros_ws/install/carla_waypoint_types LD_LIBRARY_PATH=/home/nisanth/carla_ros_ws/install/carla_waypoint_types/lib:${LD_LIBRARY_PATH} PYTHONPATH=/home/nisanth/carla_ros_ws/build/carla_waypoint_publisher/prefix_override:/usr/lib/python3/dist-packages/colcon_core/task/python/colcon_distutils_commands:/home/nisanth/carla_ros_ws/install/carla_waypoint_publisher/lib/python3.10/site-packages:/home/nisanth/carla_ros_ws/build/ros_compatibility/src:/home/nisanth/carla_ros_ws/install/ros_compatibility/lib/python3.10/site-packages:/home/nisanth/carla_ros_ws/install/carla_waypoint_types/local/lib/python3.10/dist-packages:${PYTHONPATH} /usr/bin/python3 -W ignore:setup.py install is deprecated -W ignore:easy_install command is deprecated setup.py develop --editable --build-directory /home/nisanth/carla_ros_ws/build/carla_waypoint_publisher/build --no-deps symlink_data
[17.783s] Level 1:colcon.colcon_core.shell:create_environment_hook('carla_waypoint_publisher', 'pythonpath_develop')
[17.784s] INFO:colcon.colcon_core.shell:Creating environment hook '/home/nisanth/carla_ros_ws/build/carla_waypoint_publisher/src/share/carla_waypoint_publisher/hook/pythonpath_develop.ps1'
[17.784s] DEBUG:colcon.colcon_core.event_handler.log_command:Invoked command in '/home/nisanth/carla_ros_ws/build/carla_waypoint_publisher' returned '0': AMENT_PREFIX_PATH=/home/nisanth/carla_ros_ws/install/ros_compatibility:/home/nisanth/carla_ros_ws/install/carla_waypoint_types:${AMENT_PREFIX_PATH} CMAKE_PREFIX_PATH=/home/nisanth/carla_ros_ws/install/carla_waypoint_types LD_LIBRARY_PATH=/home/nisanth/carla_ros_ws/install/carla_waypoint_types/lib:${LD_LIBRARY_PATH} PYTHONPATH=/home/nisanth/carla_ros_ws/build/carla_waypoint_publisher/prefix_override:/usr/lib/python3/dist-packages/colcon_core/task/python/colcon_distutils_commands:/home/nisanth/carla_ros_ws/install/carla_waypoint_publisher/lib/python3.10/site-packages:/home/nisanth/carla_ros_ws/build/ros_compatibility/src:/home/nisanth/carla_ros_ws/install/ros_compatibility/lib/python3.10/site-packages:/home/nisanth/carla_ros_ws/install/carla_waypoint_types/local/lib/python3.10/dist-packages:${PYTHONPATH} /usr/bin/python3 -W ignore:setup.py install is deprecated -W ignore:easy_install command is deprecated setup.py develop --editable --build-directory /home/nisanth/carla_ros_ws/build/carla_waypoint_publisher/build --no-deps symlink_data
[17.786s] INFO:colcon.colcon_core.shell:Creating environment descriptor '/home/nisanth/carla_ros_ws/build/carla_waypoint_publisher/src/share/carla_waypoint_publisher/hook/pythonpath_develop.dsv'
[17.787s] INFO:colcon.colcon_core.shell:Creating environment hook '/home/nisanth/carla_ros_ws/build/carla_waypoint_publisher/src/share/carla_waypoint_publisher/hook/pythonpath_develop.sh'
[17.787s] Level 1:colcon.colcon_core.environment:checking '/home/nisanth/carla_ros_ws/install/carla_waypoint_publisher' for CMake module files
[17.787s] Level 1:colcon.colcon_core.environment:checking '/home/nisanth/carla_ros_ws/install/carla_waypoint_publisher' for CMake config files
[17.788s] Level 1:colcon.colcon_core.environment:checking '/home/nisanth/carla_ros_ws/install/carla_waypoint_publisher/lib'
[17.788s] Level 1:colcon.colcon_core.environment:checking '/home/nisanth/carla_ros_ws/install/carla_waypoint_publisher/bin'
[17.788s] Level 1:colcon.colcon_core.environment:checking '/home/nisanth/carla_ros_ws/install/carla_waypoint_publisher/lib/pkgconfig/carla_waypoint_publisher.pc'
[17.788s] Level 1:colcon.colcon_core.environment:checking '/home/nisanth/carla_ros_ws/install/carla_waypoint_publisher/lib/python3.10/site-packages'
[17.788s] Level 1:colcon.colcon_core.shell:create_environment_hook('carla_waypoint_publisher', 'pythonpath')
[17.789s] INFO:colcon.colcon_core.shell:Creating environment hook '/home/nisanth/carla_ros_ws/install/carla_waypoint_publisher/share/carla_waypoint_publisher/hook/pythonpath.ps1'
[17.789s] INFO:colcon.colcon_core.shell:Creating environment descriptor '/home/nisanth/carla_ros_ws/install/carla_waypoint_publisher/share/carla_waypoint_publisher/hook/pythonpath.dsv'
[17.789s] INFO:colcon.colcon_core.shell:Creating environment hook '/home/nisanth/carla_ros_ws/install/carla_waypoint_publisher/share/carla_waypoint_publisher/hook/pythonpath.sh'
[17.790s] Level 1:colcon.colcon_core.environment:checking '/home/nisanth/carla_ros_ws/install/carla_waypoint_publisher/bin'
[17.790s] Level 1:colcon.colcon_core.environment:create_environment_scripts_only(carla_waypoint_publisher)
[17.790s] INFO:colcon.colcon_core.shell:Creating package script '/home/nisanth/carla_ros_ws/install/carla_waypoint_publisher/share/carla_waypoint_publisher/package.ps1'
[17.790s] INFO:colcon.colcon_core.shell:Creating package descriptor '/home/nisanth/carla_ros_ws/install/carla_waypoint_publisher/share/carla_waypoint_publisher/package.dsv'
[17.791s] INFO:colcon.colcon_core.shell:Creating package script '/home/nisanth/carla_ros_ws/install/carla_waypoint_publisher/share/carla_waypoint_publisher/package.sh'
[17.791s] INFO:colcon.colcon_core.shell:Creating package script '/home/nisanth/carla_ros_ws/install/carla_waypoint_publisher/share/carla_waypoint_publisher/package.bash'
[17.791s] INFO:colcon.colcon_core.shell:Creating package script '/home/nisanth/carla_ros_ws/install/carla_waypoint_publisher/share/carla_waypoint_publisher/package.zsh'
[17.792s] Level 1:colcon.colcon_core.environment:create_file_with_runtime_dependencies(/home/nisanth/carla_ros_ws/install/carla_waypoint_publisher/share/colcon-core/packages/carla_waypoint_publisher)
[20.851s] DEBUG:colcon.colcon_core.event_handler.log_command:Invoked command in '/home/nisanth/carla_ros_ws/build/carla_msgs' returned '0': CMAKE_PREFIX_PATH=/opt/ros/humble /usr/bin/cmake --build /home/nisanth/carla_ros_ws/build/carla_msgs -- -j12 -l12
[20.853s] DEBUG:colcon.colcon_core.event_handler.log_command:Invoking command in '/home/nisanth/carla_ros_ws/build/carla_msgs': CMAKE_PREFIX_PATH=/opt/ros/humble /usr/bin/cmake --install /home/nisanth/carla_ros_ws/build/carla_msgs
[25.507s] Level 1:colcon.colcon_core.environment:create_environment_scripts_only(carla_msgs)
[25.507s] Level 1:colcon.colcon_core.environment:checking '/home/nisanth/carla_ros_ws/install/carla_msgs' for CMake module files
[25.508s] DEBUG:colcon.colcon_core.event_handler.log_command:Invoked command in '/home/nisanth/carla_ros_ws/build/carla_msgs' returned '0': CMAKE_PREFIX_PATH=/opt/ros/humble /usr/bin/cmake --install /home/nisanth/carla_ros_ws/build/carla_msgs
[25.508s] Level 1:colcon.colcon_core.environment:checking '/home/nisanth/carla_ros_ws/install/carla_msgs' for CMake config files
[25.512s] Level 1:colcon.colcon_core.shell:create_environment_hook('carla_msgs', 'cmake_prefix_path')
[25.513s] INFO:colcon.colcon_core.shell:Creating environment hook '/home/nisanth/carla_ros_ws/install/carla_msgs/share/carla_msgs/hook/cmake_prefix_path.ps1'
[25.514s] INFO:colcon.colcon_core.shell:Creating environment descriptor '/home/nisanth/carla_ros_ws/install/carla_msgs/share/carla_msgs/hook/cmake_prefix_path.dsv'
[25.514s] INFO:colcon.colcon_core.shell:Creating environment hook '/home/nisanth/carla_ros_ws/install/carla_msgs/share/carla_msgs/hook/cmake_prefix_path.sh'
[25.514s] Level 1:colcon.colcon_core.environment:checking '/home/nisanth/carla_ros_ws/install/carla_msgs/lib'
[25.514s] Level 1:colcon.colcon_core.shell:create_environment_hook('carla_msgs', 'ld_library_path_lib')
[25.515s] INFO:colcon.colcon_core.shell:Creating environment hook '/home/nisanth/carla_ros_ws/install/carla_msgs/share/carla_msgs/hook/ld_library_path_lib.ps1'
[25.515s] INFO:colcon.colcon_core.shell:Creating environment descriptor '/home/nisanth/carla_ros_ws/install/carla_msgs/share/carla_msgs/hook/ld_library_path_lib.dsv'
[25.515s] INFO:colcon.colcon_core.shell:Creating environment hook '/home/nisanth/carla_ros_ws/install/carla_msgs/share/carla_msgs/hook/ld_library_path_lib.sh'
[25.516s] Level 1:colcon.colcon_core.environment:checking '/home/nisanth/carla_ros_ws/install/carla_msgs/bin'
[25.516s] Level 1:colcon.colcon_core.environment:checking '/home/nisanth/carla_ros_ws/install/carla_msgs/lib/pkgconfig/carla_msgs.pc'
[25.516s] Level 1:colcon.colcon_core.environment:checking '/home/nisanth/carla_ros_ws/install/carla_msgs/lib/python3.10/site-packages'
[25.516s] Level 1:colcon.colcon_core.environment:checking '/home/nisanth/carla_ros_ws/install/carla_msgs/bin'
[25.516s] INFO:colcon.colcon_core.shell:Creating package script '/home/nisanth/carla_ros_ws/install/carla_msgs/share/carla_msgs/package.ps1'
[25.517s] INFO:colcon.colcon_core.shell:Creating package descriptor '/home/nisanth/carla_ros_ws/install/carla_msgs/share/carla_msgs/package.dsv'
[25.517s] INFO:colcon.colcon_core.shell:Creating package script '/home/nisanth/carla_ros_ws/install/carla_msgs/share/carla_msgs/package.sh'
[25.518s] INFO:colcon.colcon_core.shell:Creating package script '/home/nisanth/carla_ros_ws/install/carla_msgs/share/carla_msgs/package.bash'
[25.518s] INFO:colcon.colcon_core.shell:Creating package script '/home/nisanth/carla_ros_ws/install/carla_msgs/share/carla_msgs/package.zsh'
[25.518s] Level 1:colcon.colcon_core.environment:create_file_with_runtime_dependencies(/home/nisanth/carla_ros_ws/install/carla_msgs/share/colcon-core/packages/carla_msgs)
[25.519s] Level 1:colcon.colcon_core.environment:create_environment_scripts_only(carla_msgs)
[25.520s] Level 1:colcon.colcon_core.environment:checking '/home/nisanth/carla_ros_ws/install/carla_msgs' for CMake module files
[25.520s] Level 1:colcon.colcon_core.environment:checking '/home/nisanth/carla_ros_ws/install/carla_msgs' for CMake config files
[25.523s] Level 1:colcon.colcon_core.shell:create_environment_hook('carla_msgs', 'cmake_prefix_path')
[25.524s] INFO:colcon.colcon_core.shell:Creating environment hook '/home/nisanth/carla_ros_ws/install/carla_msgs/share/carla_msgs/hook/cmake_prefix_path.ps1'
[25.524s] INFO:colcon.colcon_core.shell:Creating environment descriptor '/home/nisanth/carla_ros_ws/install/carla_msgs/share/carla_msgs/hook/cmake_prefix_path.dsv'
[25.524s] INFO:colcon.colcon_core.shell:Creating environment hook '/home/nisanth/carla_ros_ws/install/carla_msgs/share/carla_msgs/hook/cmake_prefix_path.sh'
[25.525s] Level 1:colcon.colcon_core.environment:checking '/home/nisanth/carla_ros_ws/install/carla_msgs/lib'
[25.525s] Level 1:colcon.colcon_core.shell:create_environment_hook('carla_msgs', 'ld_library_path_lib')
[25.525s] INFO:colcon.colcon_core.shell:Creating environment hook '/home/nisanth/carla_ros_ws/install/carla_msgs/share/carla_msgs/hook/ld_library_path_lib.ps1'
[25.525s] INFO:colcon.colcon_core.shell:Creating environment descriptor '/home/nisanth/carla_ros_ws/install/carla_msgs/share/carla_msgs/hook/ld_library_path_lib.dsv'
[25.526s] INFO:colcon.colcon_core.shell:Creating environment hook '/home/nisanth/carla_ros_ws/install/carla_msgs/share/carla_msgs/hook/ld_library_path_lib.sh'
[25.526s] Level 1:colcon.colcon_core.environment:checking '/home/nisanth/carla_ros_ws/install/carla_msgs/bin'
[25.526s] Level 1:colcon.colcon_core.environment:checking '/home/nisanth/carla_ros_ws/install/carla_msgs/lib/pkgconfig/carla_msgs.pc'
[25.526s] Level 1:colcon.colcon_core.environment:checking '/home/nisanth/carla_ros_ws/install/carla_msgs/lib/python3.10/site-packages'
[25.527s] Level 1:colcon.colcon_core.environment:checking '/home/nisanth/carla_ros_ws/install/carla_msgs/bin'
[25.527s] INFO:colcon.colcon_core.shell:Creating package script '/home/nisanth/carla_ros_ws/install/carla_msgs/share/carla_msgs/package.ps1'
[25.527s] INFO:colcon.colcon_core.shell:Creating package descriptor '/home/nisanth/carla_ros_ws/install/carla_msgs/share/carla_msgs/package.dsv'
[25.528s] INFO:colcon.colcon_core.shell:Creating package script '/home/nisanth/carla_ros_ws/install/carla_msgs/share/carla_msgs/package.sh'
[25.528s] INFO:colcon.colcon_core.shell:Creating package script '/home/nisanth/carla_ros_ws/install/carla_msgs/share/carla_msgs/package.bash'
[25.529s] INFO:colcon.colcon_core.shell:Creating package script '/home/nisanth/carla_ros_ws/install/carla_msgs/share/carla_msgs/package.zsh'
[25.529s] Level 1:colcon.colcon_core.environment:create_file_with_runtime_dependencies(/home/nisanth/carla_ros_ws/install/carla_msgs/share/colcon-core/packages/carla_msgs)
[25.529s] INFO:colcon.colcon_ros.task.ament_python.build:Building ROS package in '/home/nisanth/carla_ros_ws/src/ros-bridge/carla_manual_control' with build type 'ament_python'
[25.530s] Level 1:colcon.colcon_core.shell:create_environment_hook('carla_manual_control', 'ament_prefix_path')
[25.530s] INFO:colcon.colcon_core.shell:Creating environment hook '/home/nisanth/carla_ros_ws/install/carla_manual_control/share/carla_manual_control/hook/ament_prefix_path.ps1'
[25.532s] INFO:colcon.colcon_core.shell:Creating environment descriptor '/home/nisanth/carla_ros_ws/install/carla_manual_control/share/carla_manual_control/hook/ament_prefix_path.dsv'
[25.533s] INFO:colcon.colcon_core.shell:Creating environment hook '/home/nisanth/carla_ros_ws/install/carla_manual_control/share/carla_manual_control/hook/ament_prefix_path.sh'
[25.533s] INFO:colcon.colcon_core.shell:Skip shell extension 'powershell' for command environment: Not usable outside of PowerShell
[25.533s] DEBUG:colcon.colcon_core.shell:Skip shell extension 'dsv' for command environment
[25.537s] INFO:colcon.colcon_ros.task.ament_python.build:Building ROS package in '/home/nisanth/carla_ros_ws/src/ros-bridge/carla_spawn_objects' with build type 'ament_python'
[25.537s] Level 1:colcon.colcon_core.shell:create_environment_hook('carla_spawn_objects', 'ament_prefix_path')
[25.537s] INFO:colcon.colcon_core.shell:Creating environment hook '/home/nisanth/carla_ros_ws/install/carla_spawn_objects/share/carla_spawn_objects/hook/ament_prefix_path.ps1'
[25.539s] INFO:colcon.colcon_core.shell:Creating environment descriptor '/home/nisanth/carla_ros_ws/install/carla_spawn_objects/share/carla_spawn_objects/hook/ament_prefix_path.dsv'
[25.539s] INFO:colcon.colcon_core.shell:Creating environment hook '/home/nisanth/carla_ros_ws/install/carla_spawn_objects/share/carla_spawn_objects/hook/ament_prefix_path.sh'
[25.540s] INFO:colcon.colcon_core.shell:Skip shell extension 'powershell' for command environment: Not usable outside of PowerShell
[25.540s] DEBUG:colcon.colcon_core.shell:Skip shell extension 'dsv' for command environment
[25.544s] INFO:colcon.colcon_ros.task.ament_cmake.build:Building ROS package in '/home/nisanth/carla_ros_ws/src/ros-bridge/carla_ackermann_msgs' with build type 'ament_cmake'
[25.544s] INFO:colcon.colcon_cmake.task.cmake.build:Building CMake package in '/home/nisanth/carla_ros_ws/src/ros-bridge/carla_ackermann_msgs'
[25.544s] INFO:colcon.colcon_core.shell:Skip shell extension 'powershell' for command environment: Not usable outside of PowerShell
[25.544s] DEBUG:colcon.colcon_core.shell:Skip shell extension 'dsv' for command environment
[25.548s] INFO:colcon.colcon_ros.task.ament_python.build:Building ROS package in '/home/nisanth/carla_ros_ws/src/ros-bridge/carla_ad_agent' with build type 'ament_python'
[25.548s] Level 1:colcon.colcon_core.shell:create_environment_hook('carla_ad_agent', 'ament_prefix_path')
[25.549s] INFO:colcon.colcon_core.shell:Creating environment hook '/home/nisanth/carla_ros_ws/install/carla_ad_agent/share/carla_ad_agent/hook/ament_prefix_path.ps1'
[25.551s] INFO:colcon.colcon_core.shell:Creating environment descriptor '/home/nisanth/carla_ros_ws/install/carla_ad_agent/share/carla_ad_agent/hook/ament_prefix_path.dsv'
[25.551s] INFO:colcon.colcon_core.shell:Creating environment hook '/home/nisanth/carla_ros_ws/install/carla_ad_agent/share/carla_ad_agent/hook/ament_prefix_path.sh'
[25.552s] INFO:colcon.colcon_core.shell:Skip shell extension 'powershell' for command environment: Not usable outside of PowerShell
[25.552s] DEBUG:colcon.colcon_core.shell:Skip shell extension 'dsv' for command environment
[25.556s] INFO:colcon.colcon_ros.task.ament_python.build:Building ROS package in '/home/nisanth/carla_ros_ws/src/ros-bridge/carla_ros_scenario_runner' with build type 'ament_python'
[25.556s] Level 1:colcon.colcon_core.shell:create_environment_hook('carla_ros_scenario_runner', 'ament_prefix_path')
[25.556s] INFO:colcon.colcon_core.shell:Creating environment hook '/home/nisanth/carla_ros_ws/install/carla_ros_scenario_runner/share/carla_ros_scenario_runner/hook/ament_prefix_path.ps1'
[25.559s] INFO:colcon.colcon_core.shell:Creating environment descriptor '/home/nisanth/carla_ros_ws/install/carla_ros_scenario_runner/share/carla_ros_scenario_runner/hook/ament_prefix_path.dsv'
[25.559s] INFO:colcon.colcon_core.shell:Creating environment hook '/home/nisanth/carla_ros_ws/install/carla_ros_scenario_runner/share/carla_ros_scenario_runner/hook/ament_prefix_path.sh'
[25.560s] INFO:colcon.colcon_core.shell:Skip shell extension 'powershell' for command environment: Not usable outside of PowerShell
[25.561s] DEBUG:colcon.colcon_core.shell:Skip shell extension 'dsv' for command environment
[25.565s] INFO:colcon.colcon_ros.task.ament_cmake.build:Building ROS package in '/home/nisanth/carla_ros_ws/src/ros-bridge/rviz_carla_plugin' with build type 'ament_cmake'
[25.565s] INFO:colcon.colcon_cmake.task.cmake.build:Building CMake package in '/home/nisanth/carla_ros_ws/src/ros-bridge/rviz_carla_plugin'
[25.565s] INFO:colcon.colcon_core.shell:Skip shell extension 'powershell' for command environment: Not usable outside of PowerShell
[25.565s] DEBUG:colcon.colcon_core.shell:Skip shell extension 'dsv' for command environment
[25.570s] INFO:colcon.colcon_ros.task.ament_python.build:Building ROS package in '/home/nisanth/carla_ros_ws/src/ros-bridge/carla_walker_agent' with build type 'ament_python'
[25.570s] Level 1:colcon.colcon_core.shell:create_environment_hook('carla_walker_agent', 'ament_prefix_path')
[25.570s] INFO:colcon.colcon_core.shell:Creating environment hook '/home/nisanth/carla_ros_ws/install/carla_walker_agent/share/carla_walker_agent/hook/ament_prefix_path.ps1'
[25.573s] INFO:colcon.colcon_core.shell:Creating environment descriptor '/home/nisanth/carla_ros_ws/install/carla_walker_agent/share/carla_walker_agent/hook/ament_prefix_path.dsv'
[25.574s] INFO:colcon.colcon_core.shell:Creating environment hook '/home/nisanth/carla_ros_ws/install/carla_walker_agent/share/carla_walker_agent/hook/ament_prefix_path.sh'
[25.574s] INFO:colcon.colcon_core.shell:Skip shell extension 'powershell' for command environment: Not usable outside of PowerShell
[25.574s] DEBUG:colcon.colcon_core.shell:Skip shell extension 'dsv' for command environment
[25.606s] DEBUG:colcon.colcon_core.event_handler.log_command:Invoking command in '/home/nisanth/carla_ros_ws/build/carla_ackermann_msgs': AMENT_PREFIX_PATH=/home/nisanth/carla_ros_ws/install/carla_msgs:${AMENT_PREFIX_PATH} CMAKE_PREFIX_PATH=/home/nisanth/carla_ros_ws/install/carla_msgs:/opt/ros/humble LD_LIBRARY_PATH=/home/nisanth/carla_ros_ws/install/carla_msgs/lib:${LD_LIBRARY_PATH} PYTHONPATH=/home/nisanth/carla_ros_ws/install/carla_msgs/local/lib/python3.10/dist-packages:${PYTHONPATH} /usr/bin/cmake /home/nisanth/carla_ros_ws/src/ros-bridge/carla_ackermann_msgs -DAMENT_CMAKE_SYMLINK_INSTALL=1 -DCMAKE_INSTALL_PREFIX=/home/nisanth/carla_ros_ws/install/carla_ackermann_msgs
[25.920s] INFO:colcon.colcon_core.task.python.build:Building Python package in '/home/nisanth/carla_ros_ws/src/ros-bridge/carla_walker_agent'
[25.920s] INFO:colcon.colcon_core.shell:Skip shell extension 'powershell' for command environment: Not usable outside of PowerShell
[25.920s] DEBUG:colcon.colcon_core.shell:Skip shell extension 'dsv' for command environment
[26.178s] INFO:colcon.colcon_core.task.python.build:Building Python package in '/home/nisanth/carla_ros_ws/src/ros-bridge/carla_manual_control'
[26.179s] INFO:colcon.colcon_core.shell:Skip shell extension 'powershell' for command environment: Not usable outside of PowerShell
[26.179s] DEBUG:colcon.colcon_core.shell:Skip shell extension 'dsv' for command environment
[26.453s] INFO:colcon.colcon_core.task.python.build:Building Python package in '/home/nisanth/carla_ros_ws/src/ros-bridge/carla_spawn_objects'
[26.453s] INFO:colcon.colcon_core.shell:Skip shell extension 'powershell' for command environment: Not usable outside of PowerShell
[26.453s] DEBUG:colcon.colcon_core.shell:Skip shell extension 'dsv' for command environment
[26.463s] DEBUG:colcon.colcon_core.event_handler.log_command:Invoking command in '/home/nisanth/carla_ros_ws/build/rviz_carla_plugin': AMENT_PREFIX_PATH=/home/nisanth/carla_ros_ws/install/carla_ros_scenario_runner_types:/home/nisanth/carla_ros_ws/install/carla_msgs:${AMENT_PREFIX_PATH} CMAKE_PREFIX_PATH=/home/nisanth/carla_ros_ws/install/carla_ros_scenario_runner_types:/home/nisanth/carla_ros_ws/install/carla_msgs:/opt/ros/humble LD_LIBRARY_PATH=/home/nisanth/carla_ros_ws/install/carla_ros_scenario_runner_types/lib:/home/nisanth/carla_ros_ws/install/carla_msgs/lib:${LD_LIBRARY_PATH} PYTHONPATH=/home/nisanth/carla_ros_ws/install/carla_ros_scenario_runner_types/local/lib/python3.10/dist-packages:/home/nisanth/carla_ros_ws/install/carla_msgs/local/lib/python3.10/dist-packages:${PYTHONPATH} /usr/bin/cmake /home/nisanth/carla_ros_ws/src/ros-bridge/rviz_carla_plugin -DAMENT_CMAKE_SYMLINK_INSTALL=1 -DCMAKE_INSTALL_PREFIX=/home/nisanth/carla_ros_ws/install/rviz_carla_plugin
[26.752s] INFO:colcon.colcon_core.task.python.build:Building Python package in '/home/nisanth/carla_ros_ws/src/ros-bridge/carla_ad_agent'
[26.752s] INFO:colcon.colcon_core.shell:Skip shell extension 'powershell' for command environment: Not usable outside of PowerShell
[26.752s] DEBUG:colcon.colcon_core.shell:Skip shell extension 'dsv' for command environment
[27.052s] INFO:colcon.colcon_core.task.python.build:Building Python package in '/home/nisanth/carla_ros_ws/src/ros-bridge/carla_ros_scenario_runner'
[27.052s] INFO:colcon.colcon_core.shell:Skip shell extension 'powershell' for command environment: Not usable outside of PowerShell
[27.052s] DEBUG:colcon.colcon_core.shell:Skip shell extension 'dsv' for command environment
[27.612s] DEBUG:colcon.colcon_core.event_handler.log_command:Invoking command in '/home/nisanth/carla_ros_ws/build/carla_walker_agent': AMENT_PREFIX_PATH=/home/nisanth/carla_ros_ws/install/carla_msgs:${AMENT_PREFIX_PATH} CMAKE_PREFIX_PATH=/home/nisanth/carla_ros_ws/install/carla_msgs LD_LIBRARY_PATH=/home/nisanth/carla_ros_ws/install/carla_msgs/lib:${LD_LIBRARY_PATH} PYTHONPATH=/home/nisanth/carla_ros_ws/build/carla_walker_agent/prefix_override:/usr/lib/python3/dist-packages/colcon_core/task/python/colcon_distutils_commands:/home/nisanth/carla_ros_ws/install/carla_walker_agent/lib/python3.10/site-packages:/home/nisanth/carla_ros_ws/install/carla_msgs/local/lib/python3.10/dist-packages:${PYTHONPATH} /usr/bin/python3 -W ignore:setup.py install is deprecated -W ignore:easy_install command is deprecated setup.py develop --editable --build-directory /home/nisanth/carla_ros_ws/build/carla_walker_agent/build --no-deps symlink_data
[27.638s] DEBUG:colcon.colcon_core.event_handler.log_command:Invoking command in '/home/nisanth/carla_ros_ws/build/carla_spawn_objects': AMENT_PREFIX_PATH=/home/nisanth/carla_ros_ws/install/ros_compatibility:/home/nisanth/carla_ros_ws/install/carla_msgs:${AMENT_PREFIX_PATH} CMAKE_PREFIX_PATH=/home/nisanth/carla_ros_ws/install/carla_msgs LD_LIBRARY_PATH=/home/nisanth/carla_ros_ws/install/carla_msgs/lib:${LD_LIBRARY_PATH} PYTHONPATH=/home/nisanth/carla_ros_ws/build/carla_spawn_objects/prefix_override:/usr/lib/python3/dist-packages/colcon_core/task/python/colcon_distutils_commands:/home/nisanth/carla_ros_ws/install/carla_spawn_objects/lib/python3.10/site-packages:/home/nisanth/carla_ros_ws/build/ros_compatibility/src:/home/nisanth/carla_ros_ws/install/ros_compatibility/lib/python3.10/site-packages:/home/nisanth/carla_ros_ws/install/carla_msgs/local/lib/python3.10/dist-packages:${PYTHONPATH} /usr/bin/python3 -W ignore:setup.py install is deprecated -W ignore:easy_install command is deprecated setup.py develop --editable --build-directory /home/nisanth/carla_ros_ws/build/carla_spawn_objects/build --no-deps symlink_data
[27.644s] DEBUG:colcon.colcon_core.event_handler.log_command:Invoking command in '/home/nisanth/carla_ros_ws/build/carla_manual_control': AMENT_PREFIX_PATH=/home/nisanth/carla_ros_ws/install/ros_compatibility:/home/nisanth/carla_ros_ws/install/carla_msgs:${AMENT_PREFIX_PATH} CMAKE_PREFIX_PATH=/home/nisanth/carla_ros_ws/install/carla_msgs LD_LIBRARY_PATH=/home/nisanth/carla_ros_ws/install/carla_msgs/lib:${LD_LIBRARY_PATH} PYTHONPATH=/home/nisanth/carla_ros_ws/build/carla_manual_control/prefix_override:/usr/lib/python3/dist-packages/colcon_core/task/python/colcon_distutils_commands:/home/nisanth/carla_ros_ws/install/carla_manual_control/lib/python3.10/site-packages:/home/nisanth/carla_ros_ws/build/ros_compatibility/src:/home/nisanth/carla_ros_ws/install/ros_compatibility/lib/python3.10/site-packages:/home/nisanth/carla_ros_ws/install/carla_msgs/local/lib/python3.10/dist-packages:${PYTHONPATH} /usr/bin/python3 -W ignore:setup.py install is deprecated -W ignore:easy_install command is deprecated setup.py develop --editable --build-directory /home/nisanth/carla_ros_ws/build/carla_manual_control/build --no-deps symlink_data
[27.653s] DEBUG:colcon.colcon_core.event_handler.log_command:Invoking command in '/home/nisanth/carla_ros_ws/build/carla_ad_agent': AMENT_PREFIX_PATH=/home/nisanth/carla_ros_ws/install/ros_compatibility:/home/nisanth/carla_ros_ws/install/carla_waypoint_types:/home/nisanth/carla_ros_ws/install/carla_msgs:${AMENT_PREFIX_PATH} CMAKE_PREFIX_PATH=/home/nisanth/carla_ros_ws/install/carla_waypoint_types:/home/nisanth/carla_ros_ws/install/carla_msgs LD_LIBRARY_PATH=/home/nisanth/carla_ros_ws/install/carla_waypoint_types/lib:/home/nisanth/carla_ros_ws/install/carla_msgs/lib:${LD_LIBRARY_PATH} PYTHONPATH=/home/nisanth/carla_ros_ws/build/carla_ad_agent/prefix_override:/usr/lib/python3/dist-packages/colcon_core/task/python/colcon_distutils_commands:/home/nisanth/carla_ros_ws/install/carla_ad_agent/lib/python3.10/site-packages:/home/nisanth/carla_ros_ws/build/ros_compatibility/src:/home/nisanth/carla_ros_ws/install/ros_compatibility/lib/python3.10/site-packages:/home/nisanth/carla_ros_ws/install/carla_waypoint_types/local/lib/python3.10/dist-packages:/home/nisanth/carla_ros_ws/install/carla_msgs/local/lib/python3.10/dist-packages:${PYTHONPATH} /usr/bin/python3 -W ignore:setup.py install is deprecated -W ignore:easy_install command is deprecated setup.py develop --editable --build-directory /home/nisanth/carla_ros_ws/build/carla_ad_agent/build --no-deps symlink_data
[27.928s] DEBUG:colcon.colcon_core.event_handler.log_command:Invoking command in '/home/nisanth/carla_ros_ws/build/carla_ros_scenario_runner': AMENT_PREFIX_PATH=/home/nisanth/carla_ros_ws/install/carla_ros_scenario_runner_types:/home/nisanth/carla_ros_ws/install/carla_msgs:/home/nisanth/carla_ros_ws/install/carla_common:${AMENT_PREFIX_PATH} CMAKE_PREFIX_PATH=/home/nisanth/carla_ros_ws/install/carla_ros_scenario_runner_types:/home/nisanth/carla_ros_ws/install/carla_msgs LD_LIBRARY_PATH=/home/nisanth/carla_ros_ws/install/carla_ros_scenario_runner_types/lib:/home/nisanth/carla_ros_ws/install/carla_msgs/lib:${LD_LIBRARY_PATH} PYTHONPATH=/home/nisanth/carla_ros_ws/build/carla_ros_scenario_runner/prefix_override:/usr/lib/python3/dist-packages/colcon_core/task/python/colcon_distutils_commands:/home/nisanth/carla_ros_ws/install/carla_ros_scenario_runner/lib/python3.10/site-packages:/home/nisanth/carla_ros_ws/install/carla_ros_scenario_runner_types/local/lib/python3.10/dist-packages:/home/nisanth/carla_ros_ws/install/carla_msgs/local/lib/python3.10/dist-packages:/home/nisanth/carla_ros_ws/build/carla_common/src:/home/nisanth/carla_ros_ws/install/carla_common/lib/python3.10/site-packages:${PYTHONPATH} /usr/bin/python3 -W ignore:setup.py install is deprecated -W ignore:easy_install command is deprecated setup.py develop --editable --build-directory /home/nisanth/carla_ros_ws/build/carla_ros_scenario_runner/build --no-deps symlink_data
[28.259s] Level 1:colcon.colcon_core.shell:create_environment_hook('carla_walker_agent', 'pythonpath_develop')
[28.260s] INFO:colcon.colcon_core.shell:Creating environment hook '/home/nisanth/carla_ros_ws/build/carla_walker_agent/src/share/carla_walker_agent/hook/pythonpath_develop.ps1'
[28.260s] DEBUG:colcon.colcon_core.event_handler.log_command:Invoked command in '/home/nisanth/carla_ros_ws/build/carla_walker_agent' returned '0': AMENT_PREFIX_PATH=/home/nisanth/carla_ros_ws/install/carla_msgs:${AMENT_PREFIX_PATH} CMAKE_PREFIX_PATH=/home/nisanth/carla_ros_ws/install/carla_msgs LD_LIBRARY_PATH=/home/nisanth/carla_ros_ws/install/carla_msgs/lib:${LD_LIBRARY_PATH} PYTHONPATH=/home/nisanth/carla_ros_ws/build/carla_walker_agent/prefix_override:/usr/lib/python3/dist-packages/colcon_core/task/python/colcon_distutils_commands:/home/nisanth/carla_ros_ws/install/carla_walker_agent/lib/python3.10/site-packages:/home/nisanth/carla_ros_ws/install/carla_msgs/local/lib/python3.10/dist-packages:${PYTHONPATH} /usr/bin/python3 -W ignore:setup.py install is deprecated -W ignore:easy_install command is deprecated setup.py develop --editable --build-directory /home/nisanth/carla_ros_ws/build/carla_walker_agent/build --no-deps symlink_data
[28.262s] INFO:colcon.colcon_core.shell:Creating environment descriptor '/home/nisanth/carla_ros_ws/build/carla_walker_agent/src/share/carla_walker_agent/hook/pythonpath_develop.dsv'
[28.263s] INFO:colcon.colcon_core.shell:Creating environment hook '/home/nisanth/carla_ros_ws/build/carla_walker_agent/src/share/carla_walker_agent/hook/pythonpath_develop.sh'
[28.264s] Level 1:colcon.colcon_core.environment:checking '/home/nisanth/carla_ros_ws/install/carla_walker_agent' for CMake module files
[28.264s] Level 1:colcon.colcon_core.environment:checking '/home/nisanth/carla_ros_ws/install/carla_walker_agent' for CMake config files
[28.265s] Level 1:colcon.colcon_core.environment:checking '/home/nisanth/carla_ros_ws/install/carla_walker_agent/lib'
[28.265s] Level 1:colcon.colcon_core.environment:checking '/home/nisanth/carla_ros_ws/install/carla_walker_agent/bin'
[28.265s] Level 1:colcon.colcon_core.environment:checking '/home/nisanth/carla_ros_ws/install/carla_walker_agent/lib/pkgconfig/carla_walker_agent.pc'
[28.265s] Level 1:colcon.colcon_core.environment:checking '/home/nisanth/carla_ros_ws/install/carla_walker_agent/lib/python3.10/site-packages'
[28.265s] Level 1:colcon.colcon_core.shell:create_environment_hook('carla_walker_agent', 'pythonpath')
[28.266s] INFO:colcon.colcon_core.shell:Creating environment hook '/home/nisanth/carla_ros_ws/install/carla_walker_agent/share/carla_walker_agent/hook/pythonpath.ps1'
[28.266s] INFO:colcon.colcon_core.shell:Creating environment descriptor '/home/nisanth/carla_ros_ws/install/carla_walker_agent/share/carla_walker_agent/hook/pythonpath.dsv'
[28.267s] INFO:colcon.colcon_core.shell:Creating environment hook '/home/nisanth/carla_ros_ws/install/carla_walker_agent/share/carla_walker_agent/hook/pythonpath.sh'
[28.267s] Level 1:colcon.colcon_core.environment:checking '/home/nisanth/carla_ros_ws/install/carla_walker_agent/bin'
[28.268s] Level 1:colcon.colcon_core.environment:create_environment_scripts_only(carla_walker_agent)
[28.268s] INFO:colcon.colcon_core.shell:Creating package script '/home/nisanth/carla_ros_ws/install/carla_walker_agent/share/carla_walker_agent/package.ps1'
[28.269s] INFO:colcon.colcon_core.shell:Creating package descriptor '/home/nisanth/carla_ros_ws/install/carla_walker_agent/share/carla_walker_agent/package.dsv'
[28.269s] INFO:colcon.colcon_core.shell:Creating package script '/home/nisanth/carla_ros_ws/install/carla_walker_agent/share/carla_walker_agent/package.sh'
[28.270s] INFO:colcon.colcon_core.shell:Creating package script '/home/nisanth/carla_ros_ws/install/carla_walker_agent/share/carla_walker_agent/package.bash'
[28.270s] INFO:colcon.colcon_core.shell:Creating package script '/home/nisanth/carla_ros_ws/install/carla_walker_agent/share/carla_walker_agent/package.zsh'
[28.271s] Level 1:colcon.colcon_core.environment:create_file_with_runtime_dependencies(/home/nisanth/carla_ros_ws/install/carla_walker_agent/share/colcon-core/packages/carla_walker_agent)
[28.315s] Level 1:colcon.colcon_core.shell:create_environment_hook('carla_spawn_objects', 'pythonpath_develop')
[28.315s] INFO:colcon.colcon_core.shell:Creating environment hook '/home/nisanth/carla_ros_ws/build/carla_spawn_objects/share/carla_spawn_objects/hook/pythonpath_develop.ps1'
[28.316s] DEBUG:colcon.colcon_core.event_handler.log_command:Invoked command in '/home/nisanth/carla_ros_ws/build/carla_spawn_objects' returned '0': AMENT_PREFIX_PATH=/home/nisanth/carla_ros_ws/install/ros_compatibility:/home/nisanth/carla_ros_ws/install/carla_msgs:${AMENT_PREFIX_PATH} CMAKE_PREFIX_PATH=/home/nisanth/carla_ros_ws/install/carla_msgs LD_LIBRARY_PATH=/home/nisanth/carla_ros_ws/install/carla_msgs/lib:${LD_LIBRARY_PATH} PYTHONPATH=/home/nisanth/carla_ros_ws/build/carla_spawn_objects/prefix_override:/usr/lib/python3/dist-packages/colcon_core/task/python/colcon_distutils_commands:/home/nisanth/carla_ros_ws/install/carla_spawn_objects/lib/python3.10/site-packages:/home/nisanth/carla_ros_ws/build/ros_compatibility/src:/home/nisanth/carla_ros_ws/install/ros_compatibility/lib/python3.10/site-packages:/home/nisanth/carla_ros_ws/install/carla_msgs/local/lib/python3.10/dist-packages:${PYTHONPATH} /usr/bin/python3 -W ignore:setup.py install is deprecated -W ignore:easy_install command is deprecated setup.py develop --editable --build-directory /home/nisanth/carla_ros_ws/build/carla_spawn_objects/build --no-deps symlink_data
[28.318s] INFO:colcon.colcon_core.shell:Creating environment descriptor '/home/nisanth/carla_ros_ws/build/carla_spawn_objects/share/carla_spawn_objects/hook/pythonpath_develop.dsv'
[28.319s] INFO:colcon.colcon_core.shell:Creating environment hook '/home/nisanth/carla_ros_ws/build/carla_spawn_objects/share/carla_spawn_objects/hook/pythonpath_develop.sh'
[28.320s] Level 1:colcon.colcon_core.environment:checking '/home/nisanth/carla_ros_ws/install/carla_spawn_objects' for CMake module files
[28.321s] Level 1:colcon.colcon_core.environment:checking '/home/nisanth/carla_ros_ws/install/carla_spawn_objects' for CMake config files
[28.321s] Level 1:colcon.colcon_core.environment:checking '/home/nisanth/carla_ros_ws/install/carla_spawn_objects/lib'
[28.321s] Level 1:colcon.colcon_core.environment:checking '/home/nisanth/carla_ros_ws/install/carla_spawn_objects/bin'
[28.322s] Level 1:colcon.colcon_core.environment:checking '/home/nisanth/carla_ros_ws/install/carla_spawn_objects/lib/pkgconfig/carla_spawn_objects.pc'
[28.322s] Level 1:colcon.colcon_core.environment:checking '/home/nisanth/carla_ros_ws/install/carla_spawn_objects/lib/python3.10/site-packages'
[28.322s] Level 1:colcon.colcon_core.shell:create_environment_hook('carla_spawn_objects', 'pythonpath')
[28.322s] INFO:colcon.colcon_core.shell:Creating environment hook '/home/nisanth/carla_ros_ws/install/carla_spawn_objects/share/carla_spawn_objects/hook/pythonpath.ps1'
[28.323s] INFO:colcon.colcon_core.shell:Creating environment descriptor '/home/nisanth/carla_ros_ws/install/carla_spawn_objects/share/carla_spawn_objects/hook/pythonpath.dsv'
[28.323s] INFO:colcon.colcon_core.shell:Creating environment hook '/home/nisanth/carla_ros_ws/install/carla_spawn_objects/share/carla_spawn_objects/hook/pythonpath.sh'
[28.324s] Level 1:colcon.colcon_core.environment:checking '/home/nisanth/carla_ros_ws/install/carla_spawn_objects/bin'
[28.324s] Level 1:colcon.colcon_core.environment:create_environment_scripts_only(carla_spawn_objects)
[28.324s] INFO:colcon.colcon_core.shell:Creating package script '/home/nisanth/carla_ros_ws/install/carla_spawn_objects/share/carla_spawn_objects/package.ps1'
[28.324s] INFO:colcon.colcon_core.shell:Creating package descriptor '/home/nisanth/carla_ros_ws/install/carla_spawn_objects/share/carla_spawn_objects/package.dsv'
[28.325s] INFO:colcon.colcon_core.shell:Creating package script '/home/nisanth/carla_ros_ws/install/carla_spawn_objects/share/carla_spawn_objects/package.sh'
[28.325s] INFO:colcon.colcon_core.shell:Creating package script '/home/nisanth/carla_ros_ws/install/carla_spawn_objects/share/carla_spawn_objects/package.bash'
[28.326s] INFO:colcon.colcon_core.shell:Creating package script '/home/nisanth/carla_ros_ws/install/carla_spawn_objects/share/carla_spawn_objects/package.zsh'
[28.326s] Level 1:colcon.colcon_core.environment:create_file_with_runtime_dependencies(/home/nisanth/carla_ros_ws/install/carla_spawn_objects/share/colcon-core/packages/carla_spawn_objects)
[28.330s] Level 1:colcon.colcon_core.shell:create_environment_hook('carla_manual_control', 'pythonpath_develop')
[28.330s] INFO:colcon.colcon_core.shell:Creating environment hook '/home/nisanth/carla_ros_ws/build/carla_manual_control/src/share/carla_manual_control/hook/pythonpath_develop.ps1'
[28.331s] DEBUG:colcon.colcon_core.event_handler.log_command:Invoked command in '/home/nisanth/carla_ros_ws/build/carla_manual_control' returned '0': AMENT_PREFIX_PATH=/home/nisanth/carla_ros_ws/install/ros_compatibility:/home/nisanth/carla_ros_ws/install/carla_msgs:${AMENT_PREFIX_PATH} CMAKE_PREFIX_PATH=/home/nisanth/carla_ros_ws/install/carla_msgs LD_LIBRARY_PATH=/home/nisanth/carla_ros_ws/install/carla_msgs/lib:${LD_LIBRARY_PATH} PYTHONPATH=/home/nisanth/carla_ros_ws/build/carla_manual_control/prefix_override:/usr/lib/python3/dist-packages/colcon_core/task/python/colcon_distutils_commands:/home/nisanth/carla_ros_ws/install/carla_manual_control/lib/python3.10/site-packages:/home/nisanth/carla_ros_ws/build/ros_compatibility/src:/home/nisanth/carla_ros_ws/install/ros_compatibility/lib/python3.10/site-packages:/home/nisanth/carla_ros_ws/install/carla_msgs/local/lib/python3.10/dist-packages:${PYTHONPATH} /usr/bin/python3 -W ignore:setup.py install is deprecated -W ignore:easy_install command is deprecated setup.py develop --editable --build-directory /home/nisanth/carla_ros_ws/build/carla_manual_control/build --no-deps symlink_data
[28.333s] INFO:colcon.colcon_core.shell:Creating environment descriptor '/home/nisanth/carla_ros_ws/build/carla_manual_control/src/share/carla_manual_control/hook/pythonpath_develop.dsv'
[28.333s] INFO:colcon.colcon_core.shell:Creating environment hook '/home/nisanth/carla_ros_ws/build/carla_manual_control/src/share/carla_manual_control/hook/pythonpath_develop.sh'
[28.334s] Level 1:colcon.colcon_core.environment:checking '/home/nisanth/carla_ros_ws/install/carla_manual_control' for CMake module files
[28.334s] Level 1:colcon.colcon_core.environment:checking '/home/nisanth/carla_ros_ws/install/carla_manual_control' for CMake config files
[28.335s] Level 1:colcon.colcon_core.environment:checking '/home/nisanth/carla_ros_ws/install/carla_manual_control/lib'
[28.335s] Level 1:colcon.colcon_core.environment:checking '/home/nisanth/carla_ros_ws/install/carla_manual_control/bin'
[28.335s] Level 1:colcon.colcon_core.environment:checking '/home/nisanth/carla_ros_ws/install/carla_manual_control/lib/pkgconfig/carla_manual_control.pc'
[28.335s] Level 1:colcon.colcon_core.environment:checking '/home/nisanth/carla_ros_ws/install/carla_manual_control/lib/python3.10/site-packages'
[28.335s] Level 1:colcon.colcon_core.shell:create_environment_hook('carla_manual_control', 'pythonpath')
[28.336s] INFO:colcon.colcon_core.shell:Creating environment hook '/home/nisanth/carla_ros_ws/install/carla_manual_control/share/carla_manual_control/hook/pythonpath.ps1'
[28.336s] INFO:colcon.colcon_core.shell:Creating environment descriptor '/home/nisanth/carla_ros_ws/install/carla_manual_control/share/carla_manual_control/hook/pythonpath.dsv'
[28.337s] INFO:colcon.colcon_core.shell:Creating environment hook '/home/nisanth/carla_ros_ws/install/carla_manual_control/share/carla_manual_control/hook/pythonpath.sh'
[28.337s] Level 1:colcon.colcon_core.environment:checking '/home/nisanth/carla_ros_ws/install/carla_manual_control/bin'
[28.337s] Level 1:colcon.colcon_core.environment:create_environment_scripts_only(carla_manual_control)
[28.338s] INFO:colcon.colcon_core.shell:Creating package script '/home/nisanth/carla_ros_ws/install/carla_manual_control/share/carla_manual_control/package.ps1'
[28.339s] INFO:colcon.colcon_core.shell:Creating package descriptor '/home/nisanth/carla_ros_ws/install/carla_manual_control/share/carla_manual_control/package.dsv'
[28.339s] INFO:colcon.colcon_core.shell:Creating package script '/home/nisanth/carla_ros_ws/install/carla_manual_control/share/carla_manual_control/package.sh'
[28.340s] INFO:colcon.colcon_core.shell:Creating package script '/home/nisanth/carla_ros_ws/install/carla_manual_control/share/carla_manual_control/package.bash'
[28.340s] INFO:colcon.colcon_core.shell:Creating package script '/home/nisanth/carla_ros_ws/install/carla_manual_control/share/carla_manual_control/package.zsh'
[28.341s] Level 1:colcon.colcon_core.environment:create_file_with_runtime_dependencies(/home/nisanth/carla_ros_ws/install/carla_manual_control/share/colcon-core/packages/carla_manual_control)
[28.343s] Level 1:colcon.colcon_core.shell:create_environment_hook('carla_ad_agent', 'pythonpath_develop')
[28.343s] INFO:colcon.colcon_core.shell:Creating environment hook '/home/nisanth/carla_ros_ws/build/carla_ad_agent/src/share/carla_ad_agent/hook/pythonpath_develop.ps1'
[28.344s] DEBUG:colcon.colcon_core.event_handler.log_command:Invoked command in '/home/nisanth/carla_ros_ws/build/carla_ad_agent' returned '0': AMENT_PREFIX_PATH=/home/nisanth/carla_ros_ws/install/ros_compatibility:/home/nisanth/carla_ros_ws/install/carla_waypoint_types:/home/nisanth/carla_ros_ws/install/carla_msgs:${AMENT_PREFIX_PATH} CMAKE_PREFIX_PATH=/home/nisanth/carla_ros_ws/install/carla_waypoint_types:/home/nisanth/carla_ros_ws/install/carla_msgs LD_LIBRARY_PATH=/home/nisanth/carla_ros_ws/install/carla_waypoint_types/lib:/home/nisanth/carla_ros_ws/install/carla_msgs/lib:${LD_LIBRARY_PATH} PYTHONPATH=/home/nisanth/carla_ros_ws/build/carla_ad_agent/prefix_override:/usr/lib/python3/dist-packages/colcon_core/task/python/colcon_distutils_commands:/home/nisanth/carla_ros_ws/install/carla_ad_agent/lib/python3.10/site-packages:/home/nisanth/carla_ros_ws/build/ros_compatibility/src:/home/nisanth/carla_ros_ws/install/ros_compatibility/lib/python3.10/site-packages:/home/nisanth/carla_ros_ws/install/carla_waypoint_types/local/lib/python3.10/dist-packages:/home/nisanth/carla_ros_ws/install/carla_msgs/local/lib/python3.10/dist-packages:${PYTHONPATH} /usr/bin/python3 -W ignore:setup.py install is deprecated -W ignore:easy_install command is deprecated setup.py develop --editable --build-directory /home/nisanth/carla_ros_ws/build/carla_ad_agent/build --no-deps symlink_data
[28.345s] INFO:colcon.colcon_core.shell:Creating environment descriptor '/home/nisanth/carla_ros_ws/build/carla_ad_agent/src/share/carla_ad_agent/hook/pythonpath_develop.dsv'
[28.346s] INFO:colcon.colcon_core.shell:Creating environment hook '/home/nisanth/carla_ros_ws/build/carla_ad_agent/src/share/carla_ad_agent/hook/pythonpath_develop.sh'
[28.346s] Level 1:colcon.colcon_core.environment:checking '/home/nisanth/carla_ros_ws/install/carla_ad_agent' for CMake module files
[28.347s] Level 1:colcon.colcon_core.environment:checking '/home/nisanth/carla_ros_ws/install/carla_ad_agent' for CMake config files
[28.348s] Level 1:colcon.colcon_core.environment:checking '/home/nisanth/carla_ros_ws/install/carla_ad_agent/lib'
[28.348s] Level 1:colcon.colcon_core.environment:checking '/home/nisanth/carla_ros_ws/install/carla_ad_agent/bin'
[28.348s] Level 1:colcon.colcon_core.environment:checking '/home/nisanth/carla_ros_ws/install/carla_ad_agent/lib/pkgconfig/carla_ad_agent.pc'
[28.349s] Level 1:colcon.colcon_core.environment:checking '/home/nisanth/carla_ros_ws/install/carla_ad_agent/lib/python3.10/site-packages'
[28.349s] Level 1:colcon.colcon_core.shell:create_environment_hook('carla_ad_agent', 'pythonpath')
[28.349s] INFO:colcon.colcon_core.shell:Creating environment hook '/home/nisanth/carla_ros_ws/install/carla_ad_agent/share/carla_ad_agent/hook/pythonpath.ps1'
[28.350s] INFO:colcon.colcon_core.shell:Creating environment descriptor '/home/nisanth/carla_ros_ws/install/carla_ad_agent/share/carla_ad_agent/hook/pythonpath.dsv'
[28.350s] INFO:colcon.colcon_core.shell:Creating environment hook '/home/nisanth/carla_ros_ws/install/carla_ad_agent/share/carla_ad_agent/hook/pythonpath.sh'
[28.351s] Level 1:colcon.colcon_core.environment:checking '/home/nisanth/carla_ros_ws/install/carla_ad_agent/bin'
[28.351s] Level 1:colcon.colcon_core.environment:create_environment_scripts_only(carla_ad_agent)
[28.351s] INFO:colcon.colcon_core.shell:Creating package script '/home/nisanth/carla_ros_ws/install/carla_ad_agent/share/carla_ad_agent/package.ps1'
[28.352s] INFO:colcon.colcon_core.shell:Creating package descriptor '/home/nisanth/carla_ros_ws/install/carla_ad_agent/share/carla_ad_agent/package.dsv'
[28.352s] INFO:colcon.colcon_core.shell:Creating package script '/home/nisanth/carla_ros_ws/install/carla_ad_agent/share/carla_ad_agent/package.sh'
[28.353s] INFO:colcon.colcon_core.shell:Creating package script '/home/nisanth/carla_ros_ws/install/carla_ad_agent/share/carla_ad_agent/package.bash'
[28.354s] INFO:colcon.colcon_core.shell:Creating package script '/home/nisanth/carla_ros_ws/install/carla_ad_agent/share/carla_ad_agent/package.zsh'
[28.354s] Level 1:colcon.colcon_core.environment:create_file_with_runtime_dependencies(/home/nisanth/carla_ros_ws/install/carla_ad_agent/share/colcon-core/packages/carla_ad_agent)
[28.355s] INFO:colcon.colcon_ros.task.ament_python.build:Building ROS package in '/home/nisanth/carla_ros_ws/src/ros-bridge/carla_ros_bridge' with build type 'ament_python'
[28.355s] Level 1:colcon.colcon_core.shell:create_environment_hook('carla_ros_bridge', 'ament_prefix_path')
[28.356s] INFO:colcon.colcon_core.shell:Creating environment hook '/home/nisanth/carla_ros_ws/install/carla_ros_bridge/share/carla_ros_bridge/hook/ament_prefix_path.ps1'
[28.359s] INFO:colcon.colcon_core.shell:Creating environment descriptor '/home/nisanth/carla_ros_ws/install/carla_ros_bridge/share/carla_ros_bridge/hook/ament_prefix_path.dsv'
[28.359s] INFO:colcon.colcon_core.shell:Creating environment hook '/home/nisanth/carla_ros_ws/install/carla_ros_bridge/share/carla_ros_bridge/hook/ament_prefix_path.sh'
[28.360s] INFO:colcon.colcon_core.shell:Skip shell extension 'powershell' for command environment: Not usable outside of PowerShell
[28.360s] DEBUG:colcon.colcon_core.shell:Skip shell extension 'dsv' for command environment
[28.531s] Level 1:colcon.colcon_core.shell:create_environment_hook('carla_ros_scenario_runner', 'pythonpath_develop')
[28.532s] INFO:colcon.colcon_core.shell:Creating environment hook '/home/nisanth/carla_ros_ws/build/carla_ros_scenario_runner/src/share/carla_ros_scenario_runner/hook/pythonpath_develop.ps1'
[28.533s] DEBUG:colcon.colcon_core.event_handler.log_command:Invoked command in '/home/nisanth/carla_ros_ws/build/carla_ros_scenario_runner' returned '0': AMENT_PREFIX_PATH=/home/nisanth/carla_ros_ws/install/carla_ros_scenario_runner_types:/home/nisanth/carla_ros_ws/install/carla_msgs:/home/nisanth/carla_ros_ws/install/carla_common:${AMENT_PREFIX_PATH} CMAKE_PREFIX_PATH=/home/nisanth/carla_ros_ws/install/carla_ros_scenario_runner_types:/home/nisanth/carla_ros_ws/install/carla_msgs LD_LIBRARY_PATH=/home/nisanth/carla_ros_ws/install/carla_ros_scenario_runner_types/lib:/home/nisanth/carla_ros_ws/install/carla_msgs/lib:${LD_LIBRARY_PATH} PYTHONPATH=/home/nisanth/carla_ros_ws/build/carla_ros_scenario_runner/prefix_override:/usr/lib/python3/dist-packages/colcon_core/task/python/colcon_distutils_commands:/home/nisanth/carla_ros_ws/install/carla_ros_scenario_runner/lib/python3.10/site-packages:/home/nisanth/carla_ros_ws/install/carla_ros_scenario_runner_types/local/lib/python3.10/dist-packages:/home/nisanth/carla_ros_ws/install/carla_msgs/local/lib/python3.10/dist-packages:/home/nisanth/carla_ros_ws/build/carla_common/src:/home/nisanth/carla_ros_ws/install/carla_common/lib/python3.10/site-packages:${PYTHONPATH} /usr/bin/python3 -W ignore:setup.py install is deprecated -W ignore:easy_install command is deprecated setup.py develop --editable --build-directory /home/nisanth/carla_ros_ws/build/carla_ros_scenario_runner/build --no-deps symlink_data
[28.535s] INFO:colcon.colcon_core.shell:Creating environment descriptor '/home/nisanth/carla_ros_ws/build/carla_ros_scenario_runner/src/share/carla_ros_scenario_runner/hook/pythonpath_develop.dsv'
[28.535s] INFO:colcon.colcon_core.shell:Creating environment hook '/home/nisanth/carla_ros_ws/build/carla_ros_scenario_runner/src/share/carla_ros_scenario_runner/hook/pythonpath_develop.sh'
[28.536s] Level 1:colcon.colcon_core.environment:checking '/home/nisanth/carla_ros_ws/install/carla_ros_scenario_runner' for CMake module files
[28.536s] Level 1:colcon.colcon_core.environment:checking '/home/nisanth/carla_ros_ws/install/carla_ros_scenario_runner' for CMake config files
[28.537s] Level 1:colcon.colcon_core.environment:checking '/home/nisanth/carla_ros_ws/install/carla_ros_scenario_runner/lib'
[28.537s] Level 1:colcon.colcon_core.environment:checking '/home/nisanth/carla_ros_ws/install/carla_ros_scenario_runner/bin'
[28.537s] Level 1:colcon.colcon_core.environment:checking '/home/nisanth/carla_ros_ws/install/carla_ros_scenario_runner/lib/pkgconfig/carla_ros_scenario_runner.pc'
[28.537s] Level 1:colcon.colcon_core.environment:checking '/home/nisanth/carla_ros_ws/install/carla_ros_scenario_runner/lib/python3.10/site-packages'
[28.537s] Level 1:colcon.colcon_core.shell:create_environment_hook('carla_ros_scenario_runner', 'pythonpath')
[28.537s] INFO:colcon.colcon_core.shell:Creating environment hook '/home/nisanth/carla_ros_ws/install/carla_ros_scenario_runner/share/carla_ros_scenario_runner/hook/pythonpath.ps1'
[28.538s] INFO:colcon.colcon_core.shell:Creating environment descriptor '/home/nisanth/carla_ros_ws/install/carla_ros_scenario_runner/share/carla_ros_scenario_runner/hook/pythonpath.dsv'
[28.538s] INFO:colcon.colcon_core.shell:Creating environment hook '/home/nisanth/carla_ros_ws/install/carla_ros_scenario_runner/share/carla_ros_scenario_runner/hook/pythonpath.sh'
[28.539s] Level 1:colcon.colcon_core.environment:checking '/home/nisanth/carla_ros_ws/install/carla_ros_scenario_runner/bin'
[28.539s] Level 1:colcon.colcon_core.environment:create_environment_scripts_only(carla_ros_scenario_runner)
[28.539s] INFO:colcon.colcon_core.shell:Creating package script '/home/nisanth/carla_ros_ws/install/carla_ros_scenario_runner/share/carla_ros_scenario_runner/package.ps1'
[28.540s] INFO:colcon.colcon_core.shell:Creating package descriptor '/home/nisanth/carla_ros_ws/install/carla_ros_scenario_runner/share/carla_ros_scenario_runner/package.dsv'
[28.540s] INFO:colcon.colcon_core.shell:Creating package script '/home/nisanth/carla_ros_ws/install/carla_ros_scenario_runner/share/carla_ros_scenario_runner/package.sh'
[28.541s] INFO:colcon.colcon_core.shell:Creating package script '/home/nisanth/carla_ros_ws/install/carla_ros_scenario_runner/share/carla_ros_scenario_runner/package.bash'
[28.541s] INFO:colcon.colcon_core.shell:Creating package script '/home/nisanth/carla_ros_ws/install/carla_ros_scenario_runner/share/carla_ros_scenario_runner/package.zsh'
[28.541s] Level 1:colcon.colcon_core.environment:create_file_with_runtime_dependencies(/home/nisanth/carla_ros_ws/install/carla_ros_scenario_runner/share/colcon-core/packages/carla_ros_scenario_runner)
[29.196s] INFO:colcon.colcon_core.task.python.build:Building Python package in '/home/nisanth/carla_ros_ws/src/ros-bridge/carla_ros_bridge'
[29.196s] INFO:colcon.colcon_core.shell:Skip shell extension 'powershell' for command environment: Not usable outside of PowerShell
[29.196s] DEBUG:colcon.colcon_core.shell:Skip shell extension 'dsv' for command environment
[29.671s] DEBUG:colcon.colcon_core.event_handler.log_command:Invoked command in '/home/nisanth/carla_ros_ws/build/carla_ackermann_msgs' returned '0': AMENT_PREFIX_PATH=/home/nisanth/carla_ros_ws/install/carla_msgs:${AMENT_PREFIX_PATH} CMAKE_PREFIX_PATH=/home/nisanth/carla_ros_ws/install/carla_msgs:/opt/ros/humble LD_LIBRARY_PATH=/home/nisanth/carla_ros_ws/install/carla_msgs/lib:${LD_LIBRARY_PATH} PYTHONPATH=/home/nisanth/carla_ros_ws/install/carla_msgs/local/lib/python3.10/dist-packages:${PYTHONPATH} /usr/bin/cmake /home/nisanth/carla_ros_ws/src/ros-bridge/carla_ackermann_msgs -DAMENT_CMAKE_SYMLINK_INSTALL=1 -DCMAKE_INSTALL_PREFIX=/home/nisanth/carla_ros_ws/install/carla_ackermann_msgs
[29.673s] DEBUG:colcon.colcon_core.event_handler.log_command:Invoking command in '/home/nisanth/carla_ros_ws/build/carla_ackermann_msgs': AMENT_PREFIX_PATH=/home/nisanth/carla_ros_ws/install/carla_msgs:${AMENT_PREFIX_PATH} CMAKE_PREFIX_PATH=/home/nisanth/carla_ros_ws/install/carla_msgs:/opt/ros/humble LD_LIBRARY_PATH=/home/nisanth/carla_ros_ws/install/carla_msgs/lib:${LD_LIBRARY_PATH} PYTHONPATH=/home/nisanth/carla_ros_ws/install/carla_msgs/local/lib/python3.10/dist-packages:${PYTHONPATH} /usr/bin/cmake --build /home/nisanth/carla_ros_ws/build/carla_ackermann_msgs -- -j12 -l12
[30.185s] DEBUG:colcon.colcon_core.event_handler.log_command:Invoking command in '/home/nisanth/carla_ros_ws/build/carla_ros_bridge': AMENT_PREFIX_PATH=/home/nisanth/carla_ros_ws/install/carla_spawn_objects:/home/nisanth/carla_ros_ws/install/carla_manual_control:/home/nisanth/carla_ros_ws/install/ros_compatibility:/home/nisanth/carla_ros_ws/install/carla_msgs:/home/nisanth/carla_ros_ws/install/carla_common:${AMENT_PREFIX_PATH} CMAKE_PREFIX_PATH=/home/nisanth/carla_ros_ws/install/carla_msgs LD_LIBRARY_PATH=/home/nisanth/carla_ros_ws/install/carla_msgs/lib:${LD_LIBRARY_PATH} PYTHONPATH=/home/nisanth/carla_ros_ws/build/carla_ros_bridge/prefix_override:/usr/lib/python3/dist-packages/colcon_core/task/python/colcon_distutils_commands:/home/nisanth/carla_ros_ws/install/carla_ros_bridge/lib/python3.10/site-packages:/home/nisanth/carla_ros_ws/build/carla_spawn_objects:/home/nisanth/carla_ros_ws/install/carla_spawn_objects/lib/python3.10/site-packages:/home/nisanth/carla_ros_ws/build/carla_manual_control/src:/home/nisanth/carla_ros_ws/install/carla_manual_control/lib/python3.10/site-packages:/home/nisanth/carla_ros_ws/build/ros_compatibility/src:/home/nisanth/carla_ros_ws/install/ros_compatibility/lib/python3.10/site-packages:/home/nisanth/carla_ros_ws/install/carla_msgs/local/lib/python3.10/dist-packages:/home/nisanth/carla_ros_ws/build/carla_common/src:/home/nisanth/carla_ros_ws/install/carla_common/lib/python3.10/site-packages:${PYTHONPATH} /usr/bin/python3 -W ignore:setup.py install is deprecated -W ignore:easy_install command is deprecated setup.py develop --editable --build-directory /home/nisanth/carla_ros_ws/build/carla_ros_bridge/build --no-deps symlink_data
[30.832s] Level 1:colcon.colcon_core.shell:create_environment_hook('carla_ros_bridge', 'pythonpath_develop')
[30.833s] INFO:colcon.colcon_core.shell:Creating environment hook '/home/nisanth/carla_ros_ws/build/carla_ros_bridge/src/share/carla_ros_bridge/hook/pythonpath_develop.ps1'
[30.833s] DEBUG:colcon.colcon_core.event_handler.log_command:Invoked command in '/home/nisanth/carla_ros_ws/build/carla_ros_bridge' returned '0': AMENT_PREFIX_PATH=/home/nisanth/carla_ros_ws/install/carla_spawn_objects:/home/nisanth/carla_ros_ws/install/carla_manual_control:/home/nisanth/carla_ros_ws/install/ros_compatibility:/home/nisanth/carla_ros_ws/install/carla_msgs:/home/nisanth/carla_ros_ws/install/carla_common:${AMENT_PREFIX_PATH} CMAKE_PREFIX_PATH=/home/nisanth/carla_ros_ws/install/carla_msgs LD_LIBRARY_PATH=/home/nisanth/carla_ros_ws/install/carla_msgs/lib:${LD_LIBRARY_PATH} PYTHONPATH=/home/nisanth/carla_ros_ws/build/carla_ros_bridge/prefix_override:/usr/lib/python3/dist-packages/colcon_core/task/python/colcon_distutils_commands:/home/nisanth/carla_ros_ws/install/carla_ros_bridge/lib/python3.10/site-packages:/home/nisanth/carla_ros_ws/build/carla_spawn_objects:/home/nisanth/carla_ros_ws/install/carla_spawn_objects/lib/python3.10/site-packages:/home/nisanth/carla_ros_ws/build/carla_manual_control/src:/home/nisanth/carla_ros_ws/install/carla_manual_control/lib/python3.10/site-packages:/home/nisanth/carla_ros_ws/build/ros_compatibility/src:/home/nisanth/carla_ros_ws/install/ros_compatibility/lib/python3.10/site-packages:/home/nisanth/carla_ros_ws/install/carla_msgs/local/lib/python3.10/dist-packages:/home/nisanth/carla_ros_ws/build/carla_common/src:/home/nisanth/carla_ros_ws/install/carla_common/lib/python3.10/site-packages:${PYTHONPATH} /usr/bin/python3 -W ignore:setup.py install is deprecated -W ignore:easy_install command is deprecated setup.py develop --editable --build-directory /home/nisanth/carla_ros_ws/build/carla_ros_bridge/build --no-deps symlink_data
[30.836s] INFO:colcon.colcon_core.shell:Creating environment descriptor '/home/nisanth/carla_ros_ws/build/carla_ros_bridge/src/share/carla_ros_bridge/hook/pythonpath_develop.dsv'
[30.836s] INFO:colcon.colcon_core.shell:Creating environment hook '/home/nisanth/carla_ros_ws/build/carla_ros_bridge/src/share/carla_ros_bridge/hook/pythonpath_develop.sh'
[30.837s] Level 1:colcon.colcon_core.environment:checking '/home/nisanth/carla_ros_ws/install/carla_ros_bridge' for CMake module files
[30.837s] Level 1:colcon.colcon_core.environment:checking '/home/nisanth/carla_ros_ws/install/carla_ros_bridge' for CMake config files
[30.838s] Level 1:colcon.colcon_core.environment:checking '/home/nisanth/carla_ros_ws/install/carla_ros_bridge/lib'
[30.838s] Level 1:colcon.colcon_core.environment:checking '/home/nisanth/carla_ros_ws/install/carla_ros_bridge/bin'
[30.838s] Level 1:colcon.colcon_core.environment:checking '/home/nisanth/carla_ros_ws/install/carla_ros_bridge/lib/pkgconfig/carla_ros_bridge.pc'
[30.839s] Level 1:colcon.colcon_core.environment:checking '/home/nisanth/carla_ros_ws/install/carla_ros_bridge/lib/python3.10/site-packages'
[30.839s] Level 1:colcon.colcon_core.shell:create_environment_hook('carla_ros_bridge', 'pythonpath')
[30.839s] INFO:colcon.colcon_core.shell:Creating environment hook '/home/nisanth/carla_ros_ws/install/carla_ros_bridge/share/carla_ros_bridge/hook/pythonpath.ps1'
[30.839s] INFO:colcon.colcon_core.shell:Creating environment descriptor '/home/nisanth/carla_ros_ws/install/carla_ros_bridge/share/carla_ros_bridge/hook/pythonpath.dsv'
[30.840s] INFO:colcon.colcon_core.shell:Creating environment hook '/home/nisanth/carla_ros_ws/install/carla_ros_bridge/share/carla_ros_bridge/hook/pythonpath.sh'
[30.841s] Level 1:colcon.colcon_core.environment:checking '/home/nisanth/carla_ros_ws/install/carla_ros_bridge/bin'
[30.841s] Level 1:colcon.colcon_core.environment:create_environment_scripts_only(carla_ros_bridge)
[30.841s] INFO:colcon.colcon_core.shell:Creating package script '/home/nisanth/carla_ros_ws/install/carla_ros_bridge/share/carla_ros_bridge/package.ps1'
[30.842s] INFO:colcon.colcon_core.shell:Creating package descriptor '/home/nisanth/carla_ros_ws/install/carla_ros_bridge/share/carla_ros_bridge/package.dsv'
[30.842s] INFO:colcon.colcon_core.shell:Creating package script '/home/nisanth/carla_ros_ws/install/carla_ros_bridge/share/carla_ros_bridge/package.sh'
[30.843s] INFO:colcon.colcon_core.shell:Creating package script '/home/nisanth/carla_ros_ws/install/carla_ros_bridge/share/carla_ros_bridge/package.bash'
[30.843s] INFO:colcon.colcon_core.shell:Creating package script '/home/nisanth/carla_ros_ws/install/carla_ros_bridge/share/carla_ros_bridge/package.zsh'
[30.843s] Level 1:colcon.colcon_core.environment:create_file_with_runtime_dependencies(/home/nisanth/carla_ros_ws/install/carla_ros_bridge/share/colcon-core/packages/carla_ros_bridge)
[30.846s] INFO:colcon.colcon_ros.task.ament_cmake.build:Building ROS package in '/home/nisanth/carla_ros_ws/src/ros-bridge/pcl_recorder' with build type 'ament_cmake'
[30.846s] INFO:colcon.colcon_cmake.task.cmake.build:Building CMake package in '/home/nisanth/carla_ros_ws/src/ros-bridge/pcl_recorder'
[30.846s] INFO:colcon.colcon_core.shell:Skip shell extension 'powershell' for command environment: Not usable outside of PowerShell
[30.846s] DEBUG:colcon.colcon_core.shell:Skip shell extension 'dsv' for command environment
[32.785s] DEBUG:colcon.colcon_core.event_handler.log_command:Invoking command in '/home/nisanth/carla_ros_ws/build/pcl_recorder': AMENT_PREFIX_PATH=/home/nisanth/carla_ros_ws/install/carla_ros_bridge:/home/nisanth/carla_ros_ws/install/carla_spawn_objects:/home/nisanth/carla_ros_ws/install/carla_manual_control:/home/nisanth/carla_ros_ws/install/ros_compatibility:/home/nisanth/carla_ros_ws/install/carla_msgs:/home/nisanth/carla_ros_ws/install/carla_common:${AMENT_PREFIX_PATH} CMAKE_PREFIX_PATH=/home/nisanth/carla_ros_ws/install/carla_msgs:/opt/ros/humble LD_LIBRARY_PATH=/home/nisanth/carla_ros_ws/install/carla_msgs/lib:${LD_LIBRARY_PATH} PYTHONPATH=/home/nisanth/carla_ros_ws/build/carla_ros_bridge/src:/home/nisanth/carla_ros_ws/install/carla_ros_bridge/lib/python3.10/site-packages:/home/nisanth/carla_ros_ws/build/carla_spawn_objects:/home/nisanth/carla_ros_ws/install/carla_spawn_objects/lib/python3.10/site-packages:/home/nisanth/carla_ros_ws/build/carla_manual_control/src:/home/nisanth/carla_ros_ws/install/carla_manual_control/lib/python3.10/site-packages:/home/nisanth/carla_ros_ws/build/ros_compatibility/src:/home/nisanth/carla_ros_ws/install/ros_compatibility/lib/python3.10/site-packages:/home/nisanth/carla_ros_ws/install/carla_msgs/local/lib/python3.10/dist-packages:/home/nisanth/carla_ros_ws/build/carla_common/src:/home/nisanth/carla_ros_ws/install/carla_common/lib/python3.10/site-packages:${PYTHONPATH} /usr/bin/cmake /home/nisanth/carla_ros_ws/src/ros-bridge/pcl_recorder -DAMENT_CMAKE_SYMLINK_INSTALL=1 -DCMAKE_INSTALL_PREFIX=/home/nisanth/carla_ros_ws/install/pcl_recorder
[34.916s] DEBUG:colcon.colcon_core.event_handler.log_command:Invoked command in '/home/nisanth/carla_ros_ws/build/carla_ackermann_msgs' returned '0': AMENT_PREFIX_PATH=/home/nisanth/carla_ros_ws/install/carla_msgs:${AMENT_PREFIX_PATH} CMAKE_PREFIX_PATH=/home/nisanth/carla_ros_ws/install/carla_msgs:/opt/ros/humble LD_LIBRARY_PATH=/home/nisanth/carla_ros_ws/install/carla_msgs/lib:${LD_LIBRARY_PATH} PYTHONPATH=/home/nisanth/carla_ros_ws/install/carla_msgs/local/lib/python3.10/dist-packages:${PYTHONPATH} /usr/bin/cmake --build /home/nisanth/carla_ros_ws/build/carla_ackermann_msgs -- -j12 -l12
[34.918s] DEBUG:colcon.colcon_core.event_handler.log_command:Invoking command in '/home/nisanth/carla_ros_ws/build/carla_ackermann_msgs': AMENT_PREFIX_PATH=/home/nisanth/carla_ros_ws/install/carla_msgs:${AMENT_PREFIX_PATH} CMAKE_PREFIX_PATH=/home/nisanth/carla_ros_ws/install/carla_msgs:/opt/ros/humble LD_LIBRARY_PATH=/home/nisanth/carla_ros_ws/install/carla_msgs/lib:${LD_LIBRARY_PATH} PYTHONPATH=/home/nisanth/carla_ros_ws/install/carla_msgs/local/lib/python3.10/dist-packages:${PYTHONPATH} /usr/bin/cmake --install /home/nisanth/carla_ros_ws/build/carla_ackermann_msgs
[36.695s] Level 1:colcon.colcon_core.environment:create_environment_scripts_only(carla_ackermann_msgs)
[36.695s] Level 1:colcon.colcon_core.environment:checking '/home/nisanth/carla_ros_ws/install/carla_ackermann_msgs' for CMake module files
[36.696s] DEBUG:colcon.colcon_core.event_handler.log_command:Invoked command in '/home/nisanth/carla_ros_ws/build/carla_ackermann_msgs' returned '0': AMENT_PREFIX_PATH=/home/nisanth/carla_ros_ws/install/carla_msgs:${AMENT_PREFIX_PATH} CMAKE_PREFIX_PATH=/home/nisanth/carla_ros_ws/install/carla_msgs:/opt/ros/humble LD_LIBRARY_PATH=/home/nisanth/carla_ros_ws/install/carla_msgs/lib:${LD_LIBRARY_PATH} PYTHONPATH=/home/nisanth/carla_ros_ws/install/carla_msgs/local/lib/python3.10/dist-packages:${PYTHONPATH} /usr/bin/cmake --install /home/nisanth/carla_ros_ws/build/carla_ackermann_msgs
[36.696s] Level 1:colcon.colcon_core.environment:checking '/home/nisanth/carla_ros_ws/install/carla_ackermann_msgs' for CMake config files
[36.698s] Level 1:colcon.colcon_core.shell:create_environment_hook('carla_ackermann_msgs', 'cmake_prefix_path')
[36.698s] INFO:colcon.colcon_core.shell:Creating environment hook '/home/nisanth/carla_ros_ws/install/carla_ackermann_msgs/share/carla_ackermann_msgs/hook/cmake_prefix_path.ps1'
[36.699s] INFO:colcon.colcon_core.shell:Creating environment descriptor '/home/nisanth/carla_ros_ws/install/carla_ackermann_msgs/share/carla_ackermann_msgs/hook/cmake_prefix_path.dsv'
[36.700s] INFO:colcon.colcon_core.shell:Creating environment hook '/home/nisanth/carla_ros_ws/install/carla_ackermann_msgs/share/carla_ackermann_msgs/hook/cmake_prefix_path.sh'
[36.700s] Level 1:colcon.colcon_core.environment:checking '/home/nisanth/carla_ros_ws/install/carla_ackermann_msgs/lib'
[36.700s] Level 1:colcon.colcon_core.shell:create_environment_hook('carla_ackermann_msgs', 'ld_library_path_lib')
[36.701s] INFO:colcon.colcon_core.shell:Creating environment hook '/home/nisanth/carla_ros_ws/install/carla_ackermann_msgs/share/carla_ackermann_msgs/hook/ld_library_path_lib.ps1'
[36.701s] INFO:colcon.colcon_core.shell:Creating environment descriptor '/home/nisanth/carla_ros_ws/install/carla_ackermann_msgs/share/carla_ackermann_msgs/hook/ld_library_path_lib.dsv'
[36.701s] INFO:colcon.colcon_core.shell:Creating environment hook '/home/nisanth/carla_ros_ws/install/carla_ackermann_msgs/share/carla_ackermann_msgs/hook/ld_library_path_lib.sh'
[36.702s] Level 1:colcon.colcon_core.environment:checking '/home/nisanth/carla_ros_ws/install/carla_ackermann_msgs/bin'
[36.702s] Level 1:colcon.colcon_core.environment:checking '/home/nisanth/carla_ros_ws/install/carla_ackermann_msgs/lib/pkgconfig/carla_ackermann_msgs.pc'
[36.702s] Level 1:colcon.colcon_core.environment:checking '/home/nisanth/carla_ros_ws/install/carla_ackermann_msgs/lib/python3.10/site-packages'
[36.702s] Level 1:colcon.colcon_core.environment:checking '/home/nisanth/carla_ros_ws/install/carla_ackermann_msgs/bin'
[36.703s] INFO:colcon.colcon_core.shell:Creating package script '/home/nisanth/carla_ros_ws/install/carla_ackermann_msgs/share/carla_ackermann_msgs/package.ps1'
[36.703s] INFO:colcon.colcon_core.shell:Creating package descriptor '/home/nisanth/carla_ros_ws/install/carla_ackermann_msgs/share/carla_ackermann_msgs/package.dsv'
[36.704s] INFO:colcon.colcon_core.shell:Creating package script '/home/nisanth/carla_ros_ws/install/carla_ackermann_msgs/share/carla_ackermann_msgs/package.sh'
[36.704s] INFO:colcon.colcon_core.shell:Creating package script '/home/nisanth/carla_ros_ws/install/carla_ackermann_msgs/share/carla_ackermann_msgs/package.bash'
[36.704s] INFO:colcon.colcon_core.shell:Creating package script '/home/nisanth/carla_ros_ws/install/carla_ackermann_msgs/share/carla_ackermann_msgs/package.zsh'
[36.704s] Level 1:colcon.colcon_core.environment:create_file_with_runtime_dependencies(/home/nisanth/carla_ros_ws/install/carla_ackermann_msgs/share/colcon-core/packages/carla_ackermann_msgs)
[36.706s] Level 1:colcon.colcon_core.environment:create_environment_scripts_only(carla_ackermann_msgs)
[36.706s] Level 1:colcon.colcon_core.environment:checking '/home/nisanth/carla_ros_ws/install/carla_ackermann_msgs' for CMake module files
[36.707s] Level 1:colcon.colcon_core.environment:checking '/home/nisanth/carla_ros_ws/install/carla_ackermann_msgs' for CMake config files
[36.709s] Level 1:colcon.colcon_core.shell:create_environment_hook('carla_ackermann_msgs', 'cmake_prefix_path')
[36.709s] INFO:colcon.colcon_core.shell:Creating environment hook '/home/nisanth/carla_ros_ws/install/carla_ackermann_msgs/share/carla_ackermann_msgs/hook/cmake_prefix_path.ps1'
[36.709s] INFO:colcon.colcon_core.shell:Creating environment descriptor '/home/nisanth/carla_ros_ws/install/carla_ackermann_msgs/share/carla_ackermann_msgs/hook/cmake_prefix_path.dsv'
[36.710s] INFO:colcon.colcon_core.shell:Creating environment hook '/home/nisanth/carla_ros_ws/install/carla_ackermann_msgs/share/carla_ackermann_msgs/hook/cmake_prefix_path.sh'
[36.710s] Level 1:colcon.colcon_core.environment:checking '/home/nisanth/carla_ros_ws/install/carla_ackermann_msgs/lib'
[36.710s] Level 1:colcon.colcon_core.shell:create_environment_hook('carla_ackermann_msgs', 'ld_library_path_lib')
[36.711s] INFO:colcon.colcon_core.shell:Creating environment hook '/home/nisanth/carla_ros_ws/install/carla_ackermann_msgs/share/carla_ackermann_msgs/hook/ld_library_path_lib.ps1'
[36.711s] INFO:colcon.colcon_core.shell:Creating environment descriptor '/home/nisanth/carla_ros_ws/install/carla_ackermann_msgs/share/carla_ackermann_msgs/hook/ld_library_path_lib.dsv'
[36.711s] INFO:colcon.colcon_core.shell:Creating environment hook '/home/nisanth/carla_ros_ws/install/carla_ackermann_msgs/share/carla_ackermann_msgs/hook/ld_library_path_lib.sh'
[36.712s] Level 1:colcon.colcon_core.environment:checking '/home/nisanth/carla_ros_ws/install/carla_ackermann_msgs/bin'
[36.712s] Level 1:colcon.colcon_core.environment:checking '/home/nisanth/carla_ros_ws/install/carla_ackermann_msgs/lib/pkgconfig/carla_ackermann_msgs.pc'
[36.712s] Level 1:colcon.colcon_core.environment:checking '/home/nisanth/carla_ros_ws/install/carla_ackermann_msgs/lib/python3.10/site-packages'
[36.712s] Level 1:colcon.colcon_core.environment:checking '/home/nisanth/carla_ros_ws/install/carla_ackermann_msgs/bin'
[36.713s] INFO:colcon.colcon_core.shell:Creating package script '/home/nisanth/carla_ros_ws/install/carla_ackermann_msgs/share/carla_ackermann_msgs/package.ps1'
[36.713s] INFO:colcon.colcon_core.shell:Creating package descriptor '/home/nisanth/carla_ros_ws/install/carla_ackermann_msgs/share/carla_ackermann_msgs/package.dsv'
[36.714s] INFO:colcon.colcon_core.shell:Creating package script '/home/nisanth/carla_ros_ws/install/carla_ackermann_msgs/share/carla_ackermann_msgs/package.sh'
[36.714s] INFO:colcon.colcon_core.shell:Creating package script '/home/nisanth/carla_ros_ws/install/carla_ackermann_msgs/share/carla_ackermann_msgs/package.bash'
[36.715s] INFO:colcon.colcon_core.shell:Creating package script '/home/nisanth/carla_ros_ws/install/carla_ackermann_msgs/share/carla_ackermann_msgs/package.zsh'
[36.715s] Level 1:colcon.colcon_core.environment:create_file_with_runtime_dependencies(/home/nisanth/carla_ros_ws/install/carla_ackermann_msgs/share/colcon-core/packages/carla_ackermann_msgs)
[36.715s] INFO:colcon.colcon_ros.task.ament_python.build:Building ROS package in '/home/nisanth/carla_ros_ws/src/ros-bridge/carla_ackermann_control' with build type 'ament_python'
[36.716s] Level 1:colcon.colcon_core.shell:create_environment_hook('carla_ackermann_control', 'ament_prefix_path')
[36.716s] INFO:colcon.colcon_core.shell:Creating environment hook '/home/nisanth/carla_ros_ws/install/carla_ackermann_control/share/carla_ackermann_control/hook/ament_prefix_path.ps1'
[36.718s] INFO:colcon.colcon_core.shell:Creating environment descriptor '/home/nisanth/carla_ros_ws/install/carla_ackermann_control/share/carla_ackermann_control/hook/ament_prefix_path.dsv'
[36.719s] INFO:colcon.colcon_core.shell:Creating environment hook '/home/nisanth/carla_ros_ws/install/carla_ackermann_control/share/carla_ackermann_control/hook/ament_prefix_path.sh'
[36.719s] INFO:colcon.colcon_core.shell:Skip shell extension 'powershell' for command environment: Not usable outside of PowerShell
[36.719s] DEBUG:colcon.colcon_core.shell:Skip shell extension 'dsv' for command environment
[37.591s] INFO:colcon.colcon_core.task.python.build:Building Python package in '/home/nisanth/carla_ros_ws/src/ros-bridge/carla_ackermann_control'
[37.592s] INFO:colcon.colcon_core.shell:Skip shell extension 'powershell' for command environment: Not usable outside of PowerShell
[37.592s] DEBUG:colcon.colcon_core.shell:Skip shell extension 'dsv' for command environment
[38.653s] DEBUG:colcon.colcon_core.event_handler.log_command:Invoking command in '/home/nisanth/carla_ros_ws/build/carla_ackermann_control': AMENT_PREFIX_PATH=/home/nisanth/carla_ros_ws/install/carla_ros_bridge:/home/nisanth/carla_ros_ws/install/carla_spawn_objects:/home/nisanth/carla_ros_ws/install/carla_manual_control:/home/nisanth/carla_ros_ws/install/carla_ackermann_msgs:/home/nisanth/carla_ros_ws/install/ros_compatibility:/home/nisanth/carla_ros_ws/install/carla_msgs:/home/nisanth/carla_ros_ws/install/carla_common:${AMENT_PREFIX_PATH} CMAKE_PREFIX_PATH=/home/nisanth/carla_ros_ws/install/carla_ackermann_msgs:/home/nisanth/carla_ros_ws/install/carla_msgs LD_LIBRARY_PATH=/home/nisanth/carla_ros_ws/install/carla_ackermann_msgs/lib:/home/nisanth/carla_ros_ws/install/carla_msgs/lib:${LD_LIBRARY_PATH} PYTHONPATH=/home/nisanth/carla_ros_ws/build/carla_ackermann_control/prefix_override:/usr/lib/python3/dist-packages/colcon_core/task/python/colcon_distutils_commands:/home/nisanth/carla_ros_ws/install/carla_ackermann_control/lib/python3.10/site-packages:/home/nisanth/carla_ros_ws/build/carla_ros_bridge/src:/home/nisanth/carla_ros_ws/install/carla_ros_bridge/lib/python3.10/site-packages:/home/nisanth/carla_ros_ws/build/carla_spawn_objects:/home/nisanth/carla_ros_ws/install/carla_spawn_objects/lib/python3.10/site-packages:/home/nisanth/carla_ros_ws/build/carla_manual_control/src:/home/nisanth/carla_ros_ws/install/carla_manual_control/lib/python3.10/site-packages:/home/nisanth/carla_ros_ws/install/carla_ackermann_msgs/local/lib/python3.10/dist-packages:/home/nisanth/carla_ros_ws/build/ros_compatibility/src:/home/nisanth/carla_ros_ws/install/ros_compatibility/lib/python3.10/site-packages:/home/nisanth/carla_ros_ws/install/carla_msgs/local/lib/python3.10/dist-packages:/home/nisanth/carla_ros_ws/build/carla_common/src:/home/nisanth/carla_ros_ws/install/carla_common/lib/python3.10/site-packages:${PYTHONPATH} /usr/bin/python3 -W ignore:setup.py install is deprecated -W ignore:easy_install command is deprecated setup.py develop --editable --build-directory /home/nisanth/carla_ros_ws/build/carla_ackermann_control/build --no-deps symlink_data
[39.157s] Level 1:colcon.colcon_core.shell:create_environment_hook('carla_ackermann_control', 'pythonpath_develop')
[39.158s] INFO:colcon.colcon_core.shell:Creating environment hook '/home/nisanth/carla_ros_ws/build/carla_ackermann_control/src/share/carla_ackermann_control/hook/pythonpath_develop.ps1'
[39.159s] DEBUG:colcon.colcon_core.event_handler.log_command:Invoked command in '/home/nisanth/carla_ros_ws/build/carla_ackermann_control' returned '0': AMENT_PREFIX_PATH=/home/nisanth/carla_ros_ws/install/carla_ros_bridge:/home/nisanth/carla_ros_ws/install/carla_spawn_objects:/home/nisanth/carla_ros_ws/install/carla_manual_control:/home/nisanth/carla_ros_ws/install/carla_ackermann_msgs:/home/nisanth/carla_ros_ws/install/ros_compatibility:/home/nisanth/carla_ros_ws/install/carla_msgs:/home/nisanth/carla_ros_ws/install/carla_common:${AMENT_PREFIX_PATH} CMAKE_PREFIX_PATH=/home/nisanth/carla_ros_ws/install/carla_ackermann_msgs:/home/nisanth/carla_ros_ws/install/carla_msgs LD_LIBRARY_PATH=/home/nisanth/carla_ros_ws/install/carla_ackermann_msgs/lib:/home/nisanth/carla_ros_ws/install/carla_msgs/lib:${LD_LIBRARY_PATH} PYTHONPATH=/home/nisanth/carla_ros_ws/build/carla_ackermann_control/prefix_override:/usr/lib/python3/dist-packages/colcon_core/task/python/colcon_distutils_commands:/home/nisanth/carla_ros_ws/install/carla_ackermann_control/lib/python3.10/site-packages:/home/nisanth/carla_ros_ws/build/carla_ros_bridge/src:/home/nisanth/carla_ros_ws/install/carla_ros_bridge/lib/python3.10/site-packages:/home/nisanth/carla_ros_ws/build/carla_spawn_objects:/home/nisanth/carla_ros_ws/install/carla_spawn_objects/lib/python3.10/site-packages:/home/nisanth/carla_ros_ws/build/carla_manual_control/src:/home/nisanth/carla_ros_ws/install/carla_manual_control/lib/python3.10/site-packages:/home/nisanth/carla_ros_ws/install/carla_ackermann_msgs/local/lib/python3.10/dist-packages:/home/nisanth/carla_ros_ws/build/ros_compatibility/src:/home/nisanth/carla_ros_ws/install/ros_compatibility/lib/python3.10/site-packages:/home/nisanth/carla_ros_ws/install/carla_msgs/local/lib/python3.10/dist-packages:/home/nisanth/carla_ros_ws/build/carla_common/src:/home/nisanth/carla_ros_ws/install/carla_common/lib/python3.10/site-packages:${PYTHONPATH} /usr/bin/python3 -W ignore:setup.py install is deprecated -W ignore:easy_install command is deprecated setup.py develop --editable --build-directory /home/nisanth/carla_ros_ws/build/carla_ackermann_control/build --no-deps symlink_data
[39.161s] INFO:colcon.colcon_core.shell:Creating environment descriptor '/home/nisanth/carla_ros_ws/build/carla_ackermann_control/src/share/carla_ackermann_control/hook/pythonpath_develop.dsv'
[39.161s] INFO:colcon.colcon_core.shell:Creating environment hook '/home/nisanth/carla_ros_ws/build/carla_ackermann_control/src/share/carla_ackermann_control/hook/pythonpath_develop.sh'
[39.162s] Level 1:colcon.colcon_core.environment:checking '/home/nisanth/carla_ros_ws/install/carla_ackermann_control' for CMake module files
[39.162s] Level 1:colcon.colcon_core.environment:checking '/home/nisanth/carla_ros_ws/install/carla_ackermann_control' for CMake config files
[39.163s] Level 1:colcon.colcon_core.environment:checking '/home/nisanth/carla_ros_ws/install/carla_ackermann_control/lib'
[39.163s] Level 1:colcon.colcon_core.environment:checking '/home/nisanth/carla_ros_ws/install/carla_ackermann_control/bin'
[39.163s] Level 1:colcon.colcon_core.environment:checking '/home/nisanth/carla_ros_ws/install/carla_ackermann_control/lib/pkgconfig/carla_ackermann_control.pc'
[39.163s] Level 1:colcon.colcon_core.environment:checking '/home/nisanth/carla_ros_ws/install/carla_ackermann_control/lib/python3.10/site-packages'
[39.163s] Level 1:colcon.colcon_core.shell:create_environment_hook('carla_ackermann_control', 'pythonpath')
[39.163s] INFO:colcon.colcon_core.shell:Creating environment hook '/home/nisanth/carla_ros_ws/install/carla_ackermann_control/share/carla_ackermann_control/hook/pythonpath.ps1'
[39.164s] INFO:colcon.colcon_core.shell:Creating environment descriptor '/home/nisanth/carla_ros_ws/install/carla_ackermann_control/share/carla_ackermann_control/hook/pythonpath.dsv'
[39.164s] INFO:colcon.colcon_core.shell:Creating environment hook '/home/nisanth/carla_ros_ws/install/carla_ackermann_control/share/carla_ackermann_control/hook/pythonpath.sh'
[39.165s] Level 1:colcon.colcon_core.environment:checking '/home/nisanth/carla_ros_ws/install/carla_ackermann_control/bin'
[39.165s] Level 1:colcon.colcon_core.environment:create_environment_scripts_only(carla_ackermann_control)
[39.165s] INFO:colcon.colcon_core.shell:Creating package script '/home/nisanth/carla_ros_ws/install/carla_ackermann_control/share/carla_ackermann_control/package.ps1'
[39.166s] INFO:colcon.colcon_core.shell:Creating package descriptor '/home/nisanth/carla_ros_ws/install/carla_ackermann_control/share/carla_ackermann_control/package.dsv'
[39.166s] INFO:colcon.colcon_core.shell:Creating package script '/home/nisanth/carla_ros_ws/install/carla_ackermann_control/share/carla_ackermann_control/package.sh'
[39.166s] INFO:colcon.colcon_core.shell:Creating package script '/home/nisanth/carla_ros_ws/install/carla_ackermann_control/share/carla_ackermann_control/package.bash'
[39.167s] INFO:colcon.colcon_core.shell:Creating package script '/home/nisanth/carla_ros_ws/install/carla_ackermann_control/share/carla_ackermann_control/package.zsh'
[39.167s] Level 1:colcon.colcon_core.environment:create_file_with_runtime_dependencies(/home/nisanth/carla_ros_ws/install/carla_ackermann_control/share/colcon-core/packages/carla_ackermann_control)
[40.115s] DEBUG:colcon.colcon_core.event_handler.log_command:Invoked command in '/home/nisanth/carla_ros_ws/build/rviz_carla_plugin' returned '0': AMENT_PREFIX_PATH=/home/nisanth/carla_ros_ws/install/carla_ros_scenario_runner_types:/home/nisanth/carla_ros_ws/install/carla_msgs:${AMENT_PREFIX_PATH} CMAKE_PREFIX_PATH=/home/nisanth/carla_ros_ws/install/carla_ros_scenario_runner_types:/home/nisanth/carla_ros_ws/install/carla_msgs:/opt/ros/humble LD_LIBRARY_PATH=/home/nisanth/carla_ros_ws/install/carla_ros_scenario_runner_types/lib:/home/nisanth/carla_ros_ws/install/carla_msgs/lib:${LD_LIBRARY_PATH} PYTHONPATH=/home/nisanth/carla_ros_ws/install/carla_ros_scenario_runner_types/local/lib/python3.10/dist-packages:/home/nisanth/carla_ros_ws/install/carla_msgs/local/lib/python3.10/dist-packages:${PYTHONPATH} /usr/bin/cmake /home/nisanth/carla_ros_ws/src/ros-bridge/rviz_carla_plugin -DAMENT_CMAKE_SYMLINK_INSTALL=1 -DCMAKE_INSTALL_PREFIX=/home/nisanth/carla_ros_ws/install/rviz_carla_plugin
[40.118s] DEBUG:colcon.colcon_core.event_handler.log_command:Invoking command in '/home/nisanth/carla_ros_ws/build/rviz_carla_plugin': AMENT_PREFIX_PATH=/home/nisanth/carla_ros_ws/install/carla_ros_scenario_runner_types:/home/nisanth/carla_ros_ws/install/carla_msgs:${AMENT_PREFIX_PATH} CMAKE_PREFIX_PATH=/home/nisanth/carla_ros_ws/install/carla_ros_scenario_runner_types:/home/nisanth/carla_ros_ws/install/carla_msgs:/opt/ros/humble LD_LIBRARY_PATH=/home/nisanth/carla_ros_ws/install/carla_ros_scenario_runner_types/lib:/home/nisanth/carla_ros_ws/install/carla_msgs/lib:${LD_LIBRARY_PATH} PYTHONPATH=/home/nisanth/carla_ros_ws/install/carla_ros_scenario_runner_types/local/lib/python3.10/dist-packages:/home/nisanth/carla_ros_ws/install/carla_msgs/local/lib/python3.10/dist-packages:${PYTHONPATH} /usr/bin/cmake --build /home/nisanth/carla_ros_ws/build/rviz_carla_plugin -- -j12 -l12
[55.280s] DEBUG:colcon.colcon_core.event_handler.log_command:Invoked command in '/home/nisanth/carla_ros_ws/build/pcl_recorder' returned '0': AMENT_PREFIX_PATH=/home/nisanth/carla_ros_ws/install/carla_ros_bridge:/home/nisanth/carla_ros_ws/install/carla_spawn_objects:/home/nisanth/carla_ros_ws/install/carla_manual_control:/home/nisanth/carla_ros_ws/install/ros_compatibility:/home/nisanth/carla_ros_ws/install/carla_msgs:/home/nisanth/carla_ros_ws/install/carla_common:${AMENT_PREFIX_PATH} CMAKE_PREFIX_PATH=/home/nisanth/carla_ros_ws/install/carla_msgs:/opt/ros/humble LD_LIBRARY_PATH=/home/nisanth/carla_ros_ws/install/carla_msgs/lib:${LD_LIBRARY_PATH} PYTHONPATH=/home/nisanth/carla_ros_ws/build/carla_ros_bridge/src:/home/nisanth/carla_ros_ws/install/carla_ros_bridge/lib/python3.10/site-packages:/home/nisanth/carla_ros_ws/build/carla_spawn_objects:/home/nisanth/carla_ros_ws/install/carla_spawn_objects/lib/python3.10/site-packages:/home/nisanth/carla_ros_ws/build/carla_manual_control/src:/home/nisanth/carla_ros_ws/install/carla_manual_control/lib/python3.10/site-packages:/home/nisanth/carla_ros_ws/build/ros_compatibility/src:/home/nisanth/carla_ros_ws/install/ros_compatibility/lib/python3.10/site-packages:/home/nisanth/carla_ros_ws/install/carla_msgs/local/lib/python3.10/dist-packages:/home/nisanth/carla_ros_ws/build/carla_common/src:/home/nisanth/carla_ros_ws/install/carla_common/lib/python3.10/site-packages:${PYTHONPATH} /usr/bin/cmake /home/nisanth/carla_ros_ws/src/ros-bridge/pcl_recorder -DAMENT_CMAKE_SYMLINK_INSTALL=1 -DCMAKE_INSTALL_PREFIX=/home/nisanth/carla_ros_ws/install/pcl_recorder
[55.282s] DEBUG:colcon.colcon_core.event_handler.log_command:Invoking command in '/home/nisanth/carla_ros_ws/build/pcl_recorder': AMENT_PREFIX_PATH=/home/nisanth/carla_ros_ws/install/carla_ros_bridge:/home/nisanth/carla_ros_ws/install/carla_spawn_objects:/home/nisanth/carla_ros_ws/install/carla_manual_control:/home/nisanth/carla_ros_ws/install/ros_compatibility:/home/nisanth/carla_ros_ws/install/carla_msgs:/home/nisanth/carla_ros_ws/install/carla_common:${AMENT_PREFIX_PATH} CMAKE_PREFIX_PATH=/home/nisanth/carla_ros_ws/install/carla_msgs:/opt/ros/humble LD_LIBRARY_PATH=/home/nisanth/carla_ros_ws/install/carla_msgs/lib:${LD_LIBRARY_PATH} PYTHONPATH=/home/nisanth/carla_ros_ws/build/carla_ros_bridge/src:/home/nisanth/carla_ros_ws/install/carla_ros_bridge/lib/python3.10/site-packages:/home/nisanth/carla_ros_ws/build/carla_spawn_objects:/home/nisanth/carla_ros_ws/install/carla_spawn_objects/lib/python3.10/site-packages:/home/nisanth/carla_ros_ws/build/carla_manual_control/src:/home/nisanth/carla_ros_ws/install/carla_manual_control/lib/python3.10/site-packages:/home/nisanth/carla_ros_ws/build/ros_compatibility/src:/home/nisanth/carla_ros_ws/install/ros_compatibility/lib/python3.10/site-packages:/home/nisanth/carla_ros_ws/install/carla_msgs/local/lib/python3.10/dist-packages:/home/nisanth/carla_ros_ws/build/carla_common/src:/home/nisanth/carla_ros_ws/install/carla_common/lib/python3.10/site-packages:${PYTHONPATH} /usr/bin/cmake --build /home/nisanth/carla_ros_ws/build/pcl_recorder -- -j12 -l12
[72.286s] DEBUG:colcon.colcon_core.event_handler.log_command:Invoked command in '/home/nisanth/carla_ros_ws/build/rviz_carla_plugin' returned '0': AMENT_PREFIX_PATH=/home/nisanth/carla_ros_ws/install/carla_ros_scenario_runner_types:/home/nisanth/carla_ros_ws/install/carla_msgs:${AMENT_PREFIX_PATH} CMAKE_PREFIX_PATH=/home/nisanth/carla_ros_ws/install/carla_ros_scenario_runner_types:/home/nisanth/carla_ros_ws/install/carla_msgs:/opt/ros/humble LD_LIBRARY_PATH=/home/nisanth/carla_ros_ws/install/carla_ros_scenario_runner_types/lib:/home/nisanth/carla_ros_ws/install/carla_msgs/lib:${LD_LIBRARY_PATH} PYTHONPATH=/home/nisanth/carla_ros_ws/install/carla_ros_scenario_runner_types/local/lib/python3.10/dist-packages:/home/nisanth/carla_ros_ws/install/carla_msgs/local/lib/python3.10/dist-packages:${PYTHONPATH} /usr/bin/cmake --build /home/nisanth/carla_ros_ws/build/rviz_carla_plugin -- -j12 -l12
[72.289s] DEBUG:colcon.colcon_core.event_handler.log_command:Invoking command in '/home/nisanth/carla_ros_ws/build/rviz_carla_plugin': AMENT_PREFIX_PATH=/home/nisanth/carla_ros_ws/install/carla_ros_scenario_runner_types:/home/nisanth/carla_ros_ws/install/carla_msgs:${AMENT_PREFIX_PATH} CMAKE_PREFIX_PATH=/home/nisanth/carla_ros_ws/install/carla_ros_scenario_runner_types:/home/nisanth/carla_ros_ws/install/carla_msgs:/opt/ros/humble LD_LIBRARY_PATH=/home/nisanth/carla_ros_ws/install/carla_ros_scenario_runner_types/lib:/home/nisanth/carla_ros_ws/install/carla_msgs/lib:${LD_LIBRARY_PATH} PYTHONPATH=/home/nisanth/carla_ros_ws/install/carla_ros_scenario_runner_types/local/lib/python3.10/dist-packages:/home/nisanth/carla_ros_ws/install/carla_msgs/local/lib/python3.10/dist-packages:${PYTHONPATH} /usr/bin/cmake --install /home/nisanth/carla_ros_ws/build/rviz_carla_plugin
[72.648s] Level 1:colcon.colcon_core.environment:create_environment_scripts_only(rviz_carla_plugin)
[72.648s] Level 1:colcon.colcon_core.environment:checking '/home/nisanth/carla_ros_ws/install/rviz_carla_plugin' for CMake module files
[72.649s] DEBUG:colcon.colcon_core.event_handler.log_command:Invoked command in '/home/nisanth/carla_ros_ws/build/rviz_carla_plugin' returned '0': AMENT_PREFIX_PATH=/home/nisanth/carla_ros_ws/install/carla_ros_scenario_runner_types:/home/nisanth/carla_ros_ws/install/carla_msgs:${AMENT_PREFIX_PATH} CMAKE_PREFIX_PATH=/home/nisanth/carla_ros_ws/install/carla_ros_scenario_runner_types:/home/nisanth/carla_ros_ws/install/carla_msgs:/opt/ros/humble LD_LIBRARY_PATH=/home/nisanth/carla_ros_ws/install/carla_ros_scenario_runner_types/lib:/home/nisanth/carla_ros_ws/install/carla_msgs/lib:${LD_LIBRARY_PATH} PYTHONPATH=/home/nisanth/carla_ros_ws/install/carla_ros_scenario_runner_types/local/lib/python3.10/dist-packages:/home/nisanth/carla_ros_ws/install/carla_msgs/local/lib/python3.10/dist-packages:${PYTHONPATH} /usr/bin/cmake --install /home/nisanth/carla_ros_ws/build/rviz_carla_plugin
[72.649s] Level 1:colcon.colcon_core.environment:checking '/home/nisanth/carla_ros_ws/install/rviz_carla_plugin' for CMake config files
[72.649s] Level 1:colcon.colcon_core.shell:create_environment_hook('rviz_carla_plugin', 'cmake_prefix_path')
[72.650s] INFO:colcon.colcon_core.shell:Creating environment hook '/home/nisanth/carla_ros_ws/install/rviz_carla_plugin/share/rviz_carla_plugin/hook/cmake_prefix_path.ps1'
[72.651s] INFO:colcon.colcon_core.shell:Creating environment descriptor '/home/nisanth/carla_ros_ws/install/rviz_carla_plugin/share/rviz_carla_plugin/hook/cmake_prefix_path.dsv'
[72.651s] INFO:colcon.colcon_core.shell:Creating environment hook '/home/nisanth/carla_ros_ws/install/rviz_carla_plugin/share/rviz_carla_plugin/hook/cmake_prefix_path.sh'
[72.652s] Level 1:colcon.colcon_core.environment:checking '/home/nisanth/carla_ros_ws/install/rviz_carla_plugin/lib'
[72.652s] Level 1:colcon.colcon_core.shell:create_environment_hook('rviz_carla_plugin', 'ld_library_path_lib')
[72.652s] INFO:colcon.colcon_core.shell:Creating environment hook '/home/nisanth/carla_ros_ws/install/rviz_carla_plugin/share/rviz_carla_plugin/hook/ld_library_path_lib.ps1'
[72.652s] INFO:colcon.colcon_core.shell:Creating environment descriptor '/home/nisanth/carla_ros_ws/install/rviz_carla_plugin/share/rviz_carla_plugin/hook/ld_library_path_lib.dsv'
[72.653s] INFO:colcon.colcon_core.shell:Creating environment hook '/home/nisanth/carla_ros_ws/install/rviz_carla_plugin/share/rviz_carla_plugin/hook/ld_library_path_lib.sh'
[72.653s] Level 1:colcon.colcon_core.environment:checking '/home/nisanth/carla_ros_ws/install/rviz_carla_plugin/bin'
[72.653s] Level 1:colcon.colcon_core.environment:checking '/home/nisanth/carla_ros_ws/install/rviz_carla_plugin/lib/pkgconfig/rviz_carla_plugin.pc'
[72.653s] Level 1:colcon.colcon_core.environment:checking '/home/nisanth/carla_ros_ws/install/rviz_carla_plugin/lib/python3.10/site-packages'
[72.654s] Level 1:colcon.colcon_core.environment:checking '/home/nisanth/carla_ros_ws/install/rviz_carla_plugin/bin'
[72.654s] INFO:colcon.colcon_core.shell:Creating package script '/home/nisanth/carla_ros_ws/install/rviz_carla_plugin/share/rviz_carla_plugin/package.ps1'
[72.654s] INFO:colcon.colcon_core.shell:Creating package descriptor '/home/nisanth/carla_ros_ws/install/rviz_carla_plugin/share/rviz_carla_plugin/package.dsv'
[72.655s] INFO:colcon.colcon_core.shell:Creating package script '/home/nisanth/carla_ros_ws/install/rviz_carla_plugin/share/rviz_carla_plugin/package.sh'
[72.655s] INFO:colcon.colcon_core.shell:Creating package script '/home/nisanth/carla_ros_ws/install/rviz_carla_plugin/share/rviz_carla_plugin/package.bash'
[72.655s] INFO:colcon.colcon_core.shell:Creating package script '/home/nisanth/carla_ros_ws/install/rviz_carla_plugin/share/rviz_carla_plugin/package.zsh'
[72.655s] Level 1:colcon.colcon_core.environment:create_file_with_runtime_dependencies(/home/nisanth/carla_ros_ws/install/rviz_carla_plugin/share/colcon-core/packages/rviz_carla_plugin)
[72.657s] Level 1:colcon.colcon_core.environment:create_environment_scripts_only(rviz_carla_plugin)
[72.657s] Level 1:colcon.colcon_core.environment:checking '/home/nisanth/carla_ros_ws/install/rviz_carla_plugin' for CMake module files
[72.658s] Level 1:colcon.colcon_core.environment:checking '/home/nisanth/carla_ros_ws/install/rviz_carla_plugin' for CMake config files
[72.659s] Level 1:colcon.colcon_core.shell:create_environment_hook('rviz_carla_plugin', 'cmake_prefix_path')
[72.659s] INFO:colcon.colcon_core.shell:Creating environment hook '/home/nisanth/carla_ros_ws/install/rviz_carla_plugin/share/rviz_carla_plugin/hook/cmake_prefix_path.ps1'
[72.659s] INFO:colcon.colcon_core.shell:Creating environment descriptor '/home/nisanth/carla_ros_ws/install/rviz_carla_plugin/share/rviz_carla_plugin/hook/cmake_prefix_path.dsv'
[72.659s] INFO:colcon.colcon_core.shell:Creating environment hook '/home/nisanth/carla_ros_ws/install/rviz_carla_plugin/share/rviz_carla_plugin/hook/cmake_prefix_path.sh'
[72.660s] Level 1:colcon.colcon_core.environment:checking '/home/nisanth/carla_ros_ws/install/rviz_carla_plugin/lib'
[72.660s] Level 1:colcon.colcon_core.shell:create_environment_hook('rviz_carla_plugin', 'ld_library_path_lib')
[72.660s] INFO:colcon.colcon_core.shell:Creating environment hook '/home/nisanth/carla_ros_ws/install/rviz_carla_plugin/share/rviz_carla_plugin/hook/ld_library_path_lib.ps1'
[72.660s] INFO:colcon.colcon_core.shell:Creating environment descriptor '/home/nisanth/carla_ros_ws/install/rviz_carla_plugin/share/rviz_carla_plugin/hook/ld_library_path_lib.dsv'
[72.661s] INFO:colcon.colcon_core.shell:Creating environment hook '/home/nisanth/carla_ros_ws/install/rviz_carla_plugin/share/rviz_carla_plugin/hook/ld_library_path_lib.sh'
[72.661s] Level 1:colcon.colcon_core.environment:checking '/home/nisanth/carla_ros_ws/install/rviz_carla_plugin/bin'
[72.661s] Level 1:colcon.colcon_core.environment:checking '/home/nisanth/carla_ros_ws/install/rviz_carla_plugin/lib/pkgconfig/rviz_carla_plugin.pc'
[72.661s] Level 1:colcon.colcon_core.environment:checking '/home/nisanth/carla_ros_ws/install/rviz_carla_plugin/lib/python3.10/site-packages'
[72.662s] Level 1:colcon.colcon_core.environment:checking '/home/nisanth/carla_ros_ws/install/rviz_carla_plugin/bin'
[72.662s] INFO:colcon.colcon_core.shell:Creating package script '/home/nisanth/carla_ros_ws/install/rviz_carla_plugin/share/rviz_carla_plugin/package.ps1'
[72.663s] INFO:colcon.colcon_core.shell:Creating package descriptor '/home/nisanth/carla_ros_ws/install/rviz_carla_plugin/share/rviz_carla_plugin/package.dsv'
[72.663s] INFO:colcon.colcon_core.shell:Creating package script '/home/nisanth/carla_ros_ws/install/rviz_carla_plugin/share/rviz_carla_plugin/package.sh'
[72.663s] INFO:colcon.colcon_core.shell:Creating package script '/home/nisanth/carla_ros_ws/install/rviz_carla_plugin/share/rviz_carla_plugin/package.bash'
[72.664s] INFO:colcon.colcon_core.shell:Creating package script '/home/nisanth/carla_ros_ws/install/rviz_carla_plugin/share/rviz_carla_plugin/package.zsh'
[72.664s] Level 1:colcon.colcon_core.environment:create_file_with_runtime_dependencies(/home/nisanth/carla_ros_ws/install/rviz_carla_plugin/share/colcon-core/packages/rviz_carla_plugin)
[72.665s] INFO:colcon.colcon_ros.task.ament_cmake.build:Building ROS package in '/home/nisanth/carla_ros_ws/src/ros-bridge/carla_ad_demo' with build type 'ament_cmake'
[72.665s] INFO:colcon.colcon_cmake.task.cmake.build:Building CMake package in '/home/nisanth/carla_ros_ws/src/ros-bridge/carla_ad_demo'
[72.665s] INFO:colcon.colcon_core.shell:Skip shell extension 'powershell' for command environment: Not usable outside of PowerShell
[72.665s] DEBUG:colcon.colcon_core.shell:Skip shell extension 'dsv' for command environment
[74.103s] DEBUG:colcon.colcon_core.event_handler.log_command:Invoking command in '/home/nisanth/carla_ros_ws/build/carla_ad_demo': AMENT_PREFIX_PATH=/home/nisanth/carla_ros_ws/install/carla_ros_bridge:/home/nisanth/carla_ros_ws/install/rviz_carla_plugin:/home/nisanth/carla_ros_ws/install/carla_waypoint_publisher:/home/nisanth/carla_ros_ws/install/carla_spawn_objects:/home/nisanth/carla_ros_ws/install/carla_ros_scenario_runner:/home/nisanth/carla_ros_ws/install/carla_manual_control:/home/nisanth/carla_ros_ws/install/carla_ad_agent:/home/nisanth/carla_ros_ws/install/ros_compatibility:/home/nisanth/carla_ros_ws/install/carla_waypoint_types:/home/nisanth/carla_ros_ws/install/carla_twist_to_control:/home/nisanth/carla_ros_ws/install/carla_ros_scenario_runner_types:/home/nisanth/carla_ros_ws/install/carla_msgs:/home/nisanth/carla_ros_ws/install/carla_common:${AMENT_PREFIX_PATH} CMAKE_PREFIX_PATH=/home/nisanth/carla_ros_ws/install/rviz_carla_plugin:/home/nisanth/carla_ros_ws/install/carla_waypoint_types:/home/nisanth/carla_ros_ws/install/carla_ros_scenario_runner_types:/home/nisanth/carla_ros_ws/install/carla_msgs:/opt/ros/humble LD_LIBRARY_PATH=/home/nisanth/carla_ros_ws/install/rviz_carla_plugin/lib:/home/nisanth/carla_ros_ws/install/carla_waypoint_types/lib:/home/nisanth/carla_ros_ws/install/carla_ros_scenario_runner_types/lib:/home/nisanth/carla_ros_ws/install/carla_msgs/lib:${LD_LIBRARY_PATH} PYTHONPATH=/home/nisanth/carla_ros_ws/build/carla_ros_bridge/src:/home/nisanth/carla_ros_ws/install/carla_ros_bridge/lib/python3.10/site-packages:/home/nisanth/carla_ros_ws/build/carla_waypoint_publisher/src:/home/nisanth/carla_ros_ws/install/carla_waypoint_publisher/lib/python3.10/site-packages:/home/nisanth/carla_ros_ws/build/carla_spawn_objects:/home/nisanth/carla_ros_ws/install/carla_spawn_objects/lib/python3.10/site-packages:/home/nisanth/carla_ros_ws/build/carla_ros_scenario_runner/src:/home/nisanth/carla_ros_ws/install/carla_ros_scenario_runner/lib/python3.10/site-packages:/home/nisanth/carla_ros_ws/build/carla_manual_control/src:/home/nisanth/carla_ros_ws/install/carla_manual_control/lib/python3.10/site-packages:/home/nisanth/carla_ros_ws/build/carla_ad_agent/src:/home/nisanth/carla_ros_ws/install/carla_ad_agent/lib/python3.10/site-packages:/home/nisanth/carla_ros_ws/build/ros_compatibility/src:/home/nisanth/carla_ros_ws/install/ros_compatibility/lib/python3.10/site-packages:/home/nisanth/carla_ros_ws/install/carla_waypoint_types/local/lib/python3.10/dist-packages:/home/nisanth/carla_ros_ws/build/carla_twist_to_control/src:/home/nisanth/carla_ros_ws/install/carla_twist_to_control/lib/python3.10/site-packages:/home/nisanth/carla_ros_ws/install/carla_ros_scenario_runner_types/local/lib/python3.10/dist-packages:/home/nisanth/carla_ros_ws/install/carla_msgs/local/lib/python3.10/dist-packages:/home/nisanth/carla_ros_ws/build/carla_common/src:/home/nisanth/carla_ros_ws/install/carla_common/lib/python3.10/site-packages:${PYTHONPATH} /usr/bin/cmake /home/nisanth/carla_ros_ws/src/ros-bridge/carla_ad_demo -DAMENT_CMAKE_SYMLINK_INSTALL=1 -DCMAKE_INSTALL_PREFIX=/home/nisanth/carla_ros_ws/install/carla_ad_demo
[74.718s] DEBUG:colcon.colcon_core.event_handler.log_command:Invoked command in '/home/nisanth/carla_ros_ws/build/pcl_recorder' returned '0': AMENT_PREFIX_PATH=/home/nisanth/carla_ros_ws/install/carla_ros_bridge:/home/nisanth/carla_ros_ws/install/carla_spawn_objects:/home/nisanth/carla_ros_ws/install/carla_manual_control:/home/nisanth/carla_ros_ws/install/ros_compatibility:/home/nisanth/carla_ros_ws/install/carla_msgs:/home/nisanth/carla_ros_ws/install/carla_common:${AMENT_PREFIX_PATH} CMAKE_PREFIX_PATH=/home/nisanth/carla_ros_ws/install/carla_msgs:/opt/ros/humble LD_LIBRARY_PATH=/home/nisanth/carla_ros_ws/install/carla_msgs/lib:${LD_LIBRARY_PATH} PYTHONPATH=/home/nisanth/carla_ros_ws/build/carla_ros_bridge/src:/home/nisanth/carla_ros_ws/install/carla_ros_bridge/lib/python3.10/site-packages:/home/nisanth/carla_ros_ws/build/carla_spawn_objects:/home/nisanth/carla_ros_ws/install/carla_spawn_objects/lib/python3.10/site-packages:/home/nisanth/carla_ros_ws/build/carla_manual_control/src:/home/nisanth/carla_ros_ws/install/carla_manual_control/lib/python3.10/site-packages:/home/nisanth/carla_ros_ws/build/ros_compatibility/src:/home/nisanth/carla_ros_ws/install/ros_compatibility/lib/python3.10/site-packages:/home/nisanth/carla_ros_ws/install/carla_msgs/local/lib/python3.10/dist-packages:/home/nisanth/carla_ros_ws/build/carla_common/src:/home/nisanth/carla_ros_ws/install/carla_common/lib/python3.10/site-packages:${PYTHONPATH} /usr/bin/cmake --build /home/nisanth/carla_ros_ws/build/pcl_recorder -- -j12 -l12
[74.721s] DEBUG:colcon.colcon_core.event_handler.log_command:Invoking command in '/home/nisanth/carla_ros_ws/build/pcl_recorder': AMENT_PREFIX_PATH=/home/nisanth/carla_ros_ws/install/carla_ros_bridge:/home/nisanth/carla_ros_ws/install/carla_spawn_objects:/home/nisanth/carla_ros_ws/install/carla_manual_control:/home/nisanth/carla_ros_ws/install/ros_compatibility:/home/nisanth/carla_ros_ws/install/carla_msgs:/home/nisanth/carla_ros_ws/install/carla_common:${AMENT_PREFIX_PATH} CMAKE_PREFIX_PATH=/home/nisanth/carla_ros_ws/install/carla_msgs:/opt/ros/humble LD_LIBRARY_PATH=/home/nisanth/carla_ros_ws/install/carla_msgs/lib:${LD_LIBRARY_PATH} PYTHONPATH=/home/nisanth/carla_ros_ws/build/carla_ros_bridge/src:/home/nisanth/carla_ros_ws/install/carla_ros_bridge/lib/python3.10/site-packages:/home/nisanth/carla_ros_ws/build/carla_spawn_objects:/home/nisanth/carla_ros_ws/install/carla_spawn_objects/lib/python3.10/site-packages:/home/nisanth/carla_ros_ws/build/carla_manual_control/src:/home/nisanth/carla_ros_ws/install/carla_manual_control/lib/python3.10/site-packages:/home/nisanth/carla_ros_ws/build/ros_compatibility/src:/home/nisanth/carla_ros_ws/install/ros_compatibility/lib/python3.10/site-packages:/home/nisanth/carla_ros_ws/install/carla_msgs/local/lib/python3.10/dist-packages:/home/nisanth/carla_ros_ws/build/carla_common/src:/home/nisanth/carla_ros_ws/install/carla_common/lib/python3.10/site-packages:${PYTHONPATH} /usr/bin/cmake --install /home/nisanth/carla_ros_ws/build/pcl_recorder
[74.983s] Level 1:colcon.colcon_core.environment:create_environment_scripts_only(pcl_recorder)
[74.984s] Level 1:colcon.colcon_core.environment:checking '/home/nisanth/carla_ros_ws/install/pcl_recorder' for CMake module files
[74.984s] DEBUG:colcon.colcon_core.event_handler.log_command:Invoked command in '/home/nisanth/carla_ros_ws/build/pcl_recorder' returned '0': AMENT_PREFIX_PATH=/home/nisanth/carla_ros_ws/install/carla_ros_bridge:/home/nisanth/carla_ros_ws/install/carla_spawn_objects:/home/nisanth/carla_ros_ws/install/carla_manual_control:/home/nisanth/carla_ros_ws/install/ros_compatibility:/home/nisanth/carla_ros_ws/install/carla_msgs:/home/nisanth/carla_ros_ws/install/carla_common:${AMENT_PREFIX_PATH} CMAKE_PREFIX_PATH=/home/nisanth/carla_ros_ws/install/carla_msgs:/opt/ros/humble LD_LIBRARY_PATH=/home/nisanth/carla_ros_ws/install/carla_msgs/lib:${LD_LIBRARY_PATH} PYTHONPATH=/home/nisanth/carla_ros_ws/build/carla_ros_bridge/src:/home/nisanth/carla_ros_ws/install/carla_ros_bridge/lib/python3.10/site-packages:/home/nisanth/carla_ros_ws/build/carla_spawn_objects:/home/nisanth/carla_ros_ws/install/carla_spawn_objects/lib/python3.10/site-packages:/home/nisanth/carla_ros_ws/build/carla_manual_control/src:/home/nisanth/carla_ros_ws/install/carla_manual_control/lib/python3.10/site-packages:/home/nisanth/carla_ros_ws/build/ros_compatibility/src:/home/nisanth/carla_ros_ws/install/ros_compatibility/lib/python3.10/site-packages:/home/nisanth/carla_ros_ws/install/carla_msgs/local/lib/python3.10/dist-packages:/home/nisanth/carla_ros_ws/build/carla_common/src:/home/nisanth/carla_ros_ws/install/carla_common/lib/python3.10/site-packages:${PYTHONPATH} /usr/bin/cmake --install /home/nisanth/carla_ros_ws/build/pcl_recorder
[74.985s] Level 1:colcon.colcon_core.environment:checking '/home/nisanth/carla_ros_ws/install/pcl_recorder' for CMake config files
[74.985s] Level 1:colcon.colcon_core.shell:create_environment_hook('pcl_recorder', 'cmake_prefix_path')
[74.986s] INFO:colcon.colcon_core.shell:Creating environment hook '/home/nisanth/carla_ros_ws/install/pcl_recorder/share/pcl_recorder/hook/cmake_prefix_path.ps1'
[74.987s] INFO:colcon.colcon_core.shell:Creating environment descriptor '/home/nisanth/carla_ros_ws/install/pcl_recorder/share/pcl_recorder/hook/cmake_prefix_path.dsv'
[74.988s] INFO:colcon.colcon_core.shell:Creating environment hook '/home/nisanth/carla_ros_ws/install/pcl_recorder/share/pcl_recorder/hook/cmake_prefix_path.sh'
[74.988s] Level 1:colcon.colcon_core.environment:checking '/home/nisanth/carla_ros_ws/install/pcl_recorder/lib'
[74.988s] Level 1:colcon.colcon_core.environment:checking '/home/nisanth/carla_ros_ws/install/pcl_recorder/bin'
[74.988s] Level 1:colcon.colcon_core.environment:checking '/home/nisanth/carla_ros_ws/install/pcl_recorder/lib/pkgconfig/pcl_recorder.pc'
[74.988s] Level 1:colcon.colcon_core.environment:checking '/home/nisanth/carla_ros_ws/install/pcl_recorder/lib/python3.10/site-packages'
[74.989s] Level 1:colcon.colcon_core.environment:checking '/home/nisanth/carla_ros_ws/install/pcl_recorder/bin'
[74.989s] INFO:colcon.colcon_core.shell:Creating package script '/home/nisanth/carla_ros_ws/install/pcl_recorder/share/pcl_recorder/package.ps1'
[74.989s] INFO:colcon.colcon_core.shell:Creating package descriptor '/home/nisanth/carla_ros_ws/install/pcl_recorder/share/pcl_recorder/package.dsv'
[74.990s] INFO:colcon.colcon_core.shell:Creating package script '/home/nisanth/carla_ros_ws/install/pcl_recorder/share/pcl_recorder/package.sh'
[74.990s] INFO:colcon.colcon_core.shell:Creating package script '/home/nisanth/carla_ros_ws/install/pcl_recorder/share/pcl_recorder/package.bash'
[74.991s] INFO:colcon.colcon_core.shell:Creating package script '/home/nisanth/carla_ros_ws/install/pcl_recorder/share/pcl_recorder/package.zsh'
[74.991s] Level 1:colcon.colcon_core.environment:create_file_with_runtime_dependencies(/home/nisanth/carla_ros_ws/install/pcl_recorder/share/colcon-core/packages/pcl_recorder)
[74.993s] Level 1:colcon.colcon_core.environment:create_environment_scripts_only(pcl_recorder)
[74.993s] Level 1:colcon.colcon_core.environment:checking '/home/nisanth/carla_ros_ws/install/pcl_recorder' for CMake module files
[74.994s] Level 1:colcon.colcon_core.environment:checking '/home/nisanth/carla_ros_ws/install/pcl_recorder' for CMake config files
[74.994s] Level 1:colcon.colcon_core.shell:create_environment_hook('pcl_recorder', 'cmake_prefix_path')
[74.994s] INFO:colcon.colcon_core.shell:Creating environment hook '/home/nisanth/carla_ros_ws/install/pcl_recorder/share/pcl_recorder/hook/cmake_prefix_path.ps1'
[74.995s] INFO:colcon.colcon_core.shell:Creating environment descriptor '/home/nisanth/carla_ros_ws/install/pcl_recorder/share/pcl_recorder/hook/cmake_prefix_path.dsv'
[74.995s] INFO:colcon.colcon_core.shell:Creating environment hook '/home/nisanth/carla_ros_ws/install/pcl_recorder/share/pcl_recorder/hook/cmake_prefix_path.sh'
[74.996s] Level 1:colcon.colcon_core.environment:checking '/home/nisanth/carla_ros_ws/install/pcl_recorder/lib'
[74.996s] Level 1:colcon.colcon_core.environment:checking '/home/nisanth/carla_ros_ws/install/pcl_recorder/bin'
[74.996s] Level 1:colcon.colcon_core.environment:checking '/home/nisanth/carla_ros_ws/install/pcl_recorder/lib/pkgconfig/pcl_recorder.pc'
[74.996s] Level 1:colcon.colcon_core.environment:checking '/home/nisanth/carla_ros_ws/install/pcl_recorder/lib/python3.10/site-packages'
[74.997s] Level 1:colcon.colcon_core.environment:checking '/home/nisanth/carla_ros_ws/install/pcl_recorder/bin'
[74.997s] INFO:colcon.colcon_core.shell:Creating package script '/home/nisanth/carla_ros_ws/install/pcl_recorder/share/pcl_recorder/package.ps1'
[74.998s] INFO:colcon.colcon_core.shell:Creating package descriptor '/home/nisanth/carla_ros_ws/install/pcl_recorder/share/pcl_recorder/package.dsv'
[74.998s] INFO:colcon.colcon_core.shell:Creating package script '/home/nisanth/carla_ros_ws/install/pcl_recorder/share/pcl_recorder/package.sh'
[74.999s] INFO:colcon.colcon_core.shell:Creating package script '/home/nisanth/carla_ros_ws/install/pcl_recorder/share/pcl_recorder/package.bash'
[75.000s] INFO:colcon.colcon_core.shell:Creating package script '/home/nisanth/carla_ros_ws/install/pcl_recorder/share/pcl_recorder/package.zsh'
[75.000s] Level 1:colcon.colcon_core.environment:create_file_with_runtime_dependencies(/home/nisanth/carla_ros_ws/install/pcl_recorder/share/colcon-core/packages/pcl_recorder)
[75.925s] DEBUG:colcon.colcon_core.event_handler.log_command:Invoked command in '/home/nisanth/carla_ros_ws/build/carla_ad_demo' returned '0': AMENT_PREFIX_PATH=/home/nisanth/carla_ros_ws/install/carla_ros_bridge:/home/nisanth/carla_ros_ws/install/rviz_carla_plugin:/home/nisanth/carla_ros_ws/install/carla_waypoint_publisher:/home/nisanth/carla_ros_ws/install/carla_spawn_objects:/home/nisanth/carla_ros_ws/install/carla_ros_scenario_runner:/home/nisanth/carla_ros_ws/install/carla_manual_control:/home/nisanth/carla_ros_ws/install/carla_ad_agent:/home/nisanth/carla_ros_ws/install/ros_compatibility:/home/nisanth/carla_ros_ws/install/carla_waypoint_types:/home/nisanth/carla_ros_ws/install/carla_twist_to_control:/home/nisanth/carla_ros_ws/install/carla_ros_scenario_runner_types:/home/nisanth/carla_ros_ws/install/carla_msgs:/home/nisanth/carla_ros_ws/install/carla_common:${AMENT_PREFIX_PATH} CMAKE_PREFIX_PATH=/home/nisanth/carla_ros_ws/install/rviz_carla_plugin:/home/nisanth/carla_ros_ws/install/carla_waypoint_types:/home/nisanth/carla_ros_ws/install/carla_ros_scenario_runner_types:/home/nisanth/carla_ros_ws/install/carla_msgs:/opt/ros/humble LD_LIBRARY_PATH=/home/nisanth/carla_ros_ws/install/rviz_carla_plugin/lib:/home/nisanth/carla_ros_ws/install/carla_waypoint_types/lib:/home/nisanth/carla_ros_ws/install/carla_ros_scenario_runner_types/lib:/home/nisanth/carla_ros_ws/install/carla_msgs/lib:${LD_LIBRARY_PATH} PYTHONPATH=/home/nisanth/carla_ros_ws/build/carla_ros_bridge/src:/home/nisanth/carla_ros_ws/install/carla_ros_bridge/lib/python3.10/site-packages:/home/nisanth/carla_ros_ws/build/carla_waypoint_publisher/src:/home/nisanth/carla_ros_ws/install/carla_waypoint_publisher/lib/python3.10/site-packages:/home/nisanth/carla_ros_ws/build/carla_spawn_objects:/home/nisanth/carla_ros_ws/install/carla_spawn_objects/lib/python3.10/site-packages:/home/nisanth/carla_ros_ws/build/carla_ros_scenario_runner/src:/home/nisanth/carla_ros_ws/install/carla_ros_scenario_runner/lib/python3.10/site-packages:/home/nisanth/carla_ros_ws/build/carla_manual_control/src:/home/nisanth/carla_ros_ws/install/carla_manual_control/lib/python3.10/site-packages:/home/nisanth/carla_ros_ws/build/carla_ad_agent/src:/home/nisanth/carla_ros_ws/install/carla_ad_agent/lib/python3.10/site-packages:/home/nisanth/carla_ros_ws/build/ros_compatibility/src:/home/nisanth/carla_ros_ws/install/ros_compatibility/lib/python3.10/site-packages:/home/nisanth/carla_ros_ws/install/carla_waypoint_types/local/lib/python3.10/dist-packages:/home/nisanth/carla_ros_ws/build/carla_twist_to_control/src:/home/nisanth/carla_ros_ws/install/carla_twist_to_control/lib/python3.10/site-packages:/home/nisanth/carla_ros_ws/install/carla_ros_scenario_runner_types/local/lib/python3.10/dist-packages:/home/nisanth/carla_ros_ws/install/carla_msgs/local/lib/python3.10/dist-packages:/home/nisanth/carla_ros_ws/build/carla_common/src:/home/nisanth/carla_ros_ws/install/carla_common/lib/python3.10/site-packages:${PYTHONPATH} /usr/bin/cmake /home/nisanth/carla_ros_ws/src/ros-bridge/carla_ad_demo -DAMENT_CMAKE_SYMLINK_INSTALL=1 -DCMAKE_INSTALL_PREFIX=/home/nisanth/carla_ros_ws/install/carla_ad_demo
[75.927s] DEBUG:colcon.colcon_core.event_handler.log_command:Invoking command in '/home/nisanth/carla_ros_ws/build/carla_ad_demo': AMENT_PREFIX_PATH=/home/nisanth/carla_ros_ws/install/carla_ros_bridge:/home/nisanth/carla_ros_ws/install/rviz_carla_plugin:/home/nisanth/carla_ros_ws/install/carla_waypoint_publisher:/home/nisanth/carla_ros_ws/install/carla_spawn_objects:/home/nisanth/carla_ros_ws/install/carla_ros_scenario_runner:/home/nisanth/carla_ros_ws/install/carla_manual_control:/home/nisanth/carla_ros_ws/install/carla_ad_agent:/home/nisanth/carla_ros_ws/install/ros_compatibility:/home/nisanth/carla_ros_ws/install/carla_waypoint_types:/home/nisanth/carla_ros_ws/install/carla_twist_to_control:/home/nisanth/carla_ros_ws/install/carla_ros_scenario_runner_types:/home/nisanth/carla_ros_ws/install/carla_msgs:/home/nisanth/carla_ros_ws/install/carla_common:${AMENT_PREFIX_PATH} CMAKE_PREFIX_PATH=/home/nisanth/carla_ros_ws/install/rviz_carla_plugin:/home/nisanth/carla_ros_ws/install/carla_waypoint_types:/home/nisanth/carla_ros_ws/install/carla_ros_scenario_runner_types:/home/nisanth/carla_ros_ws/install/carla_msgs:/opt/ros/humble LD_LIBRARY_PATH=/home/nisanth/carla_ros_ws/install/rviz_carla_plugin/lib:/home/nisanth/carla_ros_ws/install/carla_waypoint_types/lib:/home/nisanth/carla_ros_ws/install/carla_ros_scenario_runner_types/lib:/home/nisanth/carla_ros_ws/install/carla_msgs/lib:${LD_LIBRARY_PATH} PYTHONPATH=/home/nisanth/carla_ros_ws/build/carla_ros_bridge/src:/home/nisanth/carla_ros_ws/install/carla_ros_bridge/lib/python3.10/site-packages:/home/nisanth/carla_ros_ws/build/carla_waypoint_publisher/src:/home/nisanth/carla_ros_ws/install/carla_waypoint_publisher/lib/python3.10/site-packages:/home/nisanth/carla_ros_ws/build/carla_spawn_objects:/home/nisanth/carla_ros_ws/install/carla_spawn_objects/lib/python3.10/site-packages:/home/nisanth/carla_ros_ws/build/carla_ros_scenario_runner/src:/home/nisanth/carla_ros_ws/install/carla_ros_scenario_runner/lib/python3.10/site-packages:/home/nisanth/carla_ros_ws/build/carla_manual_control/src:/home/nisanth/carla_ros_ws/install/carla_manual_control/lib/python3.10/site-packages:/home/nisanth/carla_ros_ws/build/carla_ad_agent/src:/home/nisanth/carla_ros_ws/install/carla_ad_agent/lib/python3.10/site-packages:/home/nisanth/carla_ros_ws/build/ros_compatibility/src:/home/nisanth/carla_ros_ws/install/ros_compatibility/lib/python3.10/site-packages:/home/nisanth/carla_ros_ws/install/carla_waypoint_types/local/lib/python3.10/dist-packages:/home/nisanth/carla_ros_ws/build/carla_twist_to_control/src:/home/nisanth/carla_ros_ws/install/carla_twist_to_control/lib/python3.10/site-packages:/home/nisanth/carla_ros_ws/install/carla_ros_scenario_runner_types/local/lib/python3.10/dist-packages:/home/nisanth/carla_ros_ws/install/carla_msgs/local/lib/python3.10/dist-packages:/home/nisanth/carla_ros_ws/build/carla_common/src:/home/nisanth/carla_ros_ws/install/carla_common/lib/python3.10/site-packages:${PYTHONPATH} /usr/bin/cmake --build /home/nisanth/carla_ros_ws/build/carla_ad_demo -- -j12 -l12
[75.975s] DEBUG:colcon.colcon_core.event_handler.log_command:Invoked command in '/home/nisanth/carla_ros_ws/build/carla_ad_demo' returned '0': AMENT_PREFIX_PATH=/home/nisanth/carla_ros_ws/install/carla_ros_bridge:/home/nisanth/carla_ros_ws/install/rviz_carla_plugin:/home/nisanth/carla_ros_ws/install/carla_waypoint_publisher:/home/nisanth/carla_ros_ws/install/carla_spawn_objects:/home/nisanth/carla_ros_ws/install/carla_ros_scenario_runner:/home/nisanth/carla_ros_ws/install/carla_manual_control:/home/nisanth/carla_ros_ws/install/carla_ad_agent:/home/nisanth/carla_ros_ws/install/ros_compatibility:/home/nisanth/carla_ros_ws/install/carla_waypoint_types:/home/nisanth/carla_ros_ws/install/carla_twist_to_control:/home/nisanth/carla_ros_ws/install/carla_ros_scenario_runner_types:/home/nisanth/carla_ros_ws/install/carla_msgs:/home/nisanth/carla_ros_ws/install/carla_common:${AMENT_PREFIX_PATH} CMAKE_PREFIX_PATH=/home/nisanth/carla_ros_ws/install/rviz_carla_plugin:/home/nisanth/carla_ros_ws/install/carla_waypoint_types:/home/nisanth/carla_ros_ws/install/carla_ros_scenario_runner_types:/home/nisanth/carla_ros_ws/install/carla_msgs:/opt/ros/humble LD_LIBRARY_PATH=/home/nisanth/carla_ros_ws/install/rviz_carla_plugin/lib:/home/nisanth/carla_ros_ws/install/carla_waypoint_types/lib:/home/nisanth/carla_ros_ws/install/carla_ros_scenario_runner_types/lib:/home/nisanth/carla_ros_ws/install/carla_msgs/lib:${LD_LIBRARY_PATH} PYTHONPATH=/home/nisanth/carla_ros_ws/build/carla_ros_bridge/src:/home/nisanth/carla_ros_ws/install/carla_ros_bridge/lib/python3.10/site-packages:/home/nisanth/carla_ros_ws/build/carla_waypoint_publisher/src:/home/nisanth/carla_ros_ws/install/carla_waypoint_publisher/lib/python3.10/site-packages:/home/nisanth/carla_ros_ws/build/carla_spawn_objects:/home/nisanth/carla_ros_ws/install/carla_spawn_objects/lib/python3.10/site-packages:/home/nisanth/carla_ros_ws/build/carla_ros_scenario_runner/src:/home/nisanth/carla_ros_ws/install/carla_ros_scenario_runner/lib/python3.10/site-packages:/home/nisanth/carla_ros_ws/build/carla_manual_control/src:/home/nisanth/carla_ros_ws/install/carla_manual_control/lib/python3.10/site-packages:/home/nisanth/carla_ros_ws/build/carla_ad_agent/src:/home/nisanth/carla_ros_ws/install/carla_ad_agent/lib/python3.10/site-packages:/home/nisanth/carla_ros_ws/build/ros_compatibility/src:/home/nisanth/carla_ros_ws/install/ros_compatibility/lib/python3.10/site-packages:/home/nisanth/carla_ros_ws/install/carla_waypoint_types/local/lib/python3.10/dist-packages:/home/nisanth/carla_ros_ws/build/carla_twist_to_control/src:/home/nisanth/carla_ros_ws/install/carla_twist_to_control/lib/python3.10/site-packages:/home/nisanth/carla_ros_ws/install/carla_ros_scenario_runner_types/local/lib/python3.10/dist-packages:/home/nisanth/carla_ros_ws/install/carla_msgs/local/lib/python3.10/dist-packages:/home/nisanth/carla_ros_ws/build/carla_common/src:/home/nisanth/carla_ros_ws/install/carla_common/lib/python3.10/site-packages:${PYTHONPATH} /usr/bin/cmake --build /home/nisanth/carla_ros_ws/build/carla_ad_demo -- -j12 -l12
[75.977s] DEBUG:colcon.colcon_core.event_handler.log_command:Invoking command in '/home/nisanth/carla_ros_ws/build/carla_ad_demo': AMENT_PREFIX_PATH=/home/nisanth/carla_ros_ws/install/carla_ros_bridge:/home/nisanth/carla_ros_ws/install/rviz_carla_plugin:/home/nisanth/carla_ros_ws/install/carla_waypoint_publisher:/home/nisanth/carla_ros_ws/install/carla_spawn_objects:/home/nisanth/carla_ros_ws/install/carla_ros_scenario_runner:/home/nisanth/carla_ros_ws/install/carla_manual_control:/home/nisanth/carla_ros_ws/install/carla_ad_agent:/home/nisanth/carla_ros_ws/install/ros_compatibility:/home/nisanth/carla_ros_ws/install/carla_waypoint_types:/home/nisanth/carla_ros_ws/install/carla_twist_to_control:/home/nisanth/carla_ros_ws/install/carla_ros_scenario_runner_types:/home/nisanth/carla_ros_ws/install/carla_msgs:/home/nisanth/carla_ros_ws/install/carla_common:${AMENT_PREFIX_PATH} CMAKE_PREFIX_PATH=/home/nisanth/carla_ros_ws/install/rviz_carla_plugin:/home/nisanth/carla_ros_ws/install/carla_waypoint_types:/home/nisanth/carla_ros_ws/install/carla_ros_scenario_runner_types:/home/nisanth/carla_ros_ws/install/carla_msgs:/opt/ros/humble LD_LIBRARY_PATH=/home/nisanth/carla_ros_ws/install/rviz_carla_plugin/lib:/home/nisanth/carla_ros_ws/install/carla_waypoint_types/lib:/home/nisanth/carla_ros_ws/install/carla_ros_scenario_runner_types/lib:/home/nisanth/carla_ros_ws/install/carla_msgs/lib:${LD_LIBRARY_PATH} PYTHONPATH=/home/nisanth/carla_ros_ws/build/carla_ros_bridge/src:/home/nisanth/carla_ros_ws/install/carla_ros_bridge/lib/python3.10/site-packages:/home/nisanth/carla_ros_ws/build/carla_waypoint_publisher/src:/home/nisanth/carla_ros_ws/install/carla_waypoint_publisher/lib/python3.10/site-packages:/home/nisanth/carla_ros_ws/build/carla_spawn_objects:/home/nisanth/carla_ros_ws/install/carla_spawn_objects/lib/python3.10/site-packages:/home/nisanth/carla_ros_ws/build/carla_ros_scenario_runner/src:/home/nisanth/carla_ros_ws/install/carla_ros_scenario_runner/lib/python3.10/site-packages:/home/nisanth/carla_ros_ws/build/carla_manual_control/src:/home/nisanth/carla_ros_ws/install/carla_manual_control/lib/python3.10/site-packages:/home/nisanth/carla_ros_ws/build/carla_ad_agent/src:/home/nisanth/carla_ros_ws/install/carla_ad_agent/lib/python3.10/site-packages:/home/nisanth/carla_ros_ws/build/ros_compatibility/src:/home/nisanth/carla_ros_ws/install/ros_compatibility/lib/python3.10/site-packages:/home/nisanth/carla_ros_ws/install/carla_waypoint_types/local/lib/python3.10/dist-packages:/home/nisanth/carla_ros_ws/build/carla_twist_to_control/src:/home/nisanth/carla_ros_ws/install/carla_twist_to_control/lib/python3.10/site-packages:/home/nisanth/carla_ros_ws/install/carla_ros_scenario_runner_types/local/lib/python3.10/dist-packages:/home/nisanth/carla_ros_ws/install/carla_msgs/local/lib/python3.10/dist-packages:/home/nisanth/carla_ros_ws/build/carla_common/src:/home/nisanth/carla_ros_ws/install/carla_common/lib/python3.10/site-packages:${PYTHONPATH} /usr/bin/cmake --install /home/nisanth/carla_ros_ws/build/carla_ad_demo
[76.261s] Level 1:colcon.colcon_core.environment:create_environment_scripts_only(carla_ad_demo)
[76.261s] Level 1:colcon.colcon_core.environment:checking '/home/nisanth/carla_ros_ws/install/carla_ad_demo' for CMake module files
[76.262s] DEBUG:colcon.colcon_core.event_handler.log_command:Invoked command in '/home/nisanth/carla_ros_ws/build/carla_ad_demo' returned '0': AMENT_PREFIX_PATH=/home/nisanth/carla_ros_ws/install/carla_ros_bridge:/home/nisanth/carla_ros_ws/install/rviz_carla_plugin:/home/nisanth/carla_ros_ws/install/carla_waypoint_publisher:/home/nisanth/carla_ros_ws/install/carla_spawn_objects:/home/nisanth/carla_ros_ws/install/carla_ros_scenario_runner:/home/nisanth/carla_ros_ws/install/carla_manual_control:/home/nisanth/carla_ros_ws/install/carla_ad_agent:/home/nisanth/carla_ros_ws/install/ros_compatibility:/home/nisanth/carla_ros_ws/install/carla_waypoint_types:/home/nisanth/carla_ros_ws/install/carla_twist_to_control:/home/nisanth/carla_ros_ws/install/carla_ros_scenario_runner_types:/home/nisanth/carla_ros_ws/install/carla_msgs:/home/nisanth/carla_ros_ws/install/carla_common:${AMENT_PREFIX_PATH} CMAKE_PREFIX_PATH=/home/nisanth/carla_ros_ws/install/rviz_carla_plugin:/home/nisanth/carla_ros_ws/install/carla_waypoint_types:/home/nisanth/carla_ros_ws/install/carla_ros_scenario_runner_types:/home/nisanth/carla_ros_ws/install/carla_msgs:/opt/ros/humble LD_LIBRARY_PATH=/home/nisanth/carla_ros_ws/install/rviz_carla_plugin/lib:/home/nisanth/carla_ros_ws/install/carla_waypoint_types/lib:/home/nisanth/carla_ros_ws/install/carla_ros_scenario_runner_types/lib:/home/nisanth/carla_ros_ws/install/carla_msgs/lib:${LD_LIBRARY_PATH} PYTHONPATH=/home/nisanth/carla_ros_ws/build/carla_ros_bridge/src:/home/nisanth/carla_ros_ws/install/carla_ros_bridge/lib/python3.10/site-packages:/home/nisanth/carla_ros_ws/build/carla_waypoint_publisher/src:/home/nisanth/carla_ros_ws/install/carla_waypoint_publisher/lib/python3.10/site-packages:/home/nisanth/carla_ros_ws/build/carla_spawn_objects:/home/nisanth/carla_ros_ws/install/carla_spawn_objects/lib/python3.10/site-packages:/home/nisanth/carla_ros_ws/build/carla_ros_scenario_runner/src:/home/nisanth/carla_ros_ws/install/carla_ros_scenario_runner/lib/python3.10/site-packages:/home/nisanth/carla_ros_ws/build/carla_manual_control/src:/home/nisanth/carla_ros_ws/install/carla_manual_control/lib/python3.10/site-packages:/home/nisanth/carla_ros_ws/build/carla_ad_agent/src:/home/nisanth/carla_ros_ws/install/carla_ad_agent/lib/python3.10/site-packages:/home/nisanth/carla_ros_ws/build/ros_compatibility/src:/home/nisanth/carla_ros_ws/install/ros_compatibility/lib/python3.10/site-packages:/home/nisanth/carla_ros_ws/install/carla_waypoint_types/local/lib/python3.10/dist-packages:/home/nisanth/carla_ros_ws/build/carla_twist_to_control/src:/home/nisanth/carla_ros_ws/install/carla_twist_to_control/lib/python3.10/site-packages:/home/nisanth/carla_ros_ws/install/carla_ros_scenario_runner_types/local/lib/python3.10/dist-packages:/home/nisanth/carla_ros_ws/install/carla_msgs/local/lib/python3.10/dist-packages:/home/nisanth/carla_ros_ws/build/carla_common/src:/home/nisanth/carla_ros_ws/install/carla_common/lib/python3.10/site-packages:${PYTHONPATH} /usr/bin/cmake --install /home/nisanth/carla_ros_ws/build/carla_ad_demo
[76.262s] Level 1:colcon.colcon_core.environment:checking '/home/nisanth/carla_ros_ws/install/carla_ad_demo' for CMake config files
[76.263s] Level 1:colcon.colcon_core.shell:create_environment_hook('carla_ad_demo', 'cmake_prefix_path')
[76.263s] INFO:colcon.colcon_core.shell:Creating environment hook '/home/nisanth/carla_ros_ws/install/carla_ad_demo/share/carla_ad_demo/hook/cmake_prefix_path.ps1'
[76.264s] INFO:colcon.colcon_core.shell:Creating environment descriptor '/home/nisanth/carla_ros_ws/install/carla_ad_demo/share/carla_ad_demo/hook/cmake_prefix_path.dsv'
[76.264s] INFO:colcon.colcon_core.shell:Creating environment hook '/home/nisanth/carla_ros_ws/install/carla_ad_demo/share/carla_ad_demo/hook/cmake_prefix_path.sh'
[76.265s] Level 1:colcon.colcon_core.environment:checking '/home/nisanth/carla_ros_ws/install/carla_ad_demo/bin'
[76.265s] Level 1:colcon.colcon_core.environment:checking '/home/nisanth/carla_ros_ws/install/carla_ad_demo/lib/pkgconfig/carla_ad_demo.pc'
[76.265s] Level 1:colcon.colcon_core.environment:checking '/home/nisanth/carla_ros_ws/install/carla_ad_demo/lib/python3.10/site-packages'
[76.265s] Level 1:colcon.colcon_core.environment:checking '/home/nisanth/carla_ros_ws/install/carla_ad_demo/bin'
[76.265s] INFO:colcon.colcon_core.shell:Creating package script '/home/nisanth/carla_ros_ws/install/carla_ad_demo/share/carla_ad_demo/package.ps1'
[76.266s] INFO:colcon.colcon_core.shell:Creating package descriptor '/home/nisanth/carla_ros_ws/install/carla_ad_demo/share/carla_ad_demo/package.dsv'
[76.266s] INFO:colcon.colcon_core.shell:Creating package script '/home/nisanth/carla_ros_ws/install/carla_ad_demo/share/carla_ad_demo/package.sh'
[76.266s] INFO:colcon.colcon_core.shell:Creating package script '/home/nisanth/carla_ros_ws/install/carla_ad_demo/share/carla_ad_demo/package.bash'
[76.267s] INFO:colcon.colcon_core.shell:Creating package script '/home/nisanth/carla_ros_ws/install/carla_ad_demo/share/carla_ad_demo/package.zsh'
[76.267s] Level 1:colcon.colcon_core.environment:create_file_with_runtime_dependencies(/home/nisanth/carla_ros_ws/install/carla_ad_demo/share/colcon-core/packages/carla_ad_demo)
[76.268s] Level 1:colcon.colcon_core.environment:create_environment_scripts_only(carla_ad_demo)
[76.269s] Level 1:colcon.colcon_core.environment:checking '/home/nisanth/carla_ros_ws/install/carla_ad_demo' for CMake module files
[76.269s] Level 1:colcon.colcon_core.environment:checking '/home/nisanth/carla_ros_ws/install/carla_ad_demo' for CMake config files
[76.270s] Level 1:colcon.colcon_core.shell:create_environment_hook('carla_ad_demo', 'cmake_prefix_path')
[76.270s] INFO:colcon.colcon_core.shell:Creating environment hook '/home/nisanth/carla_ros_ws/install/carla_ad_demo/share/carla_ad_demo/hook/cmake_prefix_path.ps1'
[76.270s] INFO:colcon.colcon_core.shell:Creating environment descriptor '/home/nisanth/carla_ros_ws/install/carla_ad_demo/share/carla_ad_demo/hook/cmake_prefix_path.dsv'
[76.271s] INFO:colcon.colcon_core.shell:Creating environment hook '/home/nisanth/carla_ros_ws/install/carla_ad_demo/share/carla_ad_demo/hook/cmake_prefix_path.sh'
[76.271s] Level 1:colcon.colcon_core.environment:checking '/home/nisanth/carla_ros_ws/install/carla_ad_demo/bin'
[76.271s] Level 1:colcon.colcon_core.environment:checking '/home/nisanth/carla_ros_ws/install/carla_ad_demo/lib/pkgconfig/carla_ad_demo.pc'
[76.271s] Level 1:colcon.colcon_core.environment:checking '/home/nisanth/carla_ros_ws/install/carla_ad_demo/lib/python3.10/site-packages'
[76.272s] Level 1:colcon.colcon_core.environment:checking '/home/nisanth/carla_ros_ws/install/carla_ad_demo/bin'
[76.272s] INFO:colcon.colcon_core.shell:Creating package script '/home/nisanth/carla_ros_ws/install/carla_ad_demo/share/carla_ad_demo/package.ps1'
[76.272s] INFO:colcon.colcon_core.shell:Creating package descriptor '/home/nisanth/carla_ros_ws/install/carla_ad_demo/share/carla_ad_demo/package.dsv'
[76.273s] INFO:colcon.colcon_core.shell:Creating package script '/home/nisanth/carla_ros_ws/install/carla_ad_demo/share/carla_ad_demo/package.sh'
[76.273s] INFO:colcon.colcon_core.shell:Creating package script '/home/nisanth/carla_ros_ws/install/carla_ad_demo/share/carla_ad_demo/package.bash'
[76.273s] INFO:colcon.colcon_core.shell:Creating package script '/home/nisanth/carla_ros_ws/install/carla_ad_demo/share/carla_ad_demo/package.zsh'
[76.274s] Level 1:colcon.colcon_core.environment:create_file_with_runtime_dependencies(/home/nisanth/carla_ros_ws/install/carla_ad_demo/share/colcon-core/packages/carla_ad_demo)
[76.274s] DEBUG:colcon.colcon_parallel_executor.executor.parallel:closing loop
[76.275s] DEBUG:colcon.colcon_parallel_executor.executor.parallel:loop closed
[76.275s] DEBUG:colcon.colcon_parallel_executor.executor.parallel:run_until_complete finished with '0'
[76.275s] DEBUG:colcon.colcon_core.event_reactor:joining thread
[76.320s] INFO:colcon.colcon_core.plugin_system:Skipping extension 'colcon_notification.desktop_notification.notify_send': Could not find 'notify-send'
[76.320s] INFO:colcon.colcon_core.plugin_system:Skipping extension 'colcon_notification.desktop_notification.terminal_notifier': Not used on non-Darwin systems
[76.320s] INFO:colcon.colcon_core.plugin_system:Skipping extension 'colcon_notification.desktop_notification.win32': Not used on non-Windows systems
[76.320s] INFO:colcon.colcon_notification.desktop_notification:Sending desktop notification using 'notify2'
[76.320s] DEBUG:colcon.colcon_notification.desktop_notification.notify2:Failed to initialize notify2: org.freedesktop.DBus.Error.FileNotFound: Failed to connect to socket /run/user/1000/bus: No such file or directory
[76.320s] DEBUG:colcon.colcon_core.event_reactor:joined thread
[76.321s] INFO:colcon.colcon_core.shell:Creating prefix script '/home/nisanth/carla_ros_ws/install/local_setup.ps1'
[76.322s] INFO:colcon.colcon_core.shell:Creating prefix util module '/home/nisanth/carla_ros_ws/install/_local_setup_util_ps1.py'
[76.324s] INFO:colcon.colcon_core.shell:Creating prefix chain script '/home/nisanth/carla_ros_ws/install/setup.ps1'
[76.324s] INFO:colcon.colcon_core.shell:Creating prefix script '/home/nisanth/carla_ros_ws/install/local_setup.sh'
[76.325s] INFO:colcon.colcon_core.shell:Creating prefix util module '/home/nisanth/carla_ros_ws/install/_local_setup_util_sh.py'
[76.326s] INFO:colcon.colcon_core.shell:Creating prefix chain script '/home/nisanth/carla_ros_ws/install/setup.sh'
[76.327s] INFO:colcon.colcon_core.shell:Creating prefix script '/home/nisanth/carla_ros_ws/install/local_setup.bash'
[76.327s] INFO:colcon.colcon_core.shell:Creating prefix chain script '/home/nisanth/carla_ros_ws/install/setup.bash'
[76.328s] INFO:colcon.colcon_core.shell:Creating prefix script '/home/nisanth/carla_ros_ws/install/local_setup.zsh'
[76.329s] INFO:colcon.colcon_core.shell:Creating prefix chain script '/home/nisanth/carla_ros_ws/install/setup.zsh'
