[0.052s] Invoking command in '/home/nisanth/carla_ros_ws/build/carla_msgs': CMAKE_PREFIX_PATH=/opt/ros/humble /usr/bin/cmake /home/nisanth/carla_ros_ws/src/ros-bridge/carla_msgs -DAMENT_CMAKE_SYMLINK_INSTALL=1 -DCMAKE_INSTALL_PREFIX=/home/nisanth/carla_ros_ws/install/carla_msgs
[0.893s] -- The C compiler identification is GNU 11.4.0
[0.894s] [0mCMake Deprecation Warning at CMakeLists.txt:1 (cmake_minimum_required):
[0.894s]   Compatibility with CMake < 2.8.12 will be removed from a future version of
[0.895s]   CMake.
[0.895s] 
[0.895s]   Update the VERSION argument <min> value or use a ...<max> suffix to tell
[0.895s]   CMake that the project does not need compatibility with older versions.
[0.895s] 
[0.895s] [0m
[0.903s] -- The CXX compiler identification is GNU 11.4.0
[1.307s] -- Detecting C compiler ABI info
[1.584s] -- Detecting C compiler ABI info - done
[1.596s] -- Check for working C compiler: /usr/bin/cc - skipped
[1.596s] -- Detecting C compile features
[1.600s] -- Detecting C compile features - done
[1.607s] -- Detecting CXX compiler ABI info
[1.852s] -- Detecting CXX compiler ABI info - done
[1.861s] -- Check for working CXX compiler: /usr/bin/c++ - skipped
[1.862s] -- Detecting CXX compile features
[1.862s] -- Detecting CXX compile features - done
[1.871s] -- Found ros_environment: 3.2.2 (/opt/ros/humble/share/ros_environment/cmake)
[1.878s] -- Found ament_cmake: 1.3.13 (/opt/ros/humble/share/ament_cmake/cmake)
[2.102s] -- Found Python3: /usr/bin/python3 (found version "3.10.12") found components: Interpreter 
[2.236s] -- Override CMake install command with custom implementation using symlinks instead of copying resources
[2.321s] -- Found builtin_interfaces: 1.2.2 (/opt/ros/humble/share/builtin_interfaces/cmake)
[2.467s] -- Found rosidl_generator_c: 3.1.8 (/opt/ros/humble/share/rosidl_generator_c/cmake)
[2.476s] -- Found rosidl_adapter: 3.1.8 (/opt/ros/humble/share/rosidl_adapter/cmake)
[2.491s] -- Found rosidl_generator_cpp: 3.1.8 (/opt/ros/humble/share/rosidl_generator_cpp/cmake)
[2.515s] -- Using all available rosidl_typesupport_c: rosidl_typesupport_fastrtps_c;rosidl_typesupport_introspection_c
[2.546s] -- Using all available rosidl_typesupport_cpp: rosidl_typesupport_fastrtps_cpp;rosidl_typesupport_introspection_cpp
[2.571s] -- Found std_msgs: 4.9.1 (/opt/ros/humble/share/std_msgs/cmake)
[2.594s] -- Found geometry_msgs: 4.9.1 (/opt/ros/humble/share/geometry_msgs/cmake)
[2.617s] -- Found diagnostic_msgs: 4.9.1 (/opt/ros/humble/share/diagnostic_msgs/cmake)
[2.637s] -- Found rosidl_default_generators: 1.2.0 (/opt/ros/humble/share/rosidl_default_generators/cmake)
[3.126s] -- Found ament_cmake_cppcheck: 0.12.15 (/opt/ros/humble/share/ament_cmake_cppcheck/cmake)
[3.129s] -- Found ament_cmake_cpplint: 0.12.15 (/opt/ros/humble/share/ament_cmake_cpplint/cmake)
[3.131s] -- Found ament_cmake_uncrustify: 0.12.15 (/opt/ros/humble/share/ament_cmake_uncrustify/cmake)
[3.133s] -- Found ament_cmake_ros: 0.10.0 (/opt/ros/humble/share/ament_cmake_ros/cmake)
[3.621s] -- Using all available rosidl_typesupport_c: rosidl_typesupport_fastrtps_c;rosidl_typesupport_introspection_c
[3.815s] -- Using all available rosidl_typesupport_cpp: rosidl_typesupport_fastrtps_cpp;rosidl_typesupport_introspection_cpp
[3.960s] -- Found PythonInterp: /usr/bin/python3 (found suitable version "3.10.12", minimum required is "3.6") 
[3.961s] -- Found python_cmake_module: 0.10.0 (/opt/ros/humble/share/python_cmake_module/cmake)
[4.346s] -- Found PythonLibs: /usr/lib/x86_64-linux-gnu/libpython3.10.so (found suitable version "3.10.12", minimum required is "3.5") 
[4.346s] -- Using PYTHON_EXECUTABLE: /usr/bin/python3
[4.346s] -- Using PYTHON_INCLUDE_DIRS: /usr/include/python3.10
[4.346s] -- Using PYTHON_LIBRARIES: /usr/lib/x86_64-linux-gnu/libpython3.10.so
[4.369s] -- Found PythonExtra: .so  
[4.487s] -- Found ament_cmake_flake8: 0.12.15 (/opt/ros/humble/share/ament_cmake_flake8/cmake)
[4.490s] -- Found ament_cmake_pep257: 0.12.15 (/opt/ros/humble/share/ament_cmake_pep257/cmake)
[4.498s] -- Found ament_lint_auto: 0.12.15 (/opt/ros/humble/share/ament_lint_auto/cmake)
[4.522s] -- Added test 'copyright' to check source files copyright and LICENSE
[4.524s] -- Added test 'lint_cmake' to check CMake code style
[4.525s] -- Added test 'xmllint' to check XML markup files
[4.531s] -- Configuring done
[4.693s] -- Generating done
[4.717s] -- Build files have been written to: /home/nisanth/carla_ros_ws/build/carla_msgs
[4.741s] Invoked command in '/home/nisanth/carla_ros_ws/build/carla_msgs' returned '0': CMAKE_PREFIX_PATH=/opt/ros/humble /usr/bin/cmake /home/nisanth/carla_ros_ws/src/ros-bridge/carla_msgs -DAMENT_CMAKE_SYMLINK_INSTALL=1 -DCMAKE_INSTALL_PREFIX=/home/nisanth/carla_ros_ws/install/carla_msgs
[4.743s] Invoking command in '/home/nisanth/carla_ros_ws/build/carla_msgs': CMAKE_PREFIX_PATH=/opt/ros/humble /usr/bin/cmake --build /home/nisanth/carla_ros_ws/build/carla_msgs -- -j12 -l12
[4.828s] [  0%] [34m[1mGenerating C code for ROS interfaces[0m
[4.852s] [  0%] [34m[1mGenerating C++ code for ROS interfaces[0m
[4.866s] [  0%] Built target ament_cmake_python_symlink_carla_msgs
[5.276s] running egg_info
[5.276s] creating carla_msgs.egg-info
[5.276s] writing carla_msgs.egg-info/PKG-INFO
[5.277s] writing dependency_links to carla_msgs.egg-info/dependency_links.txt
[5.277s] writing top-level names to carla_msgs.egg-info/top_level.txt
[5.277s] writing manifest file 'carla_msgs.egg-info/SOURCES.txt'
[5.288s] reading manifest file 'carla_msgs.egg-info/SOURCES.txt'
[5.299s] writing manifest file 'carla_msgs.egg-info/SOURCES.txt'
[5.367s] [  0%] Built target ament_cmake_python_build_carla_msgs_egg
[9.266s] [  2%] [32mBuilding C object CMakeFiles/carla_msgs__rosidl_generator_c.dir/rosidl_generator_c/carla_msgs/msg/detail/carla_ego_vehicle_status__functions.c.o[0m
[9.266s] [  2%] [32mBuilding C object CMakeFiles/carla_msgs__rosidl_generator_c.dir/rosidl_generator_c/carla_msgs/msg/detail/carla_bounding_box__functions.c.o[0m
[9.267s] [  2%] [32mBuilding C object CMakeFiles/carla_msgs__rosidl_generator_c.dir/rosidl_generator_c/carla_msgs/msg/detail/carla_ego_vehicle_info_wheel__functions.c.o[0m
[9.273s] [  3%] [32mBuilding C object CMakeFiles/carla_msgs__rosidl_generator_c.dir/rosidl_generator_c/carla_msgs/msg/detail/carla_ego_vehicle_info__functions.c.o[0m
[9.273s] [  3%] [32mBuilding C object CMakeFiles/carla_msgs__rosidl_generator_c.dir/rosidl_generator_c/carla_msgs/msg/detail/carla_ego_vehicle_control__functions.c.o[0m
[9.274s] [  3%] [32mBuilding C object CMakeFiles/carla_msgs__rosidl_generator_c.dir/rosidl_generator_c/carla_msgs/msg/detail/carla_world_info__functions.c.o[0m
[9.277s] [  3%] [32mBuilding C object CMakeFiles/carla_msgs__rosidl_generator_c.dir/rosidl_generator_c/carla_msgs/msg/detail/carla_collision_event__functions.c.o[0m
[9.279s] [  4%] [32mBuilding C object CMakeFiles/carla_msgs__rosidl_generator_c.dir/rosidl_generator_c/carla_msgs/msg/detail/carla_lane_invasion_event__functions.c.o[0m
[9.302s] [  5%] [32mBuilding C object CMakeFiles/carla_msgs__rosidl_generator_c.dir/rosidl_generator_c/carla_msgs/msg/detail/carla_actor_info__functions.c.o[0m
[9.310s] [  5%] [32mBuilding C object CMakeFiles/carla_msgs__rosidl_generator_c.dir/rosidl_generator_c/carla_msgs/msg/detail/carla_actor_list__functions.c.o[0m
[9.379s] [  6%] [32mBuilding C object CMakeFiles/carla_msgs__rosidl_generator_c.dir/rosidl_generator_c/carla_msgs/msg/detail/carla_control__functions.c.o[0m
[9.379s] [  6%] [32mBuilding C object CMakeFiles/carla_msgs__rosidl_generator_c.dir/rosidl_generator_c/carla_msgs/msg/detail/carla_status__functions.c.o[0m
[9.382s] [  6%] [32mBuilding C object CMakeFiles/carla_msgs__rosidl_generator_c.dir/rosidl_generator_c/carla_msgs/msg/detail/carla_traffic_light_info_list__functions.c.o[0m
[9.383s] [  7%] [32mBuilding C object CMakeFiles/carla_msgs__rosidl_generator_c.dir/rosidl_generator_c/carla_msgs/msg/detail/carla_traffic_light_info__functions.c.o[0m
[9.389s] [  7%] [32mBuilding C object CMakeFiles/carla_msgs__rosidl_generator_c.dir/rosidl_generator_c/carla_msgs/msg/detail/carla_traffic_light_status_list__functions.c.o[0m
[9.389s] [  8%] [32mBuilding C object CMakeFiles/carla_msgs__rosidl_generator_c.dir/rosidl_generator_c/carla_msgs/msg/detail/carla_traffic_light_status__functions.c.o[0m
[9.403s] [  9%] [32mBuilding C object CMakeFiles/carla_msgs__rosidl_generator_c.dir/rosidl_generator_c/carla_msgs/msg/detail/carla_walker_control__functions.c.o[0m
[9.436s] [  9%] [32mBuilding C object CMakeFiles/carla_msgs__rosidl_generator_c.dir/rosidl_generator_c/carla_msgs/msg/detail/carla_weather_parameters__functions.c.o[0m
[9.448s] [ 10%] [32mBuilding C object CMakeFiles/carla_msgs__rosidl_generator_c.dir/rosidl_generator_c/carla_msgs/srv/detail/spawn_object__functions.c.o[0m
[9.456s] [ 11%] [32mBuilding C object CMakeFiles/carla_msgs__rosidl_generator_c.dir/rosidl_generator_c/carla_msgs/srv/detail/destroy_object__functions.c.o[0m
[9.493s] [ 11%] [32mBuilding C object CMakeFiles/carla_msgs__rosidl_generator_c.dir/rosidl_generator_c/carla_msgs/srv/detail/get_blueprints__functions.c.o[0m
[9.605s] [ 12%] [32m[1mLinking C shared library libcarla_msgs__rosidl_generator_c.so[0m
[9.614s] [ 12%] Built target carla_msgs__cpp
[9.630s] [ 13%] [34m[1mGenerating C++ type support dispatch for ROS interfaces[0m
[9.631s] [ 14%] [34m[1mGenerating C++ introspection for ROS interfaces[0m
[9.631s] [ 15%] [34m[1mGenerating C++ type support for eProsima Fast-RTPS[0m
[9.789s] [ 15%] Built target carla_msgs__rosidl_generator_c
[9.807s] [ 16%] [34m[1mGenerating C type support for eProsima Fast-RTPS[0m
[9.807s] [ 18%] [34m[1mGenerating C type support dispatch for ROS interfaces[0m
[9.807s] [ 18%] [34m[1mGenerating C introspection for ROS interfaces[0m
[11.345s] [ 18%] [32mBuilding CXX object CMakeFiles/carla_msgs__rosidl_typesupport_cpp.dir/rosidl_typesupport_cpp/carla_msgs/msg/carla_bounding_box__type_support.cpp.o[0m
[11.352s] [ 19%] [32mBuilding CXX object CMakeFiles/carla_msgs__rosidl_typesupport_cpp.dir/rosidl_typesupport_cpp/carla_msgs/msg/carla_ego_vehicle_control__type_support.cpp.o[0m
[11.354s] [ 19%] [32mBuilding CXX object CMakeFiles/carla_msgs__rosidl_typesupport_cpp.dir/rosidl_typesupport_cpp/carla_msgs/msg/carla_ego_vehicle_status__type_support.cpp.o[0m
[11.362s] [ 20%] [32mBuilding CXX object CMakeFiles/carla_msgs__rosidl_typesupport_cpp.dir/rosidl_typesupport_cpp/carla_msgs/msg/carla_collision_event__type_support.cpp.o[0m
[11.370s] [ 20%] [32mBuilding CXX object CMakeFiles/carla_msgs__rosidl_typesupport_cpp.dir/rosidl_typesupport_cpp/carla_msgs/msg/carla_lane_invasion_event__type_support.cpp.o[0m
[11.377s] [ 21%] [32mBuilding CXX object CMakeFiles/carla_msgs__rosidl_typesupport_cpp.dir/rosidl_typesupport_cpp/carla_msgs/msg/carla_ego_vehicle_info_wheel__type_support.cpp.o[0m
[11.378s] [ 21%] [32mBuilding CXX object CMakeFiles/carla_msgs__rosidl_typesupport_cpp.dir/rosidl_typesupport_cpp/carla_msgs/msg/carla_ego_vehicle_info__type_support.cpp.o[0m
[11.967s] [ 21%] [32mBuilding CXX object CMakeFiles/carla_msgs__rosidl_typesupport_c.dir/rosidl_typesupport_c/carla_msgs/msg/carla_bounding_box__type_support.cpp.o[0m
[12.035s] [ 22%] [32mBuilding CXX object CMakeFiles/carla_msgs__rosidl_typesupport_c.dir/rosidl_typesupport_c/carla_msgs/msg/carla_ego_vehicle_control__type_support.cpp.o[0m
[12.059s] [ 23%] [32mBuilding CXX object CMakeFiles/carla_msgs__rosidl_typesupport_cpp.dir/rosidl_typesupport_cpp/carla_msgs/msg/carla_world_info__type_support.cpp.o[0m
[12.090s] [ 23%] [32mBuilding CXX object CMakeFiles/carla_msgs__rosidl_typesupport_c.dir/rosidl_typesupport_c/carla_msgs/msg/carla_ego_vehicle_status__type_support.cpp.o[0m
[12.098s] [ 24%] [32mBuilding CXX object CMakeFiles/carla_msgs__rosidl_typesupport_c.dir/rosidl_typesupport_c/carla_msgs/msg/carla_ego_vehicle_info_wheel__type_support.cpp.o[0m
[12.144s] [ 24%] [32mBuilding CXX object CMakeFiles/carla_msgs__rosidl_typesupport_c.dir/rosidl_typesupport_c/carla_msgs/msg/carla_ego_vehicle_info__type_support.cpp.o[0m
[12.144s] [ 24%] [32mBuilding CXX object CMakeFiles/carla_msgs__rosidl_typesupport_cpp.dir/rosidl_typesupport_cpp/carla_msgs/msg/carla_actor_info__type_support.cpp.o[0m
[12.162s] [ 25%] [32mBuilding CXX object CMakeFiles/carla_msgs__rosidl_typesupport_cpp.dir/rosidl_typesupport_cpp/carla_msgs/msg/carla_actor_list__type_support.cpp.o[0m
[12.180s] [ 26%] [32mBuilding CXX object CMakeFiles/carla_msgs__rosidl_typesupport_c.dir/rosidl_typesupport_c/carla_msgs/msg/carla_collision_event__type_support.cpp.o[0m
[12.202s] [ 26%] [32mBuilding CXX object CMakeFiles/carla_msgs__rosidl_typesupport_c.dir/rosidl_typesupport_c/carla_msgs/msg/carla_lane_invasion_event__type_support.cpp.o[0m
[12.251s] [ 26%] [32mBuilding CXX object CMakeFiles/carla_msgs__rosidl_typesupport_cpp.dir/rosidl_typesupport_cpp/carla_msgs/msg/carla_control__type_support.cpp.o[0m
[12.274s] [ 27%] [32mBuilding CXX object CMakeFiles/carla_msgs__rosidl_typesupport_cpp.dir/rosidl_typesupport_cpp/carla_msgs/msg/carla_status__type_support.cpp.o[0m
[12.276s] [ 28%] [32mBuilding CXX object CMakeFiles/carla_msgs__rosidl_typesupport_c.dir/rosidl_typesupport_c/carla_msgs/msg/carla_world_info__type_support.cpp.o[0m
[12.277s] [ 29%] [32mBuilding CXX object CMakeFiles/carla_msgs__rosidl_typesupport_cpp.dir/rosidl_typesupport_cpp/carla_msgs/msg/carla_traffic_light_info__type_support.cpp.o[0m
[12.335s] [ 29%] [32mBuilding CXX object CMakeFiles/carla_msgs__rosidl_typesupport_c.dir/rosidl_typesupport_c/carla_msgs/msg/carla_actor_info__type_support.cpp.o[0m
[12.391s] [ 29%] [32mBuilding CXX object CMakeFiles/carla_msgs__rosidl_typesupport_cpp.dir/rosidl_typesupport_cpp/carla_msgs/msg/carla_traffic_light_info_list__type_support.cpp.o[0m
[12.418s] [ 30%] [32mBuilding CXX object CMakeFiles/carla_msgs__rosidl_typesupport_c.dir/rosidl_typesupport_c/carla_msgs/msg/carla_actor_list__type_support.cpp.o[0m
[12.489s] [ 30%] [32mBuilding CXX object CMakeFiles/carla_msgs__rosidl_typesupport_c.dir/rosidl_typesupport_c/carla_msgs/msg/carla_control__type_support.cpp.o[0m
[12.581s] [ 31%] [32mBuilding CXX object CMakeFiles/carla_msgs__rosidl_typesupport_c.dir/rosidl_typesupport_c/carla_msgs/msg/carla_status__type_support.cpp.o[0m
[12.601s] [ 31%] [32mBuilding CXX object CMakeFiles/carla_msgs__rosidl_typesupport_c.dir/rosidl_typesupport_c/carla_msgs/msg/carla_traffic_light_info__type_support.cpp.o[0m
[12.658s] [ 32%] [32mBuilding CXX object CMakeFiles/carla_msgs__rosidl_typesupport_cpp.dir/rosidl_typesupport_cpp/carla_msgs/msg/carla_traffic_light_status__type_support.cpp.o[0m
[12.682s] [ 33%] [32mBuilding CXX object CMakeFiles/carla_msgs__rosidl_typesupport_c.dir/rosidl_typesupport_c/carla_msgs/msg/carla_traffic_light_info_list__type_support.cpp.o[0m
[12.701s] [ 34%] [32mBuilding CXX object CMakeFiles/carla_msgs__rosidl_typesupport_introspection_cpp.dir/rosidl_typesupport_introspection_cpp/carla_msgs/msg/detail/carla_bounding_box__type_support.cpp.o[0m
[12.739s] [ 34%] [32mBuilding CXX object CMakeFiles/carla_msgs__rosidl_typesupport_introspection_cpp.dir/rosidl_typesupport_introspection_cpp/carla_msgs/msg/detail/carla_ego_vehicle_control__type_support.cpp.o[0m
[12.740s] [ 34%] [32mBuilding CXX object CMakeFiles/carla_msgs__rosidl_typesupport_c.dir/rosidl_typesupport_c/carla_msgs/msg/carla_traffic_light_status__type_support.cpp.o[0m
[12.770s] [ 35%] [32mBuilding CXX object CMakeFiles/carla_msgs__rosidl_typesupport_introspection_cpp.dir/rosidl_typesupport_introspection_cpp/carla_msgs/msg/detail/carla_ego_vehicle_status__type_support.cpp.o[0m
[12.810s] [ 35%] [32mBuilding CXX object CMakeFiles/carla_msgs__rosidl_typesupport_fastrtps_cpp.dir/rosidl_typesupport_fastrtps_cpp/carla_msgs/msg/detail/dds_fastrtps/carla_bounding_box__type_support.cpp.o[0m
[12.835s] [ 36%] [32mBuilding CXX object CMakeFiles/carla_msgs__rosidl_typesupport_c.dir/rosidl_typesupport_c/carla_msgs/msg/carla_traffic_light_status_list__type_support.cpp.o[0m
[12.847s] [ 37%] [32mBuilding CXX object CMakeFiles/carla_msgs__rosidl_typesupport_c.dir/rosidl_typesupport_c/carla_msgs/msg/carla_walker_control__type_support.cpp.o[0m
[12.865s] [ 38%] [32mBuilding CXX object CMakeFiles/carla_msgs__rosidl_typesupport_fastrtps_cpp.dir/rosidl_typesupport_fastrtps_cpp/carla_msgs/msg/detail/dds_fastrtps/carla_ego_vehicle_control__type_support.cpp.o[0m
[12.905s] [ 38%] [32mBuilding CXX object CMakeFiles/carla_msgs__rosidl_typesupport_introspection_cpp.dir/rosidl_typesupport_introspection_cpp/carla_msgs/msg/detail/carla_ego_vehicle_info_wheel__type_support.cpp.o[0m
[12.958s] [ 38%] [32mBuilding CXX object CMakeFiles/carla_msgs__rosidl_typesupport_fastrtps_cpp.dir/rosidl_typesupport_fastrtps_cpp/carla_msgs/msg/detail/dds_fastrtps/carla_ego_vehicle_status__type_support.cpp.o[0m
[12.961s] [ 38%] [32mBuilding CXX object CMakeFiles/carla_msgs__rosidl_typesupport_c.dir/rosidl_typesupport_c/carla_msgs/msg/carla_weather_parameters__type_support.cpp.o[0m
[13.021s] [ 38%] [32mBuilding C object CMakeFiles/carla_msgs__rosidl_typesupport_introspection_c.dir/rosidl_typesupport_introspection_c/carla_msgs/msg/detail/carla_bounding_box__type_support.c.o[0m
[13.024s] [ 39%] [32mBuilding CXX object CMakeFiles/carla_msgs__rosidl_typesupport_c.dir/rosidl_typesupport_c/carla_msgs/srv/spawn_object__type_support.cpp.o[0m
[13.074s] [ 39%] [32mBuilding CXX object CMakeFiles/carla_msgs__rosidl_typesupport_cpp.dir/rosidl_typesupport_cpp/carla_msgs/msg/carla_traffic_light_status_list__type_support.cpp.o[0m
[13.107s] [ 39%] [32mBuilding CXX object CMakeFiles/carla_msgs__rosidl_typesupport_c.dir/rosidl_typesupport_c/carla_msgs/srv/destroy_object__type_support.cpp.o[0m
[13.136s] [ 40%] [32mBuilding C object CMakeFiles/carla_msgs__rosidl_typesupport_introspection_c.dir/rosidl_typesupport_introspection_c/carla_msgs/msg/detail/carla_ego_vehicle_control__type_support.c.o[0m
[13.213s] [ 41%] [32mBuilding CXX object CMakeFiles/carla_msgs__rosidl_typesupport_cpp.dir/rosidl_typesupport_cpp/carla_msgs/msg/carla_walker_control__type_support.cpp.o[0m
[13.257s] [ 41%] [32mBuilding C object CMakeFiles/carla_msgs__rosidl_typesupport_introspection_c.dir/rosidl_typesupport_introspection_c/carla_msgs/msg/detail/carla_ego_vehicle_status__type_support.c.o[0m
[13.263s] [ 42%] [32mBuilding CXX object CMakeFiles/carla_msgs__rosidl_typesupport_c.dir/rosidl_typesupport_c/carla_msgs/srv/get_blueprints__type_support.cpp.o[0m
[13.287s] [ 42%] [32mBuilding CXX object CMakeFiles/carla_msgs__rosidl_typesupport_fastrtps_c.dir/rosidl_typesupport_fastrtps_c/carla_msgs/msg/detail/carla_bounding_box__type_support_c.cpp.o[0m
[13.362s] [ 42%] [32m[1mLinking CXX shared library libcarla_msgs__rosidl_typesupport_c.so[0m
[13.439s] [ 43%] [32mBuilding C object CMakeFiles/carla_msgs__rosidl_typesupport_introspection_c.dir/rosidl_typesupport_introspection_c/carla_msgs/msg/detail/carla_ego_vehicle_info_wheel__type_support.c.o[0m
[13.447s] [ 44%] [32mBuilding CXX object CMakeFiles/carla_msgs__rosidl_typesupport_fastrtps_c.dir/rosidl_typesupport_fastrtps_c/carla_msgs/msg/detail/carla_ego_vehicle_control__type_support_c.cpp.o[0m
[13.543s] [ 45%] [32mBuilding C object CMakeFiles/carla_msgs__rosidl_typesupport_introspection_c.dir/rosidl_typesupport_introspection_c/carla_msgs/msg/detail/carla_ego_vehicle_info__type_support.c.o[0m
[13.629s] [ 45%] [32mBuilding C object CMakeFiles/carla_msgs__rosidl_typesupport_introspection_c.dir/rosidl_typesupport_introspection_c/carla_msgs/msg/detail/carla_collision_event__type_support.c.o[0m
[13.653s] [ 45%] [32mBuilding CXX object CMakeFiles/carla_msgs__rosidl_typesupport_fastrtps_c.dir/rosidl_typesupport_fastrtps_c/carla_msgs/msg/detail/carla_ego_vehicle_status__type_support_c.cpp.o[0m
[13.658s] [ 45%] [32mBuilding CXX object CMakeFiles/carla_msgs__rosidl_typesupport_cpp.dir/rosidl_typesupport_cpp/carla_msgs/msg/carla_weather_parameters__type_support.cpp.o[0m
[13.688s] [ 46%] [32mBuilding CXX object CMakeFiles/carla_msgs__rosidl_typesupport_introspection_cpp.dir/rosidl_typesupport_introspection_cpp/carla_msgs/msg/detail/carla_ego_vehicle_info__type_support.cpp.o[0m
[13.697s] [ 47%] [32mBuilding CXX object CMakeFiles/carla_msgs__rosidl_typesupport_fastrtps_cpp.dir/rosidl_typesupport_fastrtps_cpp/carla_msgs/msg/detail/dds_fastrtps/carla_ego_vehicle_info_wheel__type_support.cpp.o[0m
[13.705s] [ 48%] [32mBuilding C object CMakeFiles/carla_msgs__rosidl_typesupport_introspection_c.dir/rosidl_typesupport_introspection_c/carla_msgs/msg/detail/carla_lane_invasion_event__type_support.c.o[0m
[13.752s] [ 49%] [32mBuilding CXX object CMakeFiles/carla_msgs__rosidl_typesupport_cpp.dir/rosidl_typesupport_cpp/carla_msgs/srv/spawn_object__type_support.cpp.o[0m
[13.761s] [ 49%] [32mBuilding CXX object CMakeFiles/carla_msgs__rosidl_typesupport_fastrtps_cpp.dir/rosidl_typesupport_fastrtps_cpp/carla_msgs/msg/detail/dds_fastrtps/carla_ego_vehicle_info__type_support.cpp.o[0m
[13.806s] [ 49%] [32mBuilding C object CMakeFiles/carla_msgs__rosidl_typesupport_introspection_c.dir/rosidl_typesupport_introspection_c/carla_msgs/msg/detail/carla_world_info__type_support.c.o[0m
[13.885s] [ 50%] [32mBuilding CXX object CMakeFiles/carla_msgs__rosidl_typesupport_fastrtps_c.dir/rosidl_typesupport_fastrtps_c/carla_msgs/msg/detail/carla_ego_vehicle_info_wheel__type_support_c.cpp.o[0m
[13.919s] [ 51%] [32mBuilding C object CMakeFiles/carla_msgs__rosidl_typesupport_introspection_c.dir/rosidl_typesupport_introspection_c/carla_msgs/msg/detail/carla_actor_info__type_support.c.o[0m
[13.920s] [ 52%] [32mBuilding CXX object CMakeFiles/carla_msgs__rosidl_typesupport_fastrtps_cpp.dir/rosidl_typesupport_fastrtps_cpp/carla_msgs/msg/detail/dds_fastrtps/carla_collision_event__type_support.cpp.o[0m
[13.940s] [ 52%] [32mBuilding CXX object CMakeFiles/carla_msgs__rosidl_typesupport_introspection_cpp.dir/rosidl_typesupport_introspection_cpp/carla_msgs/msg/detail/carla_collision_event__type_support.cpp.o[0m
[14.050s] [ 52%] [32mBuilding C object CMakeFiles/carla_msgs__rosidl_typesupport_introspection_c.dir/rosidl_typesupport_introspection_c/carla_msgs/msg/detail/carla_actor_list__type_support.c.o[0m
[14.116s] [ 53%] [32mBuilding CXX object CMakeFiles/carla_msgs__rosidl_typesupport_fastrtps_cpp.dir/rosidl_typesupport_fastrtps_cpp/carla_msgs/msg/detail/dds_fastrtps/carla_lane_invasion_event__type_support.cpp.o[0m
[14.220s] [ 54%] [32mBuilding C object CMakeFiles/carla_msgs__rosidl_typesupport_introspection_c.dir/rosidl_typesupport_introspection_c/carla_msgs/msg/detail/carla_control__type_support.c.o[0m
[14.272s] [ 55%] [32mBuilding CXX object CMakeFiles/carla_msgs__rosidl_typesupport_introspection_cpp.dir/rosidl_typesupport_introspection_cpp/carla_msgs/msg/detail/carla_lane_invasion_event__type_support.cpp.o[0m
[14.309s] [ 55%] [32mBuilding CXX object CMakeFiles/carla_msgs__rosidl_typesupport_fastrtps_c.dir/rosidl_typesupport_fastrtps_c/carla_msgs/msg/detail/carla_ego_vehicle_info__type_support_c.cpp.o[0m
[14.344s] [ 55%] [32mBuilding C object CMakeFiles/carla_msgs__rosidl_typesupport_introspection_c.dir/rosidl_typesupport_introspection_c/carla_msgs/msg/detail/carla_status__type_support.c.o[0m
[14.446s] [ 56%] [32mBuilding C object CMakeFiles/carla_msgs__rosidl_typesupport_introspection_c.dir/rosidl_typesupport_introspection_c/carla_msgs/msg/detail/carla_traffic_light_info__type_support.c.o[0m
[14.469s] [ 56%] [32mBuilding C object CMakeFiles/carla_msgs__rosidl_typesupport_introspection_c.dir/rosidl_typesupport_introspection_c/carla_msgs/msg/detail/carla_traffic_light_info_list__type_support.c.o[0m
[14.503s] [ 56%] [32mBuilding CXX object CMakeFiles/carla_msgs__rosidl_typesupport_cpp.dir/rosidl_typesupport_cpp/carla_msgs/srv/destroy_object__type_support.cpp.o[0m
[14.553s] [ 56%] [32mBuilding CXX object CMakeFiles/carla_msgs__rosidl_typesupport_fastrtps_cpp.dir/rosidl_typesupport_fastrtps_cpp/carla_msgs/msg/detail/dds_fastrtps/carla_world_info__type_support.cpp.o[0m
[14.567s] [ 56%] Built target carla_msgs__rosidl_typesupport_c
[14.582s] [ 57%] [32mBuilding C object CMakeFiles/carla_msgs__rosidl_typesupport_introspection_c.dir/rosidl_typesupport_introspection_c/carla_msgs/msg/detail/carla_traffic_light_status__type_support.c.o[0m
[14.584s] [ 58%] [32mBuilding CXX object CMakeFiles/carla_msgs__rosidl_typesupport_fastrtps_cpp.dir/rosidl_typesupport_fastrtps_cpp/carla_msgs/msg/detail/dds_fastrtps/carla_actor_info__type_support.cpp.o[0m
[14.636s] [ 59%] [32mBuilding CXX object CMakeFiles/carla_msgs__rosidl_typesupport_fastrtps_c.dir/rosidl_typesupport_fastrtps_c/carla_msgs/msg/detail/carla_collision_event__type_support_c.cpp.o[0m
[14.725s] [ 59%] [32mBuilding CXX object CMakeFiles/carla_msgs__rosidl_typesupport_fastrtps_cpp.dir/rosidl_typesupport_fastrtps_cpp/carla_msgs/msg/detail/dds_fastrtps/carla_actor_list__type_support.cpp.o[0m
[14.725s] [ 59%] [32mBuilding C object CMakeFiles/carla_msgs__rosidl_typesupport_introspection_c.dir/rosidl_typesupport_introspection_c/carla_msgs/msg/detail/carla_traffic_light_status_list__type_support.c.o[0m
[14.749s] [ 60%] [32mBuilding CXX object CMakeFiles/carla_msgs__rosidl_typesupport_cpp.dir/rosidl_typesupport_cpp/carla_msgs/srv/get_blueprints__type_support.cpp.o[0m
[14.776s] [ 60%] [32mBuilding CXX object CMakeFiles/carla_msgs__rosidl_typesupport_fastrtps_c.dir/rosidl_typesupport_fastrtps_c/carla_msgs/msg/detail/carla_lane_invasion_event__type_support_c.cpp.o[0m
[14.851s] [ 61%] [32mBuilding C object CMakeFiles/carla_msgs__rosidl_typesupport_introspection_c.dir/rosidl_typesupport_introspection_c/carla_msgs/msg/detail/carla_walker_control__type_support.c.o[0m
[14.929s] [ 61%] [32mBuilding C object CMakeFiles/carla_msgs__rosidl_typesupport_introspection_c.dir/rosidl_typesupport_introspection_c/carla_msgs/msg/detail/carla_weather_parameters__type_support.c.o[0m
[14.990s] [ 62%] [32mBuilding CXX object CMakeFiles/carla_msgs__rosidl_typesupport_fastrtps_c.dir/rosidl_typesupport_fastrtps_c/carla_msgs/msg/detail/carla_world_info__type_support_c.cpp.o[0m
[15.028s] [ 62%] [32mBuilding CXX object CMakeFiles/carla_msgs__rosidl_typesupport_introspection_cpp.dir/rosidl_typesupport_introspection_cpp/carla_msgs/msg/detail/carla_world_info__type_support.cpp.o[0m
[15.047s] [ 63%] [32mBuilding C object CMakeFiles/carla_msgs__rosidl_typesupport_introspection_c.dir/rosidl_typesupport_introspection_c/carla_msgs/srv/detail/spawn_object__type_support.c.o[0m
[15.116s] [ 63%] [32mBuilding CXX object CMakeFiles/carla_msgs__rosidl_typesupport_fastrtps_c.dir/rosidl_typesupport_fastrtps_c/carla_msgs/msg/detail/carla_actor_info__type_support_c.cpp.o[0m
[15.132s] [ 64%] [32mBuilding CXX object CMakeFiles/carla_msgs__rosidl_typesupport_fastrtps_c.dir/rosidl_typesupport_fastrtps_c/carla_msgs/msg/detail/carla_actor_list__type_support_c.cpp.o[0m
[15.165s] [ 65%] [32mBuilding CXX object CMakeFiles/carla_msgs__rosidl_typesupport_introspection_cpp.dir/rosidl_typesupport_introspection_cpp/carla_msgs/msg/detail/carla_actor_info__type_support.cpp.o[0m
[15.261s] [ 65%] [32mBuilding C object CMakeFiles/carla_msgs__rosidl_typesupport_introspection_c.dir/rosidl_typesupport_introspection_c/carla_msgs/srv/detail/destroy_object__type_support.c.o[0m
[15.390s] [ 66%] [32mBuilding C object CMakeFiles/carla_msgs__rosidl_typesupport_introspection_c.dir/rosidl_typesupport_introspection_c/carla_msgs/srv/detail/get_blueprints__type_support.c.o[0m
[15.397s] [ 67%] [32mBuilding CXX object CMakeFiles/carla_msgs__rosidl_typesupport_fastrtps_cpp.dir/rosidl_typesupport_fastrtps_cpp/carla_msgs/msg/detail/dds_fastrtps/carla_control__type_support.cpp.o[0m
[15.436s] [ 68%] [32mBuilding CXX object CMakeFiles/carla_msgs__rosidl_typesupport_fastrtps_c.dir/rosidl_typesupport_fastrtps_c/carla_msgs/msg/detail/carla_control__type_support_c.cpp.o[0m
[15.440s] [ 68%] [32m[1mLinking CXX shared library libcarla_msgs__rosidl_typesupport_cpp.so[0m
[15.486s] [ 68%] [32mBuilding CXX object CMakeFiles/carla_msgs__rosidl_typesupport_fastrtps_c.dir/rosidl_typesupport_fastrtps_c/carla_msgs/msg/detail/carla_status__type_support_c.cpp.o[0m
[15.502s] [ 68%] [32m[1mLinking C shared library libcarla_msgs__rosidl_typesupport_introspection_c.so[0m
[15.594s] [ 68%] [32mBuilding CXX object CMakeFiles/carla_msgs__rosidl_typesupport_introspection_cpp.dir/rosidl_typesupport_introspection_cpp/carla_msgs/msg/detail/carla_actor_list__type_support.cpp.o[0m
[15.647s] [ 69%] [32mBuilding CXX object CMakeFiles/carla_msgs__rosidl_typesupport_introspection_cpp.dir/rosidl_typesupport_introspection_cpp/carla_msgs/msg/detail/carla_control__type_support.cpp.o[0m
[15.733s] [ 70%] [32mBuilding CXX object CMakeFiles/carla_msgs__rosidl_typesupport_fastrtps_c.dir/rosidl_typesupport_fastrtps_c/carla_msgs/msg/detail/carla_traffic_light_info__type_support_c.cpp.o[0m
[15.759s] [ 70%] Built target carla_msgs__rosidl_typesupport_cpp
[15.789s] [ 70%] [32mBuilding CXX object CMakeFiles/carla_msgs__rosidl_typesupport_fastrtps_c.dir/rosidl_typesupport_fastrtps_c/carla_msgs/msg/detail/carla_traffic_light_info_list__type_support_c.cpp.o[0m
[15.801s] [ 70%] [32mBuilding CXX object CMakeFiles/carla_msgs__rosidl_typesupport_fastrtps_cpp.dir/rosidl_typesupport_fastrtps_cpp/carla_msgs/msg/detail/dds_fastrtps/carla_status__type_support.cpp.o[0m
[15.813s] [ 71%] [32mBuilding CXX object CMakeFiles/carla_msgs__rosidl_typesupport_fastrtps_c.dir/rosidl_typesupport_fastrtps_c/carla_msgs/msg/detail/carla_traffic_light_status__type_support_c.cpp.o[0m
[15.964s] [ 71%] [32mBuilding CXX object CMakeFiles/carla_msgs__rosidl_typesupport_introspection_cpp.dir/rosidl_typesupport_introspection_cpp/carla_msgs/msg/detail/carla_status__type_support.cpp.o[0m
[16.005s] [ 72%] [32mBuilding CXX object CMakeFiles/carla_msgs__rosidl_typesupport_introspection_cpp.dir/rosidl_typesupport_introspection_cpp/carla_msgs/msg/detail/carla_traffic_light_info__type_support.cpp.o[0m
[16.159s] [ 72%] Built target carla_msgs__rosidl_typesupport_introspection_c
[16.206s] [ 73%] [32mBuilding CXX object CMakeFiles/carla_msgs__rosidl_typesupport_fastrtps_c.dir/rosidl_typesupport_fastrtps_c/carla_msgs/msg/detail/carla_traffic_light_status_list__type_support_c.cpp.o[0m
[16.206s] [ 73%] [32mBuilding CXX object CMakeFiles/carla_msgs__rosidl_typesupport_fastrtps_cpp.dir/rosidl_typesupport_fastrtps_cpp/carla_msgs/msg/detail/dds_fastrtps/carla_traffic_light_info__type_support.cpp.o[0m
[16.214s] [ 74%] [32mBuilding CXX object CMakeFiles/carla_msgs__rosidl_typesupport_fastrtps_c.dir/rosidl_typesupport_fastrtps_c/carla_msgs/msg/detail/carla_walker_control__type_support_c.cpp.o[0m
[16.221s] [ 74%] [32mBuilding CXX object CMakeFiles/carla_msgs__rosidl_typesupport_fastrtps_cpp.dir/rosidl_typesupport_fastrtps_cpp/carla_msgs/msg/detail/dds_fastrtps/carla_traffic_light_info_list__type_support.cpp.o[0m
[16.368s] [ 74%] [32mBuilding CXX object CMakeFiles/carla_msgs__rosidl_typesupport_introspection_cpp.dir/rosidl_typesupport_introspection_cpp/carla_msgs/msg/detail/carla_traffic_light_info_list__type_support.cpp.o[0m
[16.428s] [ 75%] [32mBuilding CXX object CMakeFiles/carla_msgs__rosidl_typesupport_fastrtps_cpp.dir/rosidl_typesupport_fastrtps_cpp/carla_msgs/msg/detail/dds_fastrtps/carla_traffic_light_status__type_support.cpp.o[0m
[16.455s] [ 75%] [32mBuilding CXX object CMakeFiles/carla_msgs__rosidl_typesupport_fastrtps_c.dir/rosidl_typesupport_fastrtps_c/carla_msgs/msg/detail/carla_weather_parameters__type_support_c.cpp.o[0m
[16.576s] [ 75%] [32mBuilding CXX object CMakeFiles/carla_msgs__rosidl_typesupport_fastrtps_cpp.dir/rosidl_typesupport_fastrtps_cpp/carla_msgs/msg/detail/dds_fastrtps/carla_traffic_light_status_list__type_support.cpp.o[0m
[16.589s] [ 76%] [32mBuilding CXX object CMakeFiles/carla_msgs__rosidl_typesupport_introspection_cpp.dir/rosidl_typesupport_introspection_cpp/carla_msgs/msg/detail/carla_traffic_light_status__type_support.cpp.o[0m
[16.607s] [ 77%] [32mBuilding CXX object CMakeFiles/carla_msgs__rosidl_typesupport_fastrtps_c.dir/rosidl_typesupport_fastrtps_c/carla_msgs/srv/detail/spawn_object__type_support_c.cpp.o[0m
[16.680s] [ 78%] [32mBuilding CXX object CMakeFiles/carla_msgs__rosidl_typesupport_fastrtps_cpp.dir/rosidl_typesupport_fastrtps_cpp/carla_msgs/msg/detail/dds_fastrtps/carla_walker_control__type_support.cpp.o[0m
[16.905s] [ 78%] [32mBuilding CXX object CMakeFiles/carla_msgs__rosidl_typesupport_introspection_cpp.dir/rosidl_typesupport_introspection_cpp/carla_msgs/msg/detail/carla_traffic_light_status_list__type_support.cpp.o[0m
[16.927s] [ 78%] [32mBuilding CXX object CMakeFiles/carla_msgs__rosidl_typesupport_fastrtps_c.dir/rosidl_typesupport_fastrtps_c/carla_msgs/srv/detail/destroy_object__type_support_c.cpp.o[0m
[17.004s] [ 79%] [32mBuilding CXX object CMakeFiles/carla_msgs__rosidl_typesupport_fastrtps_c.dir/rosidl_typesupport_fastrtps_c/carla_msgs/srv/detail/get_blueprints__type_support_c.cpp.o[0m
[17.125s] [ 80%] [32mBuilding CXX object CMakeFiles/carla_msgs__rosidl_typesupport_introspection_cpp.dir/rosidl_typesupport_introspection_cpp/carla_msgs/msg/detail/carla_walker_control__type_support.cpp.o[0m
[17.131s] [ 80%] [32mBuilding CXX object CMakeFiles/carla_msgs__rosidl_typesupport_introspection_cpp.dir/rosidl_typesupport_introspection_cpp/carla_msgs/msg/detail/carla_weather_parameters__type_support.cpp.o[0m
[17.201s] [ 80%] [32mBuilding CXX object CMakeFiles/carla_msgs__rosidl_typesupport_fastrtps_cpp.dir/rosidl_typesupport_fastrtps_cpp/carla_msgs/msg/detail/dds_fastrtps/carla_weather_parameters__type_support.cpp.o[0m
[17.298s] [ 81%] [32mBuilding CXX object CMakeFiles/carla_msgs__rosidl_typesupport_fastrtps_cpp.dir/rosidl_typesupport_fastrtps_cpp/carla_msgs/srv/detail/dds_fastrtps/spawn_object__type_support.cpp.o[0m
[17.324s] [ 82%] [32mBuilding CXX object CMakeFiles/carla_msgs__rosidl_typesupport_introspection_cpp.dir/rosidl_typesupport_introspection_cpp/carla_msgs/srv/detail/spawn_object__type_support.cpp.o[0m
[17.411s] [ 82%] [32mBuilding CXX object CMakeFiles/carla_msgs__rosidl_typesupport_introspection_cpp.dir/rosidl_typesupport_introspection_cpp/carla_msgs/srv/detail/destroy_object__type_support.cpp.o[0m
[17.447s] [ 82%] [32mBuilding CXX object CMakeFiles/carla_msgs__rosidl_typesupport_fastrtps_cpp.dir/rosidl_typesupport_fastrtps_cpp/carla_msgs/srv/detail/dds_fastrtps/destroy_object__type_support.cpp.o[0m
[17.616s] [ 83%] [32mBuilding CXX object CMakeFiles/carla_msgs__rosidl_typesupport_introspection_cpp.dir/rosidl_typesupport_introspection_cpp/carla_msgs/srv/detail/get_blueprints__type_support.cpp.o[0m
[17.632s] [ 84%] [32mBuilding CXX object CMakeFiles/carla_msgs__rosidl_typesupport_fastrtps_cpp.dir/rosidl_typesupport_fastrtps_cpp/carla_msgs/srv/detail/dds_fastrtps/get_blueprints__type_support.cpp.o[0m
[17.853s] [ 84%] [32m[1mLinking CXX shared library libcarla_msgs__rosidl_typesupport_fastrtps_c.so[0m
[18.189s] [ 84%] Built target carla_msgs__rosidl_typesupport_fastrtps_c
[18.284s] [ 85%] [32m[1mLinking CXX shared library libcarla_msgs__rosidl_typesupport_introspection_cpp.so[0m
[18.330s] [ 85%] [32m[1mLinking CXX shared library libcarla_msgs__rosidl_typesupport_fastrtps_cpp.so[0m
[18.493s] [ 85%] Built target carla_msgs__rosidl_typesupport_introspection_cpp
[18.530s] [ 85%] Built target carla_msgs__rosidl_typesupport_fastrtps_cpp
[18.557s] [ 85%] Built target carla_msgs
[18.584s] [ 86%] [34m[1mGenerating Python code for ROS interfaces[0m
[21.120s] [ 86%] Built target carla_msgs__py
[21.149s] [ 87%] [32mBuilding C object CMakeFiles/carla_msgs__rosidl_generator_py.dir/rosidl_generator_py/carla_msgs/msg/_carla_ego_vehicle_control_s.c.o[0m
[21.150s] [ 87%] [32mBuilding C object CMakeFiles/carla_msgs__rosidl_generator_py.dir/rosidl_generator_py/carla_msgs/msg/_carla_ego_vehicle_status_s.c.o[0m
[21.150s] [ 88%] [32mBuilding C object CMakeFiles/carla_msgs__rosidl_generator_py.dir/rosidl_generator_py/carla_msgs/msg/_carla_collision_event_s.c.o[0m
[21.150s] [ 88%] [32mBuilding C object CMakeFiles/carla_msgs__rosidl_generator_py.dir/rosidl_generator_py/carla_msgs/msg/_carla_ego_vehicle_info_s.c.o[0m
[21.150s] [ 88%] [32mBuilding C object CMakeFiles/carla_msgs__rosidl_generator_py.dir/rosidl_generator_py/carla_msgs/msg/_carla_lane_invasion_event_s.c.o[0m
[21.150s] [ 88%] [32mBuilding C object CMakeFiles/carla_msgs__rosidl_generator_py.dir/rosidl_generator_py/carla_msgs/msg/_carla_bounding_box_s.c.o[0m
[21.150s] [ 89%] [32mBuilding C object CMakeFiles/carla_msgs__rosidl_generator_py.dir/rosidl_generator_py/carla_msgs/msg/_carla_world_info_s.c.o[0m
[21.151s] [ 90%] [32mBuilding C object CMakeFiles/carla_msgs__rosidl_generator_py.dir/rosidl_generator_py/carla_msgs/msg/_carla_ego_vehicle_info_wheel_s.c.o[0m
[21.151s] [ 90%] [32mBuilding C object CMakeFiles/carla_msgs__rosidl_generator_py.dir/rosidl_generator_py/carla_msgs/msg/_carla_actor_info_s.c.o[0m
[21.152s] [ 91%] [32mBuilding C object CMakeFiles/carla_msgs__rosidl_generator_py.dir/rosidl_generator_py/carla_msgs/msg/_carla_actor_list_s.c.o[0m
[21.164s] [ 92%] [32mBuilding C object CMakeFiles/carla_msgs__rosidl_generator_py.dir/rosidl_generator_py/carla_msgs/msg/_carla_status_s.c.o[0m
[21.164s] [ 92%] [32mBuilding C object CMakeFiles/carla_msgs__rosidl_generator_py.dir/rosidl_generator_py/carla_msgs/msg/_carla_control_s.c.o[0m
[21.356s] [ 92%] [32mBuilding C object CMakeFiles/carla_msgs__rosidl_generator_py.dir/rosidl_generator_py/carla_msgs/msg/_carla_traffic_light_info_s.c.o[0m
[21.356s] [ 93%] [32mBuilding C object CMakeFiles/carla_msgs__rosidl_generator_py.dir/rosidl_generator_py/carla_msgs/msg/_carla_traffic_light_info_list_s.c.o[0m
[21.359s] [ 93%] [32mBuilding C object CMakeFiles/carla_msgs__rosidl_generator_py.dir/rosidl_generator_py/carla_msgs/msg/_carla_traffic_light_status_s.c.o[0m
[21.360s] [ 94%] [32mBuilding C object CMakeFiles/carla_msgs__rosidl_generator_py.dir/rosidl_generator_py/carla_msgs/msg/_carla_traffic_light_status_list_s.c.o[0m
[21.362s] [ 94%] [32mBuilding C object CMakeFiles/carla_msgs__rosidl_generator_py.dir/rosidl_generator_py/carla_msgs/msg/_carla_walker_control_s.c.o[0m
[21.379s] [ 95%] [32mBuilding C object CMakeFiles/carla_msgs__rosidl_generator_py.dir/rosidl_generator_py/carla_msgs/msg/_carla_weather_parameters_s.c.o[0m
[21.379s] [ 96%] [32mBuilding C object CMakeFiles/carla_msgs__rosidl_generator_py.dir/rosidl_generator_py/carla_msgs/srv/_spawn_object_s.c.o[0m
[21.388s] [ 96%] [32mBuilding C object CMakeFiles/carla_msgs__rosidl_generator_py.dir/rosidl_generator_py/carla_msgs/srv/_destroy_object_s.c.o[0m
[21.388s] [ 97%] [32mBuilding C object CMakeFiles/carla_msgs__rosidl_generator_py.dir/rosidl_generator_py/carla_msgs/srv/_get_blueprints_s.c.o[0m
[21.561s] [ 97%] [32m[1mLinking C shared library rosidl_generator_py/carla_msgs/libcarla_msgs__rosidl_generator_py.so[0m
[21.697s] [ 97%] Built target carla_msgs__rosidl_generator_py
[21.723s] [ 99%] [32mBuilding C object CMakeFiles/carla_msgs__rosidl_typesupport_fastrtps_c__pyext.dir/rosidl_generator_py/carla_msgs/_carla_msgs_s.ep.rosidl_typesupport_fastrtps_c.c.o[0m
[21.724s] [ 99%] [32mBuilding C object CMakeFiles/carla_msgs__rosidl_typesupport_introspection_c__pyext.dir/rosidl_generator_py/carla_msgs/_carla_msgs_s.ep.rosidl_typesupport_introspection_c.c.o[0m
[21.724s] [100%] [32mBuilding C object CMakeFiles/carla_msgs__rosidl_typesupport_c__pyext.dir/rosidl_generator_py/carla_msgs/_carla_msgs_s.ep.rosidl_typesupport_c.c.o[0m
[21.914s] [100%] [32m[1mLinking C shared library rosidl_generator_py/carla_msgs/carla_msgs_s__rosidl_typesupport_c.cpython-310-x86_64-linux-gnu.so[0m
[21.914s] [100%] [32m[1mLinking C shared library rosidl_generator_py/carla_msgs/carla_msgs_s__rosidl_typesupport_fastrtps_c.cpython-310-x86_64-linux-gnu.so[0m
[21.914s] [100%] [32m[1mLinking C shared library rosidl_generator_py/carla_msgs/carla_msgs_s__rosidl_typesupport_introspection_c.cpython-310-x86_64-linux-gnu.so[0m
[22.016s] [100%] Built target carla_msgs__rosidl_typesupport_introspection_c__pyext
[22.016s] [100%] Built target carla_msgs__rosidl_typesupport_fastrtps_c__pyext
[22.016s] [100%] Built target carla_msgs__rosidl_typesupport_c__pyext
[22.034s] Invoked command in '/home/nisanth/carla_ros_ws/build/carla_msgs' returned '0': CMAKE_PREFIX_PATH=/opt/ros/humble /usr/bin/cmake --build /home/nisanth/carla_ros_ws/build/carla_msgs -- -j12 -l12
[22.036s] Invoking command in '/home/nisanth/carla_ros_ws/build/carla_msgs': CMAKE_PREFIX_PATH=/opt/ros/humble /usr/bin/cmake --install /home/nisanth/carla_ros_ws/build/carla_msgs
[22.045s] -- Install configuration: ""
[22.046s] -- Execute custom install script
[22.048s] -- Symlinking: /home/nisanth/carla_ros_ws/install/carla_msgs/share/ament_index/resource_index/rosidl_interfaces/carla_msgs
[22.064s] -- Symlinking: /home/nisanth/carla_ros_ws/install/carla_msgs/include/carla_msgs/carla_msgs/msg/carla_actor_info.h
[22.075s] -- Symlinking: /home/nisanth/carla_ros_ws/install/carla_msgs/include/carla_msgs/carla_msgs/msg/carla_actor_list.h
[22.086s] -- Symlinking: /home/nisanth/carla_ros_ws/install/carla_msgs/include/carla_msgs/carla_msgs/msg/carla_bounding_box.h
[22.097s] -- Symlinking: /home/nisanth/carla_ros_ws/install/carla_msgs/include/carla_msgs/carla_msgs/msg/carla_collision_event.h
[22.109s] -- Symlinking: /home/nisanth/carla_ros_ws/install/carla_msgs/include/carla_msgs/carla_msgs/msg/carla_control.h
[22.120s] -- Symlinking: /home/nisanth/carla_ros_ws/install/carla_msgs/include/carla_msgs/carla_msgs/msg/carla_ego_vehicle_control.h
[22.131s] -- Symlinking: /home/nisanth/carla_ros_ws/install/carla_msgs/include/carla_msgs/carla_msgs/msg/carla_ego_vehicle_info.h
[22.141s] -- Symlinking: /home/nisanth/carla_ros_ws/install/carla_msgs/include/carla_msgs/carla_msgs/msg/carla_ego_vehicle_info_wheel.h
[22.153s] -- Symlinking: /home/nisanth/carla_ros_ws/install/carla_msgs/include/carla_msgs/carla_msgs/msg/carla_ego_vehicle_status.h
[22.164s] -- Symlinking: /home/nisanth/carla_ros_ws/install/carla_msgs/include/carla_msgs/carla_msgs/msg/carla_lane_invasion_event.h
[22.175s] -- Symlinking: /home/nisanth/carla_ros_ws/install/carla_msgs/include/carla_msgs/carla_msgs/msg/carla_status.h
[22.186s] -- Symlinking: /home/nisanth/carla_ros_ws/install/carla_msgs/include/carla_msgs/carla_msgs/msg/carla_traffic_light_info.h
[22.197s] -- Symlinking: /home/nisanth/carla_ros_ws/install/carla_msgs/include/carla_msgs/carla_msgs/msg/carla_traffic_light_info_list.h
[22.207s] -- Symlinking: /home/nisanth/carla_ros_ws/install/carla_msgs/include/carla_msgs/carla_msgs/msg/carla_traffic_light_status.h
[22.219s] -- Symlinking: /home/nisanth/carla_ros_ws/install/carla_msgs/include/carla_msgs/carla_msgs/msg/carla_traffic_light_status_list.h
[22.229s] -- Symlinking: /home/nisanth/carla_ros_ws/install/carla_msgs/include/carla_msgs/carla_msgs/msg/carla_walker_control.h
[22.240s] -- Symlinking: /home/nisanth/carla_ros_ws/install/carla_msgs/include/carla_msgs/carla_msgs/msg/carla_weather_parameters.h
[22.253s] -- Symlinking: /home/nisanth/carla_ros_ws/install/carla_msgs/include/carla_msgs/carla_msgs/msg/carla_world_info.h
[22.264s] -- Symlinking: /home/nisanth/carla_ros_ws/install/carla_msgs/include/carla_msgs/carla_msgs/msg/detail/carla_actor_info__functions.h
[22.275s] -- Symlinking: /home/nisanth/carla_ros_ws/install/carla_msgs/include/carla_msgs/carla_msgs/msg/detail/carla_actor_info__struct.h
[22.286s] -- Symlinking: /home/nisanth/carla_ros_ws/install/carla_msgs/include/carla_msgs/carla_msgs/msg/detail/carla_actor_info__type_support.h
[22.297s] -- Symlinking: /home/nisanth/carla_ros_ws/install/carla_msgs/include/carla_msgs/carla_msgs/msg/detail/carla_actor_list__functions.h
[22.308s] -- Symlinking: /home/nisanth/carla_ros_ws/install/carla_msgs/include/carla_msgs/carla_msgs/msg/detail/carla_actor_list__struct.h
[22.320s] -- Symlinking: /home/nisanth/carla_ros_ws/install/carla_msgs/include/carla_msgs/carla_msgs/msg/detail/carla_actor_list__type_support.h
[22.331s] -- Symlinking: /home/nisanth/carla_ros_ws/install/carla_msgs/include/carla_msgs/carla_msgs/msg/detail/carla_bounding_box__functions.h
[22.342s] -- Symlinking: /home/nisanth/carla_ros_ws/install/carla_msgs/include/carla_msgs/carla_msgs/msg/detail/carla_bounding_box__struct.h
[22.353s] -- Symlinking: /home/nisanth/carla_ros_ws/install/carla_msgs/include/carla_msgs/carla_msgs/msg/detail/carla_bounding_box__type_support.h
[22.364s] -- Symlinking: /home/nisanth/carla_ros_ws/install/carla_msgs/include/carla_msgs/carla_msgs/msg/detail/carla_collision_event__functions.h
[22.375s] -- Symlinking: /home/nisanth/carla_ros_ws/install/carla_msgs/include/carla_msgs/carla_msgs/msg/detail/carla_collision_event__struct.h
[22.386s] -- Symlinking: /home/nisanth/carla_ros_ws/install/carla_msgs/include/carla_msgs/carla_msgs/msg/detail/carla_collision_event__type_support.h
[22.397s] -- Symlinking: /home/nisanth/carla_ros_ws/install/carla_msgs/include/carla_msgs/carla_msgs/msg/detail/carla_control__functions.h
[22.407s] -- Symlinking: /home/nisanth/carla_ros_ws/install/carla_msgs/include/carla_msgs/carla_msgs/msg/detail/carla_control__struct.h
[22.418s] -- Symlinking: /home/nisanth/carla_ros_ws/install/carla_msgs/include/carla_msgs/carla_msgs/msg/detail/carla_control__type_support.h
[22.429s] -- Symlinking: /home/nisanth/carla_ros_ws/install/carla_msgs/include/carla_msgs/carla_msgs/msg/detail/carla_ego_vehicle_control__functions.h
[22.439s] -- Symlinking: /home/nisanth/carla_ros_ws/install/carla_msgs/include/carla_msgs/carla_msgs/msg/detail/carla_ego_vehicle_control__struct.h
[22.451s] -- Symlinking: /home/nisanth/carla_ros_ws/install/carla_msgs/include/carla_msgs/carla_msgs/msg/detail/carla_ego_vehicle_control__type_support.h
[22.462s] -- Symlinking: /home/nisanth/carla_ros_ws/install/carla_msgs/include/carla_msgs/carla_msgs/msg/detail/carla_ego_vehicle_info__functions.h
[22.473s] -- Symlinking: /home/nisanth/carla_ros_ws/install/carla_msgs/include/carla_msgs/carla_msgs/msg/detail/carla_ego_vehicle_info__struct.h
[22.483s] -- Symlinking: /home/nisanth/carla_ros_ws/install/carla_msgs/include/carla_msgs/carla_msgs/msg/detail/carla_ego_vehicle_info__type_support.h
[22.494s] -- Symlinking: /home/nisanth/carla_ros_ws/install/carla_msgs/include/carla_msgs/carla_msgs/msg/detail/carla_ego_vehicle_info_wheel__functions.h
[22.504s] -- Symlinking: /home/nisanth/carla_ros_ws/install/carla_msgs/include/carla_msgs/carla_msgs/msg/detail/carla_ego_vehicle_info_wheel__struct.h
[22.515s] -- Symlinking: /home/nisanth/carla_ros_ws/install/carla_msgs/include/carla_msgs/carla_msgs/msg/detail/carla_ego_vehicle_info_wheel__type_support.h
[22.526s] -- Symlinking: /home/nisanth/carla_ros_ws/install/carla_msgs/include/carla_msgs/carla_msgs/msg/detail/carla_ego_vehicle_status__functions.h
[22.537s] -- Symlinking: /home/nisanth/carla_ros_ws/install/carla_msgs/include/carla_msgs/carla_msgs/msg/detail/carla_ego_vehicle_status__struct.h
[22.548s] -- Symlinking: /home/nisanth/carla_ros_ws/install/carla_msgs/include/carla_msgs/carla_msgs/msg/detail/carla_ego_vehicle_status__type_support.h
[22.560s] -- Symlinking: /home/nisanth/carla_ros_ws/install/carla_msgs/include/carla_msgs/carla_msgs/msg/detail/carla_lane_invasion_event__functions.h
[22.570s] -- Symlinking: /home/nisanth/carla_ros_ws/install/carla_msgs/include/carla_msgs/carla_msgs/msg/detail/carla_lane_invasion_event__struct.h
[22.582s] -- Symlinking: /home/nisanth/carla_ros_ws/install/carla_msgs/include/carla_msgs/carla_msgs/msg/detail/carla_lane_invasion_event__type_support.h
[22.594s] -- Symlinking: /home/nisanth/carla_ros_ws/install/carla_msgs/include/carla_msgs/carla_msgs/msg/detail/carla_status__functions.h
[22.605s] -- Symlinking: /home/nisanth/carla_ros_ws/install/carla_msgs/include/carla_msgs/carla_msgs/msg/detail/carla_status__struct.h
[22.616s] -- Symlinking: /home/nisanth/carla_ros_ws/install/carla_msgs/include/carla_msgs/carla_msgs/msg/detail/carla_status__type_support.h
[22.626s] -- Symlinking: /home/nisanth/carla_ros_ws/install/carla_msgs/include/carla_msgs/carla_msgs/msg/detail/carla_traffic_light_info__functions.h
[22.637s] -- Symlinking: /home/nisanth/carla_ros_ws/install/carla_msgs/include/carla_msgs/carla_msgs/msg/detail/carla_traffic_light_info__struct.h
[22.649s] -- Symlinking: /home/nisanth/carla_ros_ws/install/carla_msgs/include/carla_msgs/carla_msgs/msg/detail/carla_traffic_light_info__type_support.h
[22.659s] -- Symlinking: /home/nisanth/carla_ros_ws/install/carla_msgs/include/carla_msgs/carla_msgs/msg/detail/carla_traffic_light_info_list__functions.h
[22.670s] -- Symlinking: /home/nisanth/carla_ros_ws/install/carla_msgs/include/carla_msgs/carla_msgs/msg/detail/carla_traffic_light_info_list__struct.h
[22.682s] -- Symlinking: /home/nisanth/carla_ros_ws/install/carla_msgs/include/carla_msgs/carla_msgs/msg/detail/carla_traffic_light_info_list__type_support.h
[22.692s] -- Symlinking: /home/nisanth/carla_ros_ws/install/carla_msgs/include/carla_msgs/carla_msgs/msg/detail/carla_traffic_light_status__functions.h
[22.703s] -- Symlinking: /home/nisanth/carla_ros_ws/install/carla_msgs/include/carla_msgs/carla_msgs/msg/detail/carla_traffic_light_status__struct.h
[22.714s] -- Symlinking: /home/nisanth/carla_ros_ws/install/carla_msgs/include/carla_msgs/carla_msgs/msg/detail/carla_traffic_light_status__type_support.h
[22.726s] -- Symlinking: /home/nisanth/carla_ros_ws/install/carla_msgs/include/carla_msgs/carla_msgs/msg/detail/carla_traffic_light_status_list__functions.h
[22.737s] -- Symlinking: /home/nisanth/carla_ros_ws/install/carla_msgs/include/carla_msgs/carla_msgs/msg/detail/carla_traffic_light_status_list__struct.h
[22.748s] -- Symlinking: /home/nisanth/carla_ros_ws/install/carla_msgs/include/carla_msgs/carla_msgs/msg/detail/carla_traffic_light_status_list__type_support.h
[22.760s] -- Symlinking: /home/nisanth/carla_ros_ws/install/carla_msgs/include/carla_msgs/carla_msgs/msg/detail/carla_walker_control__functions.h
[22.771s] -- Symlinking: /home/nisanth/carla_ros_ws/install/carla_msgs/include/carla_msgs/carla_msgs/msg/detail/carla_walker_control__struct.h
[22.782s] -- Symlinking: /home/nisanth/carla_ros_ws/install/carla_msgs/include/carla_msgs/carla_msgs/msg/detail/carla_walker_control__type_support.h
[22.793s] -- Symlinking: /home/nisanth/carla_ros_ws/install/carla_msgs/include/carla_msgs/carla_msgs/msg/detail/carla_weather_parameters__functions.h
[22.804s] -- Symlinking: /home/nisanth/carla_ros_ws/install/carla_msgs/include/carla_msgs/carla_msgs/msg/detail/carla_weather_parameters__struct.h
[22.816s] -- Symlinking: /home/nisanth/carla_ros_ws/install/carla_msgs/include/carla_msgs/carla_msgs/msg/detail/carla_weather_parameters__type_support.h
[22.826s] -- Symlinking: /home/nisanth/carla_ros_ws/install/carla_msgs/include/carla_msgs/carla_msgs/msg/detail/carla_world_info__functions.h
[22.837s] -- Symlinking: /home/nisanth/carla_ros_ws/install/carla_msgs/include/carla_msgs/carla_msgs/msg/detail/carla_world_info__struct.h
[22.848s] -- Symlinking: /home/nisanth/carla_ros_ws/install/carla_msgs/include/carla_msgs/carla_msgs/msg/detail/carla_world_info__type_support.h
[22.859s] -- Symlinking: /home/nisanth/carla_ros_ws/install/carla_msgs/include/carla_msgs/carla_msgs/msg/rosidl_generator_c__visibility_control.h
[22.872s] -- Symlinking: /home/nisanth/carla_ros_ws/install/carla_msgs/include/carla_msgs/carla_msgs/srv/destroy_object.h
[22.883s] -- Symlinking: /home/nisanth/carla_ros_ws/install/carla_msgs/include/carla_msgs/carla_msgs/srv/detail/destroy_object__functions.h
[22.894s] -- Symlinking: /home/nisanth/carla_ros_ws/install/carla_msgs/include/carla_msgs/carla_msgs/srv/detail/destroy_object__struct.h
[22.906s] -- Symlinking: /home/nisanth/carla_ros_ws/install/carla_msgs/include/carla_msgs/carla_msgs/srv/detail/destroy_object__type_support.h
[22.917s] -- Symlinking: /home/nisanth/carla_ros_ws/install/carla_msgs/include/carla_msgs/carla_msgs/srv/detail/get_blueprints__functions.h
[22.928s] -- Symlinking: /home/nisanth/carla_ros_ws/install/carla_msgs/include/carla_msgs/carla_msgs/srv/detail/get_blueprints__struct.h
[22.939s] -- Symlinking: /home/nisanth/carla_ros_ws/install/carla_msgs/include/carla_msgs/carla_msgs/srv/detail/get_blueprints__type_support.h
[22.950s] -- Symlinking: /home/nisanth/carla_ros_ws/install/carla_msgs/include/carla_msgs/carla_msgs/srv/detail/spawn_object__functions.h
[22.961s] -- Symlinking: /home/nisanth/carla_ros_ws/install/carla_msgs/include/carla_msgs/carla_msgs/srv/detail/spawn_object__struct.h
[22.972s] -- Symlinking: /home/nisanth/carla_ros_ws/install/carla_msgs/include/carla_msgs/carla_msgs/srv/detail/spawn_object__type_support.h
[22.983s] -- Symlinking: /home/nisanth/carla_ros_ws/install/carla_msgs/include/carla_msgs/carla_msgs/srv/get_blueprints.h
[22.996s] -- Symlinking: /home/nisanth/carla_ros_ws/install/carla_msgs/include/carla_msgs/carla_msgs/srv/spawn_object.h
[23.007s] -- Symlinking: /home/nisanth/carla_ros_ws/install/carla_msgs/share/carla_msgs/environment/library_path.sh
[23.018s] -- Symlinking: /home/nisanth/carla_ros_ws/install/carla_msgs/share/carla_msgs/environment/library_path.dsv
[23.030s] -- Symlinking: /home/nisanth/carla_ros_ws/install/carla_msgs/include/carla_msgs/carla_msgs/msg/detail/carla_actor_info__rosidl_typesupport_fastrtps_c.h
[23.042s] -- Symlinking: /home/nisanth/carla_ros_ws/install/carla_msgs/include/carla_msgs/carla_msgs/msg/detail/carla_actor_list__rosidl_typesupport_fastrtps_c.h
[23.053s] -- Symlinking: /home/nisanth/carla_ros_ws/install/carla_msgs/include/carla_msgs/carla_msgs/msg/detail/carla_bounding_box__rosidl_typesupport_fastrtps_c.h
[23.065s] -- Symlinking: /home/nisanth/carla_ros_ws/install/carla_msgs/include/carla_msgs/carla_msgs/msg/detail/carla_collision_event__rosidl_typesupport_fastrtps_c.h
[23.076s] -- Symlinking: /home/nisanth/carla_ros_ws/install/carla_msgs/include/carla_msgs/carla_msgs/msg/detail/carla_control__rosidl_typesupport_fastrtps_c.h
[23.087s] -- Symlinking: /home/nisanth/carla_ros_ws/install/carla_msgs/include/carla_msgs/carla_msgs/msg/detail/carla_ego_vehicle_control__rosidl_typesupport_fastrtps_c.h
[23.098s] -- Symlinking: /home/nisanth/carla_ros_ws/install/carla_msgs/include/carla_msgs/carla_msgs/msg/detail/carla_ego_vehicle_info__rosidl_typesupport_fastrtps_c.h
[23.108s] -- Symlinking: /home/nisanth/carla_ros_ws/install/carla_msgs/include/carla_msgs/carla_msgs/msg/detail/carla_ego_vehicle_info_wheel__rosidl_typesupport_fastrtps_c.h
[23.119s] -- Symlinking: /home/nisanth/carla_ros_ws/install/carla_msgs/include/carla_msgs/carla_msgs/msg/detail/carla_ego_vehicle_status__rosidl_typesupport_fastrtps_c.h
[23.130s] -- Symlinking: /home/nisanth/carla_ros_ws/install/carla_msgs/include/carla_msgs/carla_msgs/msg/detail/carla_lane_invasion_event__rosidl_typesupport_fastrtps_c.h
[23.141s] -- Symlinking: /home/nisanth/carla_ros_ws/install/carla_msgs/include/carla_msgs/carla_msgs/msg/detail/carla_status__rosidl_typesupport_fastrtps_c.h
[23.152s] -- Symlinking: /home/nisanth/carla_ros_ws/install/carla_msgs/include/carla_msgs/carla_msgs/msg/detail/carla_traffic_light_info__rosidl_typesupport_fastrtps_c.h
[23.163s] -- Symlinking: /home/nisanth/carla_ros_ws/install/carla_msgs/include/carla_msgs/carla_msgs/msg/detail/carla_traffic_light_info_list__rosidl_typesupport_fastrtps_c.h
[23.174s] -- Symlinking: /home/nisanth/carla_ros_ws/install/carla_msgs/include/carla_msgs/carla_msgs/msg/detail/carla_traffic_light_status__rosidl_typesupport_fastrtps_c.h
[23.185s] -- Symlinking: /home/nisanth/carla_ros_ws/install/carla_msgs/include/carla_msgs/carla_msgs/msg/detail/carla_traffic_light_status_list__rosidl_typesupport_fastrtps_c.h
[23.196s] -- Symlinking: /home/nisanth/carla_ros_ws/install/carla_msgs/include/carla_msgs/carla_msgs/msg/detail/carla_walker_control__rosidl_typesupport_fastrtps_c.h
[23.208s] -- Symlinking: /home/nisanth/carla_ros_ws/install/carla_msgs/include/carla_msgs/carla_msgs/msg/detail/carla_weather_parameters__rosidl_typesupport_fastrtps_c.h
[23.219s] -- Symlinking: /home/nisanth/carla_ros_ws/install/carla_msgs/include/carla_msgs/carla_msgs/msg/detail/carla_world_info__rosidl_typesupport_fastrtps_c.h
[23.230s] -- Symlinking: /home/nisanth/carla_ros_ws/install/carla_msgs/include/carla_msgs/carla_msgs/msg/rosidl_typesupport_fastrtps_c__visibility_control.h
[23.240s] -- Symlinking: /home/nisanth/carla_ros_ws/install/carla_msgs/include/carla_msgs/carla_msgs/srv/detail/destroy_object__rosidl_typesupport_fastrtps_c.h
[23.251s] -- Symlinking: /home/nisanth/carla_ros_ws/install/carla_msgs/include/carla_msgs/carla_msgs/srv/detail/get_blueprints__rosidl_typesupport_fastrtps_c.h
[23.263s] -- Symlinking: /home/nisanth/carla_ros_ws/install/carla_msgs/include/carla_msgs/carla_msgs/srv/detail/spawn_object__rosidl_typesupport_fastrtps_c.h
[23.277s] -- Symlinking: /home/nisanth/carla_ros_ws/install/carla_msgs/include/carla_msgs/carla_msgs/msg/carla_actor_info.hpp
[23.288s] -- Symlinking: /home/nisanth/carla_ros_ws/install/carla_msgs/include/carla_msgs/carla_msgs/msg/carla_actor_list.hpp
[23.299s] -- Symlinking: /home/nisanth/carla_ros_ws/install/carla_msgs/include/carla_msgs/carla_msgs/msg/carla_bounding_box.hpp
[23.310s] -- Symlinking: /home/nisanth/carla_ros_ws/install/carla_msgs/include/carla_msgs/carla_msgs/msg/carla_collision_event.hpp
[23.321s] -- Symlinking: /home/nisanth/carla_ros_ws/install/carla_msgs/include/carla_msgs/carla_msgs/msg/carla_control.hpp
[23.333s] -- Symlinking: /home/nisanth/carla_ros_ws/install/carla_msgs/include/carla_msgs/carla_msgs/msg/carla_ego_vehicle_control.hpp
[23.344s] -- Symlinking: /home/nisanth/carla_ros_ws/install/carla_msgs/include/carla_msgs/carla_msgs/msg/carla_ego_vehicle_info.hpp
[23.355s] -- Symlinking: /home/nisanth/carla_ros_ws/install/carla_msgs/include/carla_msgs/carla_msgs/msg/carla_ego_vehicle_info_wheel.hpp
[23.368s] -- Symlinking: /home/nisanth/carla_ros_ws/install/carla_msgs/include/carla_msgs/carla_msgs/msg/carla_ego_vehicle_status.hpp
[23.379s] -- Symlinking: /home/nisanth/carla_ros_ws/install/carla_msgs/include/carla_msgs/carla_msgs/msg/carla_lane_invasion_event.hpp
[23.390s] -- Symlinking: /home/nisanth/carla_ros_ws/install/carla_msgs/include/carla_msgs/carla_msgs/msg/carla_status.hpp
[23.401s] -- Symlinking: /home/nisanth/carla_ros_ws/install/carla_msgs/include/carla_msgs/carla_msgs/msg/carla_traffic_light_info.hpp
[23.412s] -- Symlinking: /home/nisanth/carla_ros_ws/install/carla_msgs/include/carla_msgs/carla_msgs/msg/carla_traffic_light_info_list.hpp
[23.423s] -- Symlinking: /home/nisanth/carla_ros_ws/install/carla_msgs/include/carla_msgs/carla_msgs/msg/carla_traffic_light_status.hpp
[23.433s] -- Symlinking: /home/nisanth/carla_ros_ws/install/carla_msgs/include/carla_msgs/carla_msgs/msg/carla_traffic_light_status_list.hpp
[23.445s] -- Symlinking: /home/nisanth/carla_ros_ws/install/carla_msgs/include/carla_msgs/carla_msgs/msg/carla_walker_control.hpp
[23.456s] -- Symlinking: /home/nisanth/carla_ros_ws/install/carla_msgs/include/carla_msgs/carla_msgs/msg/carla_weather_parameters.hpp
[23.468s] -- Symlinking: /home/nisanth/carla_ros_ws/install/carla_msgs/include/carla_msgs/carla_msgs/msg/carla_world_info.hpp
[23.480s] -- Symlinking: /home/nisanth/carla_ros_ws/install/carla_msgs/include/carla_msgs/carla_msgs/msg/detail/carla_actor_info__builder.hpp
[23.491s] -- Symlinking: /home/nisanth/carla_ros_ws/install/carla_msgs/include/carla_msgs/carla_msgs/msg/detail/carla_actor_info__struct.hpp
[23.502s] -- Symlinking: /home/nisanth/carla_ros_ws/install/carla_msgs/include/carla_msgs/carla_msgs/msg/detail/carla_actor_info__traits.hpp
[23.513s] -- Symlinking: /home/nisanth/carla_ros_ws/install/carla_msgs/include/carla_msgs/carla_msgs/msg/detail/carla_actor_info__type_support.hpp
[23.524s] -- Symlinking: /home/nisanth/carla_ros_ws/install/carla_msgs/include/carla_msgs/carla_msgs/msg/detail/carla_actor_list__builder.hpp
[23.535s] -- Symlinking: /home/nisanth/carla_ros_ws/install/carla_msgs/include/carla_msgs/carla_msgs/msg/detail/carla_actor_list__struct.hpp
[23.546s] -- Symlinking: /home/nisanth/carla_ros_ws/install/carla_msgs/include/carla_msgs/carla_msgs/msg/detail/carla_actor_list__traits.hpp
[23.558s] -- Symlinking: /home/nisanth/carla_ros_ws/install/carla_msgs/include/carla_msgs/carla_msgs/msg/detail/carla_actor_list__type_support.hpp
[23.569s] -- Symlinking: /home/nisanth/carla_ros_ws/install/carla_msgs/include/carla_msgs/carla_msgs/msg/detail/carla_bounding_box__builder.hpp
[23.581s] -- Symlinking: /home/nisanth/carla_ros_ws/install/carla_msgs/include/carla_msgs/carla_msgs/msg/detail/carla_bounding_box__struct.hpp
[23.592s] -- Symlinking: /home/nisanth/carla_ros_ws/install/carla_msgs/include/carla_msgs/carla_msgs/msg/detail/carla_bounding_box__traits.hpp
[23.603s] -- Symlinking: /home/nisanth/carla_ros_ws/install/carla_msgs/include/carla_msgs/carla_msgs/msg/detail/carla_bounding_box__type_support.hpp
[23.615s] -- Symlinking: /home/nisanth/carla_ros_ws/install/carla_msgs/include/carla_msgs/carla_msgs/msg/detail/carla_collision_event__builder.hpp
[23.626s] -- Symlinking: /home/nisanth/carla_ros_ws/install/carla_msgs/include/carla_msgs/carla_msgs/msg/detail/carla_collision_event__struct.hpp
[23.638s] -- Symlinking: /home/nisanth/carla_ros_ws/install/carla_msgs/include/carla_msgs/carla_msgs/msg/detail/carla_collision_event__traits.hpp
[23.649s] -- Symlinking: /home/nisanth/carla_ros_ws/install/carla_msgs/include/carla_msgs/carla_msgs/msg/detail/carla_collision_event__type_support.hpp
[23.660s] -- Symlinking: /home/nisanth/carla_ros_ws/install/carla_msgs/include/carla_msgs/carla_msgs/msg/detail/carla_control__builder.hpp
[23.671s] -- Symlinking: /home/nisanth/carla_ros_ws/install/carla_msgs/include/carla_msgs/carla_msgs/msg/detail/carla_control__struct.hpp
[23.682s] -- Symlinking: /home/nisanth/carla_ros_ws/install/carla_msgs/include/carla_msgs/carla_msgs/msg/detail/carla_control__traits.hpp
[23.693s] -- Symlinking: /home/nisanth/carla_ros_ws/install/carla_msgs/include/carla_msgs/carla_msgs/msg/detail/carla_control__type_support.hpp
[23.703s] -- Symlinking: /home/nisanth/carla_ros_ws/install/carla_msgs/include/carla_msgs/carla_msgs/msg/detail/carla_ego_vehicle_control__builder.hpp
[23.714s] -- Symlinking: /home/nisanth/carla_ros_ws/install/carla_msgs/include/carla_msgs/carla_msgs/msg/detail/carla_ego_vehicle_control__struct.hpp
[23.726s] -- Symlinking: /home/nisanth/carla_ros_ws/install/carla_msgs/include/carla_msgs/carla_msgs/msg/detail/carla_ego_vehicle_control__traits.hpp
[23.737s] -- Symlinking: /home/nisanth/carla_ros_ws/install/carla_msgs/include/carla_msgs/carla_msgs/msg/detail/carla_ego_vehicle_control__type_support.hpp
[23.748s] -- Symlinking: /home/nisanth/carla_ros_ws/install/carla_msgs/include/carla_msgs/carla_msgs/msg/detail/carla_ego_vehicle_info__builder.hpp
[23.759s] -- Symlinking: /home/nisanth/carla_ros_ws/install/carla_msgs/include/carla_msgs/carla_msgs/msg/detail/carla_ego_vehicle_info__struct.hpp
[23.770s] -- Symlinking: /home/nisanth/carla_ros_ws/install/carla_msgs/include/carla_msgs/carla_msgs/msg/detail/carla_ego_vehicle_info__traits.hpp
[23.781s] -- Symlinking: /home/nisanth/carla_ros_ws/install/carla_msgs/include/carla_msgs/carla_msgs/msg/detail/carla_ego_vehicle_info__type_support.hpp
[23.792s] -- Symlinking: /home/nisanth/carla_ros_ws/install/carla_msgs/include/carla_msgs/carla_msgs/msg/detail/carla_ego_vehicle_info_wheel__builder.hpp
[23.802s] -- Symlinking: /home/nisanth/carla_ros_ws/install/carla_msgs/include/carla_msgs/carla_msgs/msg/detail/carla_ego_vehicle_info_wheel__struct.hpp
[23.814s] -- Symlinking: /home/nisanth/carla_ros_ws/install/carla_msgs/include/carla_msgs/carla_msgs/msg/detail/carla_ego_vehicle_info_wheel__traits.hpp
[23.826s] -- Symlinking: /home/nisanth/carla_ros_ws/install/carla_msgs/include/carla_msgs/carla_msgs/msg/detail/carla_ego_vehicle_info_wheel__type_support.hpp
[23.836s] -- Symlinking: /home/nisanth/carla_ros_ws/install/carla_msgs/include/carla_msgs/carla_msgs/msg/detail/carla_ego_vehicle_status__builder.hpp
[23.847s] -- Symlinking: /home/nisanth/carla_ros_ws/install/carla_msgs/include/carla_msgs/carla_msgs/msg/detail/carla_ego_vehicle_status__struct.hpp
[23.859s] -- Symlinking: /home/nisanth/carla_ros_ws/install/carla_msgs/include/carla_msgs/carla_msgs/msg/detail/carla_ego_vehicle_status__traits.hpp
[23.870s] -- Symlinking: /home/nisanth/carla_ros_ws/install/carla_msgs/include/carla_msgs/carla_msgs/msg/detail/carla_ego_vehicle_status__type_support.hpp
[23.880s] -- Symlinking: /home/nisanth/carla_ros_ws/install/carla_msgs/include/carla_msgs/carla_msgs/msg/detail/carla_lane_invasion_event__builder.hpp
[23.891s] -- Symlinking: /home/nisanth/carla_ros_ws/install/carla_msgs/include/carla_msgs/carla_msgs/msg/detail/carla_lane_invasion_event__struct.hpp
[23.903s] -- Symlinking: /home/nisanth/carla_ros_ws/install/carla_msgs/include/carla_msgs/carla_msgs/msg/detail/carla_lane_invasion_event__traits.hpp
[23.915s] -- Symlinking: /home/nisanth/carla_ros_ws/install/carla_msgs/include/carla_msgs/carla_msgs/msg/detail/carla_lane_invasion_event__type_support.hpp
[23.926s] -- Symlinking: /home/nisanth/carla_ros_ws/install/carla_msgs/include/carla_msgs/carla_msgs/msg/detail/carla_status__builder.hpp
[23.936s] -- Symlinking: /home/nisanth/carla_ros_ws/install/carla_msgs/include/carla_msgs/carla_msgs/msg/detail/carla_status__struct.hpp
[23.947s] -- Symlinking: /home/nisanth/carla_ros_ws/install/carla_msgs/include/carla_msgs/carla_msgs/msg/detail/carla_status__traits.hpp
[23.959s] -- Symlinking: /home/nisanth/carla_ros_ws/install/carla_msgs/include/carla_msgs/carla_msgs/msg/detail/carla_status__type_support.hpp
[23.969s] -- Symlinking: /home/nisanth/carla_ros_ws/install/carla_msgs/include/carla_msgs/carla_msgs/msg/detail/carla_traffic_light_info__builder.hpp
[23.980s] -- Symlinking: /home/nisanth/carla_ros_ws/install/carla_msgs/include/carla_msgs/carla_msgs/msg/detail/carla_traffic_light_info__struct.hpp
[23.991s] -- Symlinking: /home/nisanth/carla_ros_ws/install/carla_msgs/include/carla_msgs/carla_msgs/msg/detail/carla_traffic_light_info__traits.hpp
[24.002s] -- Symlinking: /home/nisanth/carla_ros_ws/install/carla_msgs/include/carla_msgs/carla_msgs/msg/detail/carla_traffic_light_info__type_support.hpp
[24.013s] -- Symlinking: /home/nisanth/carla_ros_ws/install/carla_msgs/include/carla_msgs/carla_msgs/msg/detail/carla_traffic_light_info_list__builder.hpp
[24.024s] -- Symlinking: /home/nisanth/carla_ros_ws/install/carla_msgs/include/carla_msgs/carla_msgs/msg/detail/carla_traffic_light_info_list__struct.hpp
[24.035s] -- Symlinking: /home/nisanth/carla_ros_ws/install/carla_msgs/include/carla_msgs/carla_msgs/msg/detail/carla_traffic_light_info_list__traits.hpp
[24.045s] -- Symlinking: /home/nisanth/carla_ros_ws/install/carla_msgs/include/carla_msgs/carla_msgs/msg/detail/carla_traffic_light_info_list__type_support.hpp
[24.056s] -- Symlinking: /home/nisanth/carla_ros_ws/install/carla_msgs/include/carla_msgs/carla_msgs/msg/detail/carla_traffic_light_status__builder.hpp
[24.067s] -- Symlinking: /home/nisanth/carla_ros_ws/install/carla_msgs/include/carla_msgs/carla_msgs/msg/detail/carla_traffic_light_status__struct.hpp
[24.078s] -- Symlinking: /home/nisanth/carla_ros_ws/install/carla_msgs/include/carla_msgs/carla_msgs/msg/detail/carla_traffic_light_status__traits.hpp
[24.089s] -- Symlinking: /home/nisanth/carla_ros_ws/install/carla_msgs/include/carla_msgs/carla_msgs/msg/detail/carla_traffic_light_status__type_support.hpp
[24.100s] -- Symlinking: /home/nisanth/carla_ros_ws/install/carla_msgs/include/carla_msgs/carla_msgs/msg/detail/carla_traffic_light_status_list__builder.hpp
[24.111s] -- Symlinking: /home/nisanth/carla_ros_ws/install/carla_msgs/include/carla_msgs/carla_msgs/msg/detail/carla_traffic_light_status_list__struct.hpp
[24.121s] -- Symlinking: /home/nisanth/carla_ros_ws/install/carla_msgs/include/carla_msgs/carla_msgs/msg/detail/carla_traffic_light_status_list__traits.hpp
[24.133s] -- Symlinking: /home/nisanth/carla_ros_ws/install/carla_msgs/include/carla_msgs/carla_msgs/msg/detail/carla_traffic_light_status_list__type_support.hpp
[24.144s] -- Symlinking: /home/nisanth/carla_ros_ws/install/carla_msgs/include/carla_msgs/carla_msgs/msg/detail/carla_walker_control__builder.hpp
[24.155s] -- Symlinking: /home/nisanth/carla_ros_ws/install/carla_msgs/include/carla_msgs/carla_msgs/msg/detail/carla_walker_control__struct.hpp
[24.166s] -- Symlinking: /home/nisanth/carla_ros_ws/install/carla_msgs/include/carla_msgs/carla_msgs/msg/detail/carla_walker_control__traits.hpp
[24.177s] -- Symlinking: /home/nisanth/carla_ros_ws/install/carla_msgs/include/carla_msgs/carla_msgs/msg/detail/carla_walker_control__type_support.hpp
[24.188s] -- Symlinking: /home/nisanth/carla_ros_ws/install/carla_msgs/include/carla_msgs/carla_msgs/msg/detail/carla_weather_parameters__builder.hpp
[24.198s] -- Symlinking: /home/nisanth/carla_ros_ws/install/carla_msgs/include/carla_msgs/carla_msgs/msg/detail/carla_weather_parameters__struct.hpp
[24.210s] -- Symlinking: /home/nisanth/carla_ros_ws/install/carla_msgs/include/carla_msgs/carla_msgs/msg/detail/carla_weather_parameters__traits.hpp
[24.221s] -- Symlinking: /home/nisanth/carla_ros_ws/install/carla_msgs/include/carla_msgs/carla_msgs/msg/detail/carla_weather_parameters__type_support.hpp
[24.232s] -- Symlinking: /home/nisanth/carla_ros_ws/install/carla_msgs/include/carla_msgs/carla_msgs/msg/detail/carla_world_info__builder.hpp
[24.243s] -- Symlinking: /home/nisanth/carla_ros_ws/install/carla_msgs/include/carla_msgs/carla_msgs/msg/detail/carla_world_info__struct.hpp
[24.254s] -- Symlinking: /home/nisanth/carla_ros_ws/install/carla_msgs/include/carla_msgs/carla_msgs/msg/detail/carla_world_info__traits.hpp
[24.266s] -- Symlinking: /home/nisanth/carla_ros_ws/install/carla_msgs/include/carla_msgs/carla_msgs/msg/detail/carla_world_info__type_support.hpp
[24.278s] -- Symlinking: /home/nisanth/carla_ros_ws/install/carla_msgs/include/carla_msgs/carla_msgs/msg/rosidl_generator_cpp__visibility_control.hpp
[24.289s] -- Symlinking: /home/nisanth/carla_ros_ws/install/carla_msgs/include/carla_msgs/carla_msgs/srv/destroy_object.hpp
[24.300s] -- Symlinking: /home/nisanth/carla_ros_ws/install/carla_msgs/include/carla_msgs/carla_msgs/srv/detail/destroy_object__builder.hpp
[24.310s] -- Symlinking: /home/nisanth/carla_ros_ws/install/carla_msgs/include/carla_msgs/carla_msgs/srv/detail/destroy_object__struct.hpp
[24.321s] -- Symlinking: /home/nisanth/carla_ros_ws/install/carla_msgs/include/carla_msgs/carla_msgs/srv/detail/destroy_object__traits.hpp
[24.332s] -- Symlinking: /home/nisanth/carla_ros_ws/install/carla_msgs/include/carla_msgs/carla_msgs/srv/detail/destroy_object__type_support.hpp
[24.343s] -- Symlinking: /home/nisanth/carla_ros_ws/install/carla_msgs/include/carla_msgs/carla_msgs/srv/detail/get_blueprints__builder.hpp
[24.354s] -- Symlinking: /home/nisanth/carla_ros_ws/install/carla_msgs/include/carla_msgs/carla_msgs/srv/detail/get_blueprints__struct.hpp
[24.366s] -- Symlinking: /home/nisanth/carla_ros_ws/install/carla_msgs/include/carla_msgs/carla_msgs/srv/detail/get_blueprints__traits.hpp
[24.376s] -- Symlinking: /home/nisanth/carla_ros_ws/install/carla_msgs/include/carla_msgs/carla_msgs/srv/detail/get_blueprints__type_support.hpp
[24.387s] -- Symlinking: /home/nisanth/carla_ros_ws/install/carla_msgs/include/carla_msgs/carla_msgs/srv/detail/spawn_object__builder.hpp
[24.398s] -- Symlinking: /home/nisanth/carla_ros_ws/install/carla_msgs/include/carla_msgs/carla_msgs/srv/detail/spawn_object__struct.hpp
[24.409s] -- Symlinking: /home/nisanth/carla_ros_ws/install/carla_msgs/include/carla_msgs/carla_msgs/srv/detail/spawn_object__traits.hpp
[24.420s] -- Symlinking: /home/nisanth/carla_ros_ws/install/carla_msgs/include/carla_msgs/carla_msgs/srv/detail/spawn_object__type_support.hpp
[24.432s] -- Symlinking: /home/nisanth/carla_ros_ws/install/carla_msgs/include/carla_msgs/carla_msgs/srv/get_blueprints.hpp
[24.443s] -- Symlinking: /home/nisanth/carla_ros_ws/install/carla_msgs/include/carla_msgs/carla_msgs/srv/spawn_object.hpp
[24.455s] -- Symlinking: /home/nisanth/carla_ros_ws/install/carla_msgs/include/carla_msgs/carla_msgs/msg/detail/carla_actor_info__rosidl_typesupport_fastrtps_cpp.hpp
[24.468s] -- Symlinking: /home/nisanth/carla_ros_ws/install/carla_msgs/include/carla_msgs/carla_msgs/msg/detail/carla_actor_list__rosidl_typesupport_fastrtps_cpp.hpp
[24.479s] -- Symlinking: /home/nisanth/carla_ros_ws/install/carla_msgs/include/carla_msgs/carla_msgs/msg/detail/carla_bounding_box__rosidl_typesupport_fastrtps_cpp.hpp
[24.490s] -- Symlinking: /home/nisanth/carla_ros_ws/install/carla_msgs/include/carla_msgs/carla_msgs/msg/detail/carla_collision_event__rosidl_typesupport_fastrtps_cpp.hpp
[24.502s] -- Symlinking: /home/nisanth/carla_ros_ws/install/carla_msgs/include/carla_msgs/carla_msgs/msg/detail/carla_control__rosidl_typesupport_fastrtps_cpp.hpp
[24.512s] -- Symlinking: /home/nisanth/carla_ros_ws/install/carla_msgs/include/carla_msgs/carla_msgs/msg/detail/carla_ego_vehicle_control__rosidl_typesupport_fastrtps_cpp.hpp
[24.523s] -- Symlinking: /home/nisanth/carla_ros_ws/install/carla_msgs/include/carla_msgs/carla_msgs/msg/detail/carla_ego_vehicle_info__rosidl_typesupport_fastrtps_cpp.hpp
[24.534s] -- Symlinking: /home/nisanth/carla_ros_ws/install/carla_msgs/include/carla_msgs/carla_msgs/msg/detail/carla_ego_vehicle_info_wheel__rosidl_typesupport_fastrtps_cpp.hpp
[24.545s] -- Symlinking: /home/nisanth/carla_ros_ws/install/carla_msgs/include/carla_msgs/carla_msgs/msg/detail/carla_ego_vehicle_status__rosidl_typesupport_fastrtps_cpp.hpp
[24.556s] -- Symlinking: /home/nisanth/carla_ros_ws/install/carla_msgs/include/carla_msgs/carla_msgs/msg/detail/carla_lane_invasion_event__rosidl_typesupport_fastrtps_cpp.hpp
[24.567s] -- Symlinking: /home/nisanth/carla_ros_ws/install/carla_msgs/include/carla_msgs/carla_msgs/msg/detail/carla_status__rosidl_typesupport_fastrtps_cpp.hpp
[24.578s] -- Symlinking: /home/nisanth/carla_ros_ws/install/carla_msgs/include/carla_msgs/carla_msgs/msg/detail/carla_traffic_light_info__rosidl_typesupport_fastrtps_cpp.hpp
[24.589s] -- Symlinking: /home/nisanth/carla_ros_ws/install/carla_msgs/include/carla_msgs/carla_msgs/msg/detail/carla_traffic_light_info_list__rosidl_typesupport_fastrtps_cpp.hpp
[24.600s] -- Symlinking: /home/nisanth/carla_ros_ws/install/carla_msgs/include/carla_msgs/carla_msgs/msg/detail/carla_traffic_light_status__rosidl_typesupport_fastrtps_cpp.hpp
[24.611s] -- Symlinking: /home/nisanth/carla_ros_ws/install/carla_msgs/include/carla_msgs/carla_msgs/msg/detail/carla_traffic_light_status_list__rosidl_typesupport_fastrtps_cpp.hpp
[24.621s] -- Symlinking: /home/nisanth/carla_ros_ws/install/carla_msgs/include/carla_msgs/carla_msgs/msg/detail/carla_walker_control__rosidl_typesupport_fastrtps_cpp.hpp
[24.632s] -- Symlinking: /home/nisanth/carla_ros_ws/install/carla_msgs/include/carla_msgs/carla_msgs/msg/detail/carla_weather_parameters__rosidl_typesupport_fastrtps_cpp.hpp
[24.642s] -- Symlinking: /home/nisanth/carla_ros_ws/install/carla_msgs/include/carla_msgs/carla_msgs/msg/detail/carla_world_info__rosidl_typesupport_fastrtps_cpp.hpp
[24.653s] -- Symlinking: /home/nisanth/carla_ros_ws/install/carla_msgs/include/carla_msgs/carla_msgs/msg/rosidl_typesupport_fastrtps_cpp__visibility_control.h
[24.664s] -- Symlinking: /home/nisanth/carla_ros_ws/install/carla_msgs/include/carla_msgs/carla_msgs/srv/detail/destroy_object__rosidl_typesupport_fastrtps_cpp.hpp
[24.675s] -- Symlinking: /home/nisanth/carla_ros_ws/install/carla_msgs/include/carla_msgs/carla_msgs/srv/detail/get_blueprints__rosidl_typesupport_fastrtps_cpp.hpp
[24.686s] -- Symlinking: /home/nisanth/carla_ros_ws/install/carla_msgs/include/carla_msgs/carla_msgs/srv/detail/spawn_object__rosidl_typesupport_fastrtps_cpp.hpp
[24.698s] -- Symlinking: /home/nisanth/carla_ros_ws/install/carla_msgs/include/carla_msgs/carla_msgs/msg/detail/carla_actor_info__rosidl_typesupport_introspection_c.h
[24.709s] -- Symlinking: /home/nisanth/carla_ros_ws/install/carla_msgs/include/carla_msgs/carla_msgs/msg/detail/carla_actor_list__rosidl_typesupport_introspection_c.h
[24.719s] -- Symlinking: /home/nisanth/carla_ros_ws/install/carla_msgs/include/carla_msgs/carla_msgs/msg/detail/carla_bounding_box__rosidl_typesupport_introspection_c.h
[24.735s] -- Symlinking: /home/nisanth/carla_ros_ws/install/carla_msgs/include/carla_msgs/carla_msgs/msg/detail/carla_collision_event__rosidl_typesupport_introspection_c.h
[24.747s] -- Symlinking: /home/nisanth/carla_ros_ws/install/carla_msgs/include/carla_msgs/carla_msgs/msg/detail/carla_control__rosidl_typesupport_introspection_c.h
[24.760s] -- Symlinking: /home/nisanth/carla_ros_ws/install/carla_msgs/include/carla_msgs/carla_msgs/msg/detail/carla_ego_vehicle_control__rosidl_typesupport_introspection_c.h
[24.771s] -- Symlinking: /home/nisanth/carla_ros_ws/install/carla_msgs/include/carla_msgs/carla_msgs/msg/detail/carla_ego_vehicle_info__rosidl_typesupport_introspection_c.h
[24.783s] -- Symlinking: /home/nisanth/carla_ros_ws/install/carla_msgs/include/carla_msgs/carla_msgs/msg/detail/carla_ego_vehicle_info_wheel__rosidl_typesupport_introspection_c.h
[24.794s] -- Symlinking: /home/nisanth/carla_ros_ws/install/carla_msgs/include/carla_msgs/carla_msgs/msg/detail/carla_ego_vehicle_status__rosidl_typesupport_introspection_c.h
[24.805s] -- Symlinking: /home/nisanth/carla_ros_ws/install/carla_msgs/include/carla_msgs/carla_msgs/msg/detail/carla_lane_invasion_event__rosidl_typesupport_introspection_c.h
[24.816s] -- Symlinking: /home/nisanth/carla_ros_ws/install/carla_msgs/include/carla_msgs/carla_msgs/msg/detail/carla_status__rosidl_typesupport_introspection_c.h
[24.827s] -- Symlinking: /home/nisanth/carla_ros_ws/install/carla_msgs/include/carla_msgs/carla_msgs/msg/detail/carla_traffic_light_info__rosidl_typesupport_introspection_c.h
[24.837s] -- Symlinking: /home/nisanth/carla_ros_ws/install/carla_msgs/include/carla_msgs/carla_msgs/msg/detail/carla_traffic_light_info_list__rosidl_typesupport_introspection_c.h
[24.848s] -- Symlinking: /home/nisanth/carla_ros_ws/install/carla_msgs/include/carla_msgs/carla_msgs/msg/detail/carla_traffic_light_status__rosidl_typesupport_introspection_c.h
[24.859s] -- Symlinking: /home/nisanth/carla_ros_ws/install/carla_msgs/include/carla_msgs/carla_msgs/msg/detail/carla_traffic_light_status_list__rosidl_typesupport_introspection_c.h
[24.871s] -- Symlinking: /home/nisanth/carla_ros_ws/install/carla_msgs/include/carla_msgs/carla_msgs/msg/detail/carla_walker_control__rosidl_typesupport_introspection_c.h
[24.883s] -- Symlinking: /home/nisanth/carla_ros_ws/install/carla_msgs/include/carla_msgs/carla_msgs/msg/detail/carla_weather_parameters__rosidl_typesupport_introspection_c.h
[24.894s] -- Symlinking: /home/nisanth/carla_ros_ws/install/carla_msgs/include/carla_msgs/carla_msgs/msg/detail/carla_world_info__rosidl_typesupport_introspection_c.h
[24.905s] -- Symlinking: /home/nisanth/carla_ros_ws/install/carla_msgs/include/carla_msgs/carla_msgs/msg/rosidl_typesupport_introspection_c__visibility_control.h
[24.916s] -- Symlinking: /home/nisanth/carla_ros_ws/install/carla_msgs/include/carla_msgs/carla_msgs/srv/detail/destroy_object__rosidl_typesupport_introspection_c.h
[24.927s] -- Symlinking: /home/nisanth/carla_ros_ws/install/carla_msgs/include/carla_msgs/carla_msgs/srv/detail/get_blueprints__rosidl_typesupport_introspection_c.h
[24.937s] -- Symlinking: /home/nisanth/carla_ros_ws/install/carla_msgs/include/carla_msgs/carla_msgs/srv/detail/spawn_object__rosidl_typesupport_introspection_c.h
[24.949s] -- Symlinking: /home/nisanth/carla_ros_ws/install/carla_msgs/include/carla_msgs/carla_msgs/msg/detail/carla_actor_info__rosidl_typesupport_introspection_cpp.hpp
[24.960s] -- Symlinking: /home/nisanth/carla_ros_ws/install/carla_msgs/include/carla_msgs/carla_msgs/msg/detail/carla_actor_list__rosidl_typesupport_introspection_cpp.hpp
[24.971s] -- Symlinking: /home/nisanth/carla_ros_ws/install/carla_msgs/include/carla_msgs/carla_msgs/msg/detail/carla_bounding_box__rosidl_typesupport_introspection_cpp.hpp
[24.981s] -- Symlinking: /home/nisanth/carla_ros_ws/install/carla_msgs/include/carla_msgs/carla_msgs/msg/detail/carla_collision_event__rosidl_typesupport_introspection_cpp.hpp
[24.994s] -- Symlinking: /home/nisanth/carla_ros_ws/install/carla_msgs/include/carla_msgs/carla_msgs/msg/detail/carla_control__rosidl_typesupport_introspection_cpp.hpp
[25.005s] -- Symlinking: /home/nisanth/carla_ros_ws/install/carla_msgs/include/carla_msgs/carla_msgs/msg/detail/carla_ego_vehicle_control__rosidl_typesupport_introspection_cpp.hpp
[25.016s] -- Symlinking: /home/nisanth/carla_ros_ws/install/carla_msgs/include/carla_msgs/carla_msgs/msg/detail/carla_ego_vehicle_info__rosidl_typesupport_introspection_cpp.hpp
[25.027s] -- Symlinking: /home/nisanth/carla_ros_ws/install/carla_msgs/include/carla_msgs/carla_msgs/msg/detail/carla_ego_vehicle_info_wheel__rosidl_typesupport_introspection_cpp.hpp
[25.038s] -- Symlinking: /home/nisanth/carla_ros_ws/install/carla_msgs/include/carla_msgs/carla_msgs/msg/detail/carla_ego_vehicle_status__rosidl_typesupport_introspection_cpp.hpp
[25.049s] -- Symlinking: /home/nisanth/carla_ros_ws/install/carla_msgs/include/carla_msgs/carla_msgs/msg/detail/carla_lane_invasion_event__rosidl_typesupport_introspection_cpp.hpp
[25.061s] -- Symlinking: /home/nisanth/carla_ros_ws/install/carla_msgs/include/carla_msgs/carla_msgs/msg/detail/carla_status__rosidl_typesupport_introspection_cpp.hpp
[25.072s] -- Symlinking: /home/nisanth/carla_ros_ws/install/carla_msgs/include/carla_msgs/carla_msgs/msg/detail/carla_traffic_light_info__rosidl_typesupport_introspection_cpp.hpp
[25.083s] -- Symlinking: /home/nisanth/carla_ros_ws/install/carla_msgs/include/carla_msgs/carla_msgs/msg/detail/carla_traffic_light_info_list__rosidl_typesupport_introspection_cpp.hpp
[25.094s] -- Symlinking: /home/nisanth/carla_ros_ws/install/carla_msgs/include/carla_msgs/carla_msgs/msg/detail/carla_traffic_light_status__rosidl_typesupport_introspection_cpp.hpp
[25.104s] -- Symlinking: /home/nisanth/carla_ros_ws/install/carla_msgs/include/carla_msgs/carla_msgs/msg/detail/carla_traffic_light_status_list__rosidl_typesupport_introspection_cpp.hpp
[25.115s] -- Symlinking: /home/nisanth/carla_ros_ws/install/carla_msgs/include/carla_msgs/carla_msgs/msg/detail/carla_walker_control__rosidl_typesupport_introspection_cpp.hpp
[25.126s] -- Symlinking: /home/nisanth/carla_ros_ws/install/carla_msgs/include/carla_msgs/carla_msgs/msg/detail/carla_weather_parameters__rosidl_typesupport_introspection_cpp.hpp
[25.137s] -- Symlinking: /home/nisanth/carla_ros_ws/install/carla_msgs/include/carla_msgs/carla_msgs/msg/detail/carla_world_info__rosidl_typesupport_introspection_cpp.hpp
[25.147s] -- Symlinking: /home/nisanth/carla_ros_ws/install/carla_msgs/include/carla_msgs/carla_msgs/srv/detail/destroy_object__rosidl_typesupport_introspection_cpp.hpp
[25.159s] -- Symlinking: /home/nisanth/carla_ros_ws/install/carla_msgs/include/carla_msgs/carla_msgs/srv/detail/get_blueprints__rosidl_typesupport_introspection_cpp.hpp
[25.170s] -- Symlinking: /home/nisanth/carla_ros_ws/install/carla_msgs/include/carla_msgs/carla_msgs/srv/detail/spawn_object__rosidl_typesupport_introspection_cpp.hpp
[25.181s] -- Symlinking: /home/nisanth/carla_ros_ws/install/carla_msgs/share/carla_msgs/environment/pythonpath.sh
[25.192s] -- Symlinking: /home/nisanth/carla_ros_ws/install/carla_msgs/share/carla_msgs/environment/pythonpath.dsv
[25.205s] -- Symlinking: /home/nisanth/carla_ros_ws/install/carla_msgs/local/lib/python3.10/dist-packages/carla_msgs-1.3.0-py3.10.egg-info/PKG-INFO
[25.216s] -- Symlinking: /home/nisanth/carla_ros_ws/install/carla_msgs/local/lib/python3.10/dist-packages/carla_msgs-1.3.0-py3.10.egg-info/SOURCES.txt
[25.227s] -- Symlinking: /home/nisanth/carla_ros_ws/install/carla_msgs/local/lib/python3.10/dist-packages/carla_msgs-1.3.0-py3.10.egg-info/dependency_links.txt
[25.237s] -- Symlinking: /home/nisanth/carla_ros_ws/install/carla_msgs/local/lib/python3.10/dist-packages/carla_msgs-1.3.0-py3.10.egg-info/top_level.txt
[25.250s] -- Symlinking: /home/nisanth/carla_ros_ws/install/carla_msgs/local/lib/python3.10/dist-packages/carla_msgs/__init__.py
[25.261s] -- Symlinking: /home/nisanth/carla_ros_ws/install/carla_msgs/local/lib/python3.10/dist-packages/carla_msgs/_carla_msgs_s.ep.rosidl_typesupport_c.c
[25.272s] -- Symlinking: /home/nisanth/carla_ros_ws/install/carla_msgs/local/lib/python3.10/dist-packages/carla_msgs/_carla_msgs_s.ep.rosidl_typesupport_fastrtps_c.c
[25.283s] -- Symlinking: /home/nisanth/carla_ros_ws/install/carla_msgs/local/lib/python3.10/dist-packages/carla_msgs/_carla_msgs_s.ep.rosidl_typesupport_introspection_c.c
[25.294s] -- Symlinking: /home/nisanth/carla_ros_ws/install/carla_msgs/local/lib/python3.10/dist-packages/carla_msgs/carla_msgs_s__rosidl_typesupport_c.cpython-310-x86_64-linux-gnu.so
[25.305s] -- Symlinking: /home/nisanth/carla_ros_ws/install/carla_msgs/local/lib/python3.10/dist-packages/carla_msgs/carla_msgs_s__rosidl_typesupport_fastrtps_c.cpython-310-x86_64-linux-gnu.so
[25.316s] -- Symlinking: /home/nisanth/carla_ros_ws/install/carla_msgs/local/lib/python3.10/dist-packages/carla_msgs/carla_msgs_s__rosidl_typesupport_introspection_c.cpython-310-x86_64-linux-gnu.so
[25.327s] -- Symlinking: /home/nisanth/carla_ros_ws/install/carla_msgs/local/lib/python3.10/dist-packages/carla_msgs/libcarla_msgs__rosidl_generator_py.so
[25.339s] -- Symlinking: /home/nisanth/carla_ros_ws/install/carla_msgs/local/lib/python3.10/dist-packages/carla_msgs/msg/__init__.py
[25.350s] -- Symlinking: /home/nisanth/carla_ros_ws/install/carla_msgs/local/lib/python3.10/dist-packages/carla_msgs/msg/_carla_actor_info.py
[25.361s] -- Symlinking: /home/nisanth/carla_ros_ws/install/carla_msgs/local/lib/python3.10/dist-packages/carla_msgs/msg/_carla_actor_info_s.c
[25.372s] -- Symlinking: /home/nisanth/carla_ros_ws/install/carla_msgs/local/lib/python3.10/dist-packages/carla_msgs/msg/_carla_actor_list.py
[25.383s] -- Symlinking: /home/nisanth/carla_ros_ws/install/carla_msgs/local/lib/python3.10/dist-packages/carla_msgs/msg/_carla_actor_list_s.c
[25.394s] -- Symlinking: /home/nisanth/carla_ros_ws/install/carla_msgs/local/lib/python3.10/dist-packages/carla_msgs/msg/_carla_bounding_box.py
[25.405s] -- Symlinking: /home/nisanth/carla_ros_ws/install/carla_msgs/local/lib/python3.10/dist-packages/carla_msgs/msg/_carla_bounding_box_s.c
[25.416s] -- Symlinking: /home/nisanth/carla_ros_ws/install/carla_msgs/local/lib/python3.10/dist-packages/carla_msgs/msg/_carla_collision_event.py
[25.427s] -- Symlinking: /home/nisanth/carla_ros_ws/install/carla_msgs/local/lib/python3.10/dist-packages/carla_msgs/msg/_carla_collision_event_s.c
[25.438s] -- Symlinking: /home/nisanth/carla_ros_ws/install/carla_msgs/local/lib/python3.10/dist-packages/carla_msgs/msg/_carla_control.py
[25.449s] -- Symlinking: /home/nisanth/carla_ros_ws/install/carla_msgs/local/lib/python3.10/dist-packages/carla_msgs/msg/_carla_control_s.c
[25.460s] -- Symlinking: /home/nisanth/carla_ros_ws/install/carla_msgs/local/lib/python3.10/dist-packages/carla_msgs/msg/_carla_ego_vehicle_control.py
[25.471s] -- Symlinking: /home/nisanth/carla_ros_ws/install/carla_msgs/local/lib/python3.10/dist-packages/carla_msgs/msg/_carla_ego_vehicle_control_s.c
[25.482s] -- Symlinking: /home/nisanth/carla_ros_ws/install/carla_msgs/local/lib/python3.10/dist-packages/carla_msgs/msg/_carla_ego_vehicle_info.py
[25.493s] -- Symlinking: /home/nisanth/carla_ros_ws/install/carla_msgs/local/lib/python3.10/dist-packages/carla_msgs/msg/_carla_ego_vehicle_info_s.c
[25.505s] -- Symlinking: /home/nisanth/carla_ros_ws/install/carla_msgs/local/lib/python3.10/dist-packages/carla_msgs/msg/_carla_ego_vehicle_info_wheel.py
[25.516s] -- Symlinking: /home/nisanth/carla_ros_ws/install/carla_msgs/local/lib/python3.10/dist-packages/carla_msgs/msg/_carla_ego_vehicle_info_wheel_s.c
[25.527s] -- Symlinking: /home/nisanth/carla_ros_ws/install/carla_msgs/local/lib/python3.10/dist-packages/carla_msgs/msg/_carla_ego_vehicle_status.py
[25.538s] -- Symlinking: /home/nisanth/carla_ros_ws/install/carla_msgs/local/lib/python3.10/dist-packages/carla_msgs/msg/_carla_ego_vehicle_status_s.c
[25.549s] -- Symlinking: /home/nisanth/carla_ros_ws/install/carla_msgs/local/lib/python3.10/dist-packages/carla_msgs/msg/_carla_lane_invasion_event.py
[25.561s] -- Symlinking: /home/nisanth/carla_ros_ws/install/carla_msgs/local/lib/python3.10/dist-packages/carla_msgs/msg/_carla_lane_invasion_event_s.c
[25.572s] -- Symlinking: /home/nisanth/carla_ros_ws/install/carla_msgs/local/lib/python3.10/dist-packages/carla_msgs/msg/_carla_status.py
[25.583s] -- Symlinking: /home/nisanth/carla_ros_ws/install/carla_msgs/local/lib/python3.10/dist-packages/carla_msgs/msg/_carla_status_s.c
[25.594s] -- Symlinking: /home/nisanth/carla_ros_ws/install/carla_msgs/local/lib/python3.10/dist-packages/carla_msgs/msg/_carla_traffic_light_info.py
[25.604s] -- Symlinking: /home/nisanth/carla_ros_ws/install/carla_msgs/local/lib/python3.10/dist-packages/carla_msgs/msg/_carla_traffic_light_info_list.py
[25.615s] -- Symlinking: /home/nisanth/carla_ros_ws/install/carla_msgs/local/lib/python3.10/dist-packages/carla_msgs/msg/_carla_traffic_light_info_list_s.c
[25.626s] -- Symlinking: /home/nisanth/carla_ros_ws/install/carla_msgs/local/lib/python3.10/dist-packages/carla_msgs/msg/_carla_traffic_light_info_s.c
[25.636s] -- Symlinking: /home/nisanth/carla_ros_ws/install/carla_msgs/local/lib/python3.10/dist-packages/carla_msgs/msg/_carla_traffic_light_status.py
[25.647s] -- Symlinking: /home/nisanth/carla_ros_ws/install/carla_msgs/local/lib/python3.10/dist-packages/carla_msgs/msg/_carla_traffic_light_status_list.py
[25.658s] -- Symlinking: /home/nisanth/carla_ros_ws/install/carla_msgs/local/lib/python3.10/dist-packages/carla_msgs/msg/_carla_traffic_light_status_list_s.c
[25.669s] -- Symlinking: /home/nisanth/carla_ros_ws/install/carla_msgs/local/lib/python3.10/dist-packages/carla_msgs/msg/_carla_traffic_light_status_s.c
[25.679s] -- Symlinking: /home/nisanth/carla_ros_ws/install/carla_msgs/local/lib/python3.10/dist-packages/carla_msgs/msg/_carla_walker_control.py
[25.690s] -- Symlinking: /home/nisanth/carla_ros_ws/install/carla_msgs/local/lib/python3.10/dist-packages/carla_msgs/msg/_carla_walker_control_s.c
[25.701s] -- Symlinking: /home/nisanth/carla_ros_ws/install/carla_msgs/local/lib/python3.10/dist-packages/carla_msgs/msg/_carla_weather_parameters.py
[25.714s] -- Symlinking: /home/nisanth/carla_ros_ws/install/carla_msgs/local/lib/python3.10/dist-packages/carla_msgs/msg/_carla_weather_parameters_s.c
[25.725s] -- Symlinking: /home/nisanth/carla_ros_ws/install/carla_msgs/local/lib/python3.10/dist-packages/carla_msgs/msg/_carla_world_info.py
[25.736s] -- Symlinking: /home/nisanth/carla_ros_ws/install/carla_msgs/local/lib/python3.10/dist-packages/carla_msgs/msg/_carla_world_info_s.c
[25.747s] -- Symlinking: /home/nisanth/carla_ros_ws/install/carla_msgs/local/lib/python3.10/dist-packages/carla_msgs/srv/__init__.py
[25.758s] -- Symlinking: /home/nisanth/carla_ros_ws/install/carla_msgs/local/lib/python3.10/dist-packages/carla_msgs/srv/_destroy_object.py
[25.769s] -- Symlinking: /home/nisanth/carla_ros_ws/install/carla_msgs/local/lib/python3.10/dist-packages/carla_msgs/srv/_destroy_object_s.c
[25.780s] -- Symlinking: /home/nisanth/carla_ros_ws/install/carla_msgs/local/lib/python3.10/dist-packages/carla_msgs/srv/_get_blueprints.py
[25.791s] -- Symlinking: /home/nisanth/carla_ros_ws/install/carla_msgs/local/lib/python3.10/dist-packages/carla_msgs/srv/_get_blueprints_s.c
[25.802s] -- Symlinking: /home/nisanth/carla_ros_ws/install/carla_msgs/local/lib/python3.10/dist-packages/carla_msgs/srv/_spawn_object.py
[25.813s] -- Symlinking: /home/nisanth/carla_ros_ws/install/carla_msgs/local/lib/python3.10/dist-packages/carla_msgs/srv/_spawn_object_s.c
[25.825s] -- Up-to-date symlink: /home/nisanth/carla_ros_ws/install/carla_msgs/local/lib/python3.10/dist-packages/carla_msgs/carla_msgs_s__rosidl_typesupport_fastrtps_c.cpython-310-x86_64-linux-gnu.so
[25.825s] -- Up-to-date symlink: /home/nisanth/carla_ros_ws/install/carla_msgs/local/lib/python3.10/dist-packages/carla_msgs/carla_msgs_s__rosidl_typesupport_introspection_c.cpython-310-x86_64-linux-gnu.so
[25.825s] -- Up-to-date symlink: /home/nisanth/carla_ros_ws/install/carla_msgs/local/lib/python3.10/dist-packages/carla_msgs/carla_msgs_s__rosidl_typesupport_c.cpython-310-x86_64-linux-gnu.so
[25.826s] -- Symlinking: /home/nisanth/carla_ros_ws/install/carla_msgs/share/carla_msgs/msg/CarlaBoundingBox.idl
[25.836s] -- Symlinking: /home/nisanth/carla_ros_ws/install/carla_msgs/share/carla_msgs/msg/CarlaEgoVehicleControl.idl
[25.848s] -- Symlinking: /home/nisanth/carla_ros_ws/install/carla_msgs/share/carla_msgs/msg/CarlaEgoVehicleStatus.idl
[25.858s] -- Symlinking: /home/nisanth/carla_ros_ws/install/carla_msgs/share/carla_msgs/msg/CarlaEgoVehicleInfoWheel.idl
[25.870s] -- Symlinking: /home/nisanth/carla_ros_ws/install/carla_msgs/share/carla_msgs/msg/CarlaEgoVehicleInfo.idl
[25.881s] -- Symlinking: /home/nisanth/carla_ros_ws/install/carla_msgs/share/carla_msgs/msg/CarlaCollisionEvent.idl
[25.892s] -- Symlinking: /home/nisanth/carla_ros_ws/install/carla_msgs/share/carla_msgs/msg/CarlaLaneInvasionEvent.idl
[25.903s] -- Symlinking: /home/nisanth/carla_ros_ws/install/carla_msgs/share/carla_msgs/msg/CarlaWorldInfo.idl
[25.914s] -- Symlinking: /home/nisanth/carla_ros_ws/install/carla_msgs/share/carla_msgs/msg/CarlaActorInfo.idl
[25.925s] -- Symlinking: /home/nisanth/carla_ros_ws/install/carla_msgs/share/carla_msgs/msg/CarlaActorList.idl
[25.938s] -- Symlinking: /home/nisanth/carla_ros_ws/install/carla_msgs/share/carla_msgs/msg/CarlaControl.idl
[25.949s] -- Symlinking: /home/nisanth/carla_ros_ws/install/carla_msgs/share/carla_msgs/msg/CarlaStatus.idl
[25.962s] -- Symlinking: /home/nisanth/carla_ros_ws/install/carla_msgs/share/carla_msgs/msg/CarlaTrafficLightInfo.idl
[25.973s] -- Symlinking: /home/nisanth/carla_ros_ws/install/carla_msgs/share/carla_msgs/msg/CarlaTrafficLightInfoList.idl
[25.984s] -- Symlinking: /home/nisanth/carla_ros_ws/install/carla_msgs/share/carla_msgs/msg/CarlaTrafficLightStatus.idl
[25.995s] -- Symlinking: /home/nisanth/carla_ros_ws/install/carla_msgs/share/carla_msgs/msg/CarlaTrafficLightStatusList.idl
[26.006s] -- Symlinking: /home/nisanth/carla_ros_ws/install/carla_msgs/share/carla_msgs/msg/CarlaWalkerControl.idl
[26.016s] -- Symlinking: /home/nisanth/carla_ros_ws/install/carla_msgs/share/carla_msgs/msg/CarlaWeatherParameters.idl
[26.028s] -- Symlinking: /home/nisanth/carla_ros_ws/install/carla_msgs/share/carla_msgs/srv/SpawnObject.idl
[26.039s] -- Symlinking: /home/nisanth/carla_ros_ws/install/carla_msgs/share/carla_msgs/srv/DestroyObject.idl
[26.050s] -- Symlinking: /home/nisanth/carla_ros_ws/install/carla_msgs/share/carla_msgs/srv/GetBlueprints.idl
[26.061s] -- Symlinking: /home/nisanth/carla_ros_ws/install/carla_msgs/share/carla_msgs/msg/CarlaBoundingBox.msg
[26.073s] -- Symlinking: /home/nisanth/carla_ros_ws/install/carla_msgs/share/carla_msgs/msg/CarlaEgoVehicleControl.msg
[26.084s] -- Symlinking: /home/nisanth/carla_ros_ws/install/carla_msgs/share/carla_msgs/msg/CarlaEgoVehicleStatus.msg
[26.095s] -- Symlinking: /home/nisanth/carla_ros_ws/install/carla_msgs/share/carla_msgs/msg/CarlaEgoVehicleInfoWheel.msg
[26.107s] -- Symlinking: /home/nisanth/carla_ros_ws/install/carla_msgs/share/carla_msgs/msg/CarlaEgoVehicleInfo.msg
[26.118s] -- Symlinking: /home/nisanth/carla_ros_ws/install/carla_msgs/share/carla_msgs/msg/CarlaCollisionEvent.msg
[26.129s] -- Symlinking: /home/nisanth/carla_ros_ws/install/carla_msgs/share/carla_msgs/msg/CarlaLaneInvasionEvent.msg
[26.139s] -- Symlinking: /home/nisanth/carla_ros_ws/install/carla_msgs/share/carla_msgs/msg/CarlaWorldInfo.msg
[26.150s] -- Symlinking: /home/nisanth/carla_ros_ws/install/carla_msgs/share/carla_msgs/msg/CarlaActorInfo.msg
[26.162s] -- Symlinking: /home/nisanth/carla_ros_ws/install/carla_msgs/share/carla_msgs/msg/CarlaActorList.msg
[26.173s] -- Symlinking: /home/nisanth/carla_ros_ws/install/carla_msgs/share/carla_msgs/msg/CarlaControl.msg
[26.184s] -- Symlinking: /home/nisanth/carla_ros_ws/install/carla_msgs/share/carla_msgs/msg/CarlaStatus.msg
[26.195s] -- Symlinking: /home/nisanth/carla_ros_ws/install/carla_msgs/share/carla_msgs/msg/CarlaTrafficLightInfo.msg
[26.206s] -- Symlinking: /home/nisanth/carla_ros_ws/install/carla_msgs/share/carla_msgs/msg/CarlaTrafficLightInfoList.msg
[26.218s] -- Symlinking: /home/nisanth/carla_ros_ws/install/carla_msgs/share/carla_msgs/msg/CarlaTrafficLightStatus.msg
[26.229s] -- Symlinking: /home/nisanth/carla_ros_ws/install/carla_msgs/share/carla_msgs/msg/CarlaTrafficLightStatusList.msg
[26.240s] -- Symlinking: /home/nisanth/carla_ros_ws/install/carla_msgs/share/carla_msgs/msg/CarlaWalkerControl.msg
[26.250s] -- Symlinking: /home/nisanth/carla_ros_ws/install/carla_msgs/share/carla_msgs/msg/CarlaWeatherParameters.msg
[26.261s] -- Symlinking: /home/nisanth/carla_ros_ws/install/carla_msgs/share/carla_msgs/srv/SpawnObject.srv
[26.273s] -- Symlinking: /home/nisanth/carla_ros_ws/install/carla_msgs/share/carla_msgs/srv/SpawnObject_Request.msg
[26.285s] -- Symlinking: /home/nisanth/carla_ros_ws/install/carla_msgs/share/carla_msgs/srv/SpawnObject_Response.msg
[26.297s] -- Symlinking: /home/nisanth/carla_ros_ws/install/carla_msgs/share/carla_msgs/srv/DestroyObject.srv
[26.308s] -- Symlinking: /home/nisanth/carla_ros_ws/install/carla_msgs/share/carla_msgs/srv/DestroyObject_Request.msg
[26.319s] -- Symlinking: /home/nisanth/carla_ros_ws/install/carla_msgs/share/carla_msgs/srv/DestroyObject_Response.msg
[26.331s] -- Symlinking: /home/nisanth/carla_ros_ws/install/carla_msgs/share/carla_msgs/srv/GetBlueprints.srv
[26.342s] -- Symlinking: /home/nisanth/carla_ros_ws/install/carla_msgs/share/carla_msgs/srv/GetBlueprints_Request.msg
[26.353s] -- Symlinking: /home/nisanth/carla_ros_ws/install/carla_msgs/share/carla_msgs/srv/GetBlueprints_Response.msg
[26.366s] -- Symlinking: /home/nisanth/carla_ros_ws/install/carla_msgs/share/ament_index/resource_index/package_run_dependencies/carla_msgs
[26.377s] -- Symlinking: /home/nisanth/carla_ros_ws/install/carla_msgs/share/ament_index/resource_index/parent_prefix_path/carla_msgs
[26.389s] -- Symlinking: /home/nisanth/carla_ros_ws/install/carla_msgs/share/carla_msgs/environment/ament_prefix_path.sh
[26.400s] -- Symlinking: /home/nisanth/carla_ros_ws/install/carla_msgs/share/carla_msgs/environment/ament_prefix_path.dsv
[26.411s] -- Symlinking: /home/nisanth/carla_ros_ws/install/carla_msgs/share/carla_msgs/environment/path.sh
[26.422s] -- Symlinking: /home/nisanth/carla_ros_ws/install/carla_msgs/share/carla_msgs/environment/path.dsv
[26.433s] -- Symlinking: /home/nisanth/carla_ros_ws/install/carla_msgs/share/carla_msgs/local_setup.bash
[26.443s] -- Symlinking: /home/nisanth/carla_ros_ws/install/carla_msgs/share/carla_msgs/local_setup.sh
[26.455s] -- Symlinking: /home/nisanth/carla_ros_ws/install/carla_msgs/share/carla_msgs/local_setup.zsh
[26.466s] -- Symlinking: /home/nisanth/carla_ros_ws/install/carla_msgs/share/carla_msgs/local_setup.dsv
[26.477s] -- Symlinking: /home/nisanth/carla_ros_ws/install/carla_msgs/share/carla_msgs/package.dsv
[26.490s] -- Symlinking: /home/nisanth/carla_ros_ws/install/carla_msgs/share/ament_index/resource_index/packages/carla_msgs
[26.501s] -- Symlinking: /home/nisanth/carla_ros_ws/install/carla_msgs/share/carla_msgs/cmake/rosidl_cmake-extras.cmake
[26.513s] -- Symlinking: /home/nisanth/carla_ros_ws/install/carla_msgs/share/carla_msgs/cmake/ament_cmake_export_dependencies-extras.cmake
[26.524s] -- Symlinking: /home/nisanth/carla_ros_ws/install/carla_msgs/share/carla_msgs/cmake/ament_cmake_export_include_directories-extras.cmake
[26.536s] -- Symlinking: /home/nisanth/carla_ros_ws/install/carla_msgs/share/carla_msgs/cmake/ament_cmake_export_libraries-extras.cmake
[26.547s] -- Symlinking: /home/nisanth/carla_ros_ws/install/carla_msgs/share/carla_msgs/cmake/ament_cmake_export_targets-extras.cmake
[26.559s] -- Symlinking: /home/nisanth/carla_ros_ws/install/carla_msgs/share/carla_msgs/cmake/rosidl_cmake_export_typesupport_targets-extras.cmake
[26.572s] -- Symlinking: /home/nisanth/carla_ros_ws/install/carla_msgs/share/carla_msgs/cmake/rosidl_cmake_export_typesupport_libraries-extras.cmake
[26.582s] -- Symlinking: /home/nisanth/carla_ros_ws/install/carla_msgs/share/carla_msgs/cmake/carla_msgsConfig.cmake
[26.594s] -- Symlinking: /home/nisanth/carla_ros_ws/install/carla_msgs/share/carla_msgs/cmake/carla_msgsConfig-version.cmake
[26.605s] -- Symlinking: /home/nisanth/carla_ros_ws/install/carla_msgs/share/carla_msgs/package.xml
[26.616s] -- Installing: /home/nisanth/carla_ros_ws/install/carla_msgs/lib/libcarla_msgs__rosidl_generator_c.so
[26.617s] -- Set runtime path of "/home/nisanth/carla_ros_ws/install/carla_msgs/lib/libcarla_msgs__rosidl_generator_c.so" to ""
[26.617s] -- Installing: /home/nisanth/carla_ros_ws/install/carla_msgs/lib/libcarla_msgs__rosidl_typesupport_fastrtps_c.so
[26.618s] -- Set runtime path of "/home/nisanth/carla_ros_ws/install/carla_msgs/lib/libcarla_msgs__rosidl_typesupport_fastrtps_c.so" to ""
[26.618s] -- Installing: /home/nisanth/carla_ros_ws/install/carla_msgs/lib/libcarla_msgs__rosidl_typesupport_fastrtps_cpp.so
[26.619s] -- Set runtime path of "/home/nisanth/carla_ros_ws/install/carla_msgs/lib/libcarla_msgs__rosidl_typesupport_fastrtps_cpp.so" to ""
[26.619s] -- Installing: /home/nisanth/carla_ros_ws/install/carla_msgs/lib/libcarla_msgs__rosidl_typesupport_introspection_c.so
[26.620s] -- Set runtime path of "/home/nisanth/carla_ros_ws/install/carla_msgs/lib/libcarla_msgs__rosidl_typesupport_introspection_c.so" to ""
[26.620s] -- Installing: /home/nisanth/carla_ros_ws/install/carla_msgs/lib/libcarla_msgs__rosidl_typesupport_c.so
[26.620s] -- Set runtime path of "/home/nisanth/carla_ros_ws/install/carla_msgs/lib/libcarla_msgs__rosidl_typesupport_c.so" to ""
[26.620s] -- Installing: /home/nisanth/carla_ros_ws/install/carla_msgs/lib/libcarla_msgs__rosidl_typesupport_introspection_cpp.so
[26.621s] -- Set runtime path of "/home/nisanth/carla_ros_ws/install/carla_msgs/lib/libcarla_msgs__rosidl_typesupport_introspection_cpp.so" to ""
[26.621s] -- Installing: /home/nisanth/carla_ros_ws/install/carla_msgs/lib/libcarla_msgs__rosidl_typesupport_cpp.so
[26.622s] -- Set runtime path of "/home/nisanth/carla_ros_ws/install/carla_msgs/lib/libcarla_msgs__rosidl_typesupport_cpp.so" to ""
[26.676s] Listing '/home/nisanth/carla_ros_ws/install/carla_msgs/local/lib/python3.10/dist-packages/carla_msgs'...
[26.677s] Compiling '/home/nisanth/carla_ros_ws/install/carla_msgs/local/lib/python3.10/dist-packages/carla_msgs/__init__.py'...
[26.677s] Listing '/home/nisanth/carla_ros_ws/install/carla_msgs/local/lib/python3.10/dist-packages/carla_msgs/msg'...
[26.677s] Compiling '/home/nisanth/carla_ros_ws/install/carla_msgs/local/lib/python3.10/dist-packages/carla_msgs/msg/__init__.py'...
[26.677s] Compiling '/home/nisanth/carla_ros_ws/install/carla_msgs/local/lib/python3.10/dist-packages/carla_msgs/msg/_carla_actor_info.py'...
[26.677s] Compiling '/home/nisanth/carla_ros_ws/install/carla_msgs/local/lib/python3.10/dist-packages/carla_msgs/msg/_carla_actor_list.py'...
[26.677s] Compiling '/home/nisanth/carla_ros_ws/install/carla_msgs/local/lib/python3.10/dist-packages/carla_msgs/msg/_carla_bounding_box.py'...
[26.677s] Compiling '/home/nisanth/carla_ros_ws/install/carla_msgs/local/lib/python3.10/dist-packages/carla_msgs/msg/_carla_collision_event.py'...
[26.677s] Compiling '/home/nisanth/carla_ros_ws/install/carla_msgs/local/lib/python3.10/dist-packages/carla_msgs/msg/_carla_control.py'...
[26.677s] Compiling '/home/nisanth/carla_ros_ws/install/carla_msgs/local/lib/python3.10/dist-packages/carla_msgs/msg/_carla_ego_vehicle_control.py'...
[26.677s] Compiling '/home/nisanth/carla_ros_ws/install/carla_msgs/local/lib/python3.10/dist-packages/carla_msgs/msg/_carla_ego_vehicle_info.py'...
[26.677s] Compiling '/home/nisanth/carla_ros_ws/install/carla_msgs/local/lib/python3.10/dist-packages/carla_msgs/msg/_carla_ego_vehicle_info_wheel.py'...
[26.677s] Compiling '/home/nisanth/carla_ros_ws/install/carla_msgs/local/lib/python3.10/dist-packages/carla_msgs/msg/_carla_ego_vehicle_status.py'...
[26.677s] Compiling '/home/nisanth/carla_ros_ws/install/carla_msgs/local/lib/python3.10/dist-packages/carla_msgs/msg/_carla_lane_invasion_event.py'...
[26.677s] Compiling '/home/nisanth/carla_ros_ws/install/carla_msgs/local/lib/python3.10/dist-packages/carla_msgs/msg/_carla_status.py'...
[26.677s] Compiling '/home/nisanth/carla_ros_ws/install/carla_msgs/local/lib/python3.10/dist-packages/carla_msgs/msg/_carla_traffic_light_info.py'...
[26.677s] Compiling '/home/nisanth/carla_ros_ws/install/carla_msgs/local/lib/python3.10/dist-packages/carla_msgs/msg/_carla_traffic_light_info_list.py'...
[26.678s] Compiling '/home/nisanth/carla_ros_ws/install/carla_msgs/local/lib/python3.10/dist-packages/carla_msgs/msg/_carla_traffic_light_status.py'...
[26.678s] Compiling '/home/nisanth/carla_ros_ws/install/carla_msgs/local/lib/python3.10/dist-packages/carla_msgs/msg/_carla_traffic_light_status_list.py'...
[26.678s] Compiling '/home/nisanth/carla_ros_ws/install/carla_msgs/local/lib/python3.10/dist-packages/carla_msgs/msg/_carla_walker_control.py'...
[26.678s] Compiling '/home/nisanth/carla_ros_ws/install/carla_msgs/local/lib/python3.10/dist-packages/carla_msgs/msg/_carla_weather_parameters.py'...
[26.678s] Compiling '/home/nisanth/carla_ros_ws/install/carla_msgs/local/lib/python3.10/dist-packages/carla_msgs/msg/_carla_world_info.py'...
[26.678s] Listing '/home/nisanth/carla_ros_ws/install/carla_msgs/local/lib/python3.10/dist-packages/carla_msgs/srv'...
[26.678s] Compiling '/home/nisanth/carla_ros_ws/install/carla_msgs/local/lib/python3.10/dist-packages/carla_msgs/srv/__init__.py'...
[26.678s] Compiling '/home/nisanth/carla_ros_ws/install/carla_msgs/local/lib/python3.10/dist-packages/carla_msgs/srv/_destroy_object.py'...
[26.678s] Compiling '/home/nisanth/carla_ros_ws/install/carla_msgs/local/lib/python3.10/dist-packages/carla_msgs/srv/_get_blueprints.py'...
[26.678s] Compiling '/home/nisanth/carla_ros_ws/install/carla_msgs/local/lib/python3.10/dist-packages/carla_msgs/srv/_spawn_object.py'...
[26.683s] -- Installing: /home/nisanth/carla_ros_ws/install/carla_msgs/lib/libcarla_msgs__rosidl_generator_py.so
[26.684s] -- Set runtime path of "/home/nisanth/carla_ros_ws/install/carla_msgs/lib/libcarla_msgs__rosidl_generator_py.so" to ""
[26.684s] -- Installing: /home/nisanth/carla_ros_ws/install/carla_msgs/share/carla_msgs/cmake/export_carla_msgs__rosidl_generator_cExport.cmake
[26.684s] -- Installing: /home/nisanth/carla_ros_ws/install/carla_msgs/share/carla_msgs/cmake/export_carla_msgs__rosidl_generator_cExport-noconfig.cmake
[26.684s] -- Installing: /home/nisanth/carla_ros_ws/install/carla_msgs/share/carla_msgs/cmake/export_carla_msgs__rosidl_typesupport_fastrtps_cExport.cmake
[26.685s] -- Installing: /home/nisanth/carla_ros_ws/install/carla_msgs/share/carla_msgs/cmake/export_carla_msgs__rosidl_typesupport_fastrtps_cExport-noconfig.cmake
[26.685s] -- Installing: /home/nisanth/carla_ros_ws/install/carla_msgs/share/carla_msgs/cmake/export_carla_msgs__rosidl_generator_cppExport.cmake
[26.685s] -- Installing: /home/nisanth/carla_ros_ws/install/carla_msgs/share/carla_msgs/cmake/export_carla_msgs__rosidl_typesupport_fastrtps_cppExport.cmake
[26.685s] -- Installing: /home/nisanth/carla_ros_ws/install/carla_msgs/share/carla_msgs/cmake/export_carla_msgs__rosidl_typesupport_fastrtps_cppExport-noconfig.cmake
[26.685s] -- Installing: /home/nisanth/carla_ros_ws/install/carla_msgs/share/carla_msgs/cmake/carla_msgs__rosidl_typesupport_introspection_cExport.cmake
[26.686s] -- Installing: /home/nisanth/carla_ros_ws/install/carla_msgs/share/carla_msgs/cmake/carla_msgs__rosidl_typesupport_introspection_cExport-noconfig.cmake
[26.686s] -- Installing: /home/nisanth/carla_ros_ws/install/carla_msgs/share/carla_msgs/cmake/carla_msgs__rosidl_typesupport_cExport.cmake
[26.686s] -- Installing: /home/nisanth/carla_ros_ws/install/carla_msgs/share/carla_msgs/cmake/carla_msgs__rosidl_typesupport_cExport-noconfig.cmake
[26.686s] -- Installing: /home/nisanth/carla_ros_ws/install/carla_msgs/share/carla_msgs/cmake/carla_msgs__rosidl_typesupport_introspection_cppExport.cmake
[26.687s] -- Installing: /home/nisanth/carla_ros_ws/install/carla_msgs/share/carla_msgs/cmake/carla_msgs__rosidl_typesupport_introspection_cppExport-noconfig.cmake
[26.687s] -- Installing: /home/nisanth/carla_ros_ws/install/carla_msgs/share/carla_msgs/cmake/carla_msgs__rosidl_typesupport_cppExport.cmake
[26.687s] -- Installing: /home/nisanth/carla_ros_ws/install/carla_msgs/share/carla_msgs/cmake/carla_msgs__rosidl_typesupport_cppExport-noconfig.cmake
[26.687s] -- Installing: /home/nisanth/carla_ros_ws/install/carla_msgs/share/carla_msgs/cmake/export_carla_msgs__rosidl_generator_pyExport.cmake
[26.688s] -- Installing: /home/nisanth/carla_ros_ws/install/carla_msgs/share/carla_msgs/cmake/export_carla_msgs__rosidl_generator_pyExport-noconfig.cmake
[26.691s] Invoked command in '/home/nisanth/carla_ros_ws/build/carla_msgs' returned '0': CMAKE_PREFIX_PATH=/opt/ros/humble /usr/bin/cmake --install /home/nisanth/carla_ros_ws/build/carla_msgs
