[0.188s] DEBUG:colcon:Command line arguments: ['/usr/bin/colcon', 'build']
[0.188s] DEBUG:colcon:Parsed command line arguments: Namespace(log_base=None, log_level=None, verb_name='build', build_base='build', install_base='install', merge_install=False, symlink_install=False, test_result_base=None, continue_on_error=False, executor='parallel', parallel_workers=12, event_handlers=None, ignore_user_meta=False, metas=['./colcon.meta'], base_paths=['.'], packages_ignore=None, packages_ignore_regex=None, paths=None, packages_up_to=None, packages_up_to_regex=None, packages_above=None, packages_above_and_dependencies=None, packages_above_depth=None, packages_select_by_dep=None, packages_skip_by_dep=None, packages_skip_up_to=None, packages_select_build_failed=False, packages_skip_build_finished=False, packages_select_test_failures=False, packages_skip_test_passed=False, packages_select=None, packages_skip=None, packages_select_regex=None, packages_skip_regex=None, packages_start=None, packages_end=None, allow_overriding=[], cmake_args=None, cmake_target=None, cmake_target_skip_unavailable=False, cmake_clean_cache=False, cmake_clean_first=False, cmake_force_configure=False, ament_cmake_args=None, catkin_cmake_args=None, catkin_skip_building_tests=False, verb_parser=<colcon_defaults.argument_parser.defaults.DefaultArgumentsDecorator object at 0x7f08b9f2b550>, verb_extension=<colcon_core.verb.build.BuildVerb object at 0x7f08b9f2b040>, main=<bound method BuildVerb.main of <colcon_core.verb.build.BuildVerb object at 0x7f08b9f2b040>>)
[0.467s] Level 1:colcon.colcon_core.package_discovery:discover_packages(colcon_meta) check parameters
[0.467s] Level 1:colcon.colcon_core.package_discovery:discover_packages(recursive) check parameters
[0.467s] Level 1:colcon.colcon_core.package_discovery:discover_packages(ignore) check parameters
[0.467s] Level 1:colcon.colcon_core.package_discovery:discover_packages(path) check parameters
[0.467s] Level 1:colcon.colcon_core.package_discovery:discover_packages(colcon_meta) discover
[0.467s] Level 1:colcon.colcon_core.package_discovery:discover_packages(recursive) discover
[0.468s] INFO:colcon.colcon_core.package_discovery:Crawling recursively for packages in '/home/nisanth/carla_ros_ws'
[0.468s] Level 1:colcon.colcon_core.package_identification:_identify(.) by extensions ['ignore', 'ignore_ament_install']
[0.468s] Level 1:colcon.colcon_core.package_identification:_identify(.) by extension 'ignore'
[0.468s] Level 1:colcon.colcon_core.package_identification:_identify(.) by extension 'ignore_ament_install'
[0.468s] Level 1:colcon.colcon_core.package_identification:_identify(.) by extensions ['colcon_pkg']
[0.468s] Level 1:colcon.colcon_core.package_identification:_identify(.) by extension 'colcon_pkg'
[0.468s] Level 1:colcon.colcon_core.package_identification:_identify(.) by extensions ['colcon_meta']
[0.468s] Level 1:colcon.colcon_core.package_identification:_identify(.) by extension 'colcon_meta'
[0.468s] Level 1:colcon.colcon_core.package_identification:_identify(.) by extensions ['ros']
[0.468s] Level 1:colcon.colcon_core.package_identification:_identify(.) by extension 'ros'
[0.477s] Level 1:colcon.colcon_core.package_identification:_identify(.) by extensions ['cmake', 'python']
[0.477s] Level 1:colcon.colcon_core.package_identification:_identify(.) by extension 'cmake'
[0.477s] Level 1:colcon.colcon_core.package_identification:_identify(.) by extension 'python'
[0.477s] Level 1:colcon.colcon_core.package_identification:_identify(.) by extensions ['python_setup_py']
[0.477s] Level 1:colcon.colcon_core.package_identification:_identify(.) by extension 'python_setup_py'
[0.477s] Level 1:colcon.colcon_core.package_identification:_identify(build) by extensions ['ignore', 'ignore_ament_install']
[0.477s] Level 1:colcon.colcon_core.package_identification:_identify(build) by extension 'ignore'
[0.477s] Level 1:colcon.colcon_core.package_identification:_identify(build) ignored
[0.478s] Level 1:colcon.colcon_core.package_identification:_identify(install) by extensions ['ignore', 'ignore_ament_install']
[0.478s] Level 1:colcon.colcon_core.package_identification:_identify(install) by extension 'ignore'
[0.478s] Level 1:colcon.colcon_core.package_identification:_identify(install) ignored
[0.478s] Level 1:colcon.colcon_core.package_identification:_identify(log) by extensions ['ignore', 'ignore_ament_install']
[0.478s] Level 1:colcon.colcon_core.package_identification:_identify(log) by extension 'ignore'
[0.478s] Level 1:colcon.colcon_core.package_identification:_identify(log) ignored
[0.478s] Level 1:colcon.colcon_core.package_identification:_identify(src) by extensions ['ignore', 'ignore_ament_install']
[0.478s] Level 1:colcon.colcon_core.package_identification:_identify(src) by extension 'ignore'
[0.478s] Level 1:colcon.colcon_core.package_identification:_identify(src) by extension 'ignore_ament_install'
[0.478s] Level 1:colcon.colcon_core.package_identification:_identify(src) by extensions ['colcon_pkg']
[0.478s] Level 1:colcon.colcon_core.package_identification:_identify(src) by extension 'colcon_pkg'
[0.478s] Level 1:colcon.colcon_core.package_identification:_identify(src) by extensions ['colcon_meta']
[0.478s] Level 1:colcon.colcon_core.package_identification:_identify(src) by extension 'colcon_meta'
[0.478s] Level 1:colcon.colcon_core.package_identification:_identify(src) by extensions ['ros']
[0.478s] Level 1:colcon.colcon_core.package_identification:_identify(src) by extension 'ros'
[0.478s] Level 1:colcon.colcon_core.package_identification:_identify(src) by extensions ['cmake', 'python']
[0.478s] Level 1:colcon.colcon_core.package_identification:_identify(src) by extension 'cmake'
[0.478s] Level 1:colcon.colcon_core.package_identification:_identify(src) by extension 'python'
[0.478s] Level 1:colcon.colcon_core.package_identification:_identify(src) by extensions ['python_setup_py']
[0.478s] Level 1:colcon.colcon_core.package_identification:_identify(src) by extension 'python_setup_py'
[0.479s] Level 1:colcon.colcon_core.package_identification:_identify(src/av_controller) by extensions ['ignore', 'ignore_ament_install']
[0.479s] Level 1:colcon.colcon_core.package_identification:_identify(src/av_controller) by extension 'ignore'
[0.479s] Level 1:colcon.colcon_core.package_identification:_identify(src/av_controller) by extension 'ignore_ament_install'
[0.479s] Level 1:colcon.colcon_core.package_identification:_identify(src/av_controller) by extensions ['colcon_pkg']
[0.479s] Level 1:colcon.colcon_core.package_identification:_identify(src/av_controller) by extension 'colcon_pkg'
[0.479s] Level 1:colcon.colcon_core.package_identification:_identify(src/av_controller) by extensions ['colcon_meta']
[0.479s] Level 1:colcon.colcon_core.package_identification:_identify(src/av_controller) by extension 'colcon_meta'
[0.479s] Level 1:colcon.colcon_core.package_identification:_identify(src/av_controller) by extensions ['ros']
[0.479s] Level 1:colcon.colcon_core.package_identification:_identify(src/av_controller) by extension 'ros'
[0.482s] DEBUG:colcon.colcon_core.package_identification:Package 'src/av_controller' with type 'ros.ament_python' and name 'av_controller'
[0.482s] Level 1:colcon.colcon_core.package_identification:_identify(src/ros-bridge) by extensions ['ignore', 'ignore_ament_install']
[0.482s] Level 1:colcon.colcon_core.package_identification:_identify(src/ros-bridge) by extension 'ignore'
[0.482s] Level 1:colcon.colcon_core.package_identification:_identify(src/ros-bridge) by extension 'ignore_ament_install'
[0.482s] Level 1:colcon.colcon_core.package_identification:_identify(src/ros-bridge) by extensions ['colcon_pkg']
[0.482s] Level 1:colcon.colcon_core.package_identification:_identify(src/ros-bridge) by extension 'colcon_pkg'
[0.482s] Level 1:colcon.colcon_core.package_identification:_identify(src/ros-bridge) by extensions ['colcon_meta']
[0.482s] Level 1:colcon.colcon_core.package_identification:_identify(src/ros-bridge) by extension 'colcon_meta'
[0.482s] Level 1:colcon.colcon_core.package_identification:_identify(src/ros-bridge) by extensions ['ros']
[0.482s] Level 1:colcon.colcon_core.package_identification:_identify(src/ros-bridge) by extension 'ros'
[0.482s] Level 1:colcon.colcon_core.package_identification:_identify(src/ros-bridge) by extensions ['cmake', 'python']
[0.482s] Level 1:colcon.colcon_core.package_identification:_identify(src/ros-bridge) by extension 'cmake'
[0.482s] Level 1:colcon.colcon_core.package_identification:_identify(src/ros-bridge) by extension 'python'
[0.483s] Level 1:colcon.colcon_core.package_identification:_identify(src/ros-bridge) by extensions ['python_setup_py']
[0.483s] Level 1:colcon.colcon_core.package_identification:_identify(src/ros-bridge) by extension 'python_setup_py'
[0.483s] Level 1:colcon.colcon_core.package_identification:_identify(src/ros-bridge/carla_ackermann_control) by extensions ['ignore', 'ignore_ament_install']
[0.483s] Level 1:colcon.colcon_core.package_identification:_identify(src/ros-bridge/carla_ackermann_control) by extension 'ignore'
[0.483s] Level 1:colcon.colcon_core.package_identification:_identify(src/ros-bridge/carla_ackermann_control) by extension 'ignore_ament_install'
[0.483s] Level 1:colcon.colcon_core.package_identification:_identify(src/ros-bridge/carla_ackermann_control) by extensions ['colcon_pkg']
[0.483s] Level 1:colcon.colcon_core.package_identification:_identify(src/ros-bridge/carla_ackermann_control) by extension 'colcon_pkg'
[0.483s] Level 1:colcon.colcon_core.package_identification:_identify(src/ros-bridge/carla_ackermann_control) by extensions ['colcon_meta']
[0.483s] Level 1:colcon.colcon_core.package_identification:_identify(src/ros-bridge/carla_ackermann_control) by extension 'colcon_meta'
[0.483s] Level 1:colcon.colcon_core.package_identification:_identify(src/ros-bridge/carla_ackermann_control) by extensions ['ros']
[0.483s] Level 1:colcon.colcon_core.package_identification:_identify(src/ros-bridge/carla_ackermann_control) by extension 'ros'
[0.487s] DEBUG:colcon.colcon_core.package_identification:Package 'src/ros-bridge/carla_ackermann_control' with type 'ros.ament_python' and name 'carla_ackermann_control'
[0.487s] Level 1:colcon.colcon_core.package_identification:_identify(src/ros-bridge/carla_ackermann_msgs) by extensions ['ignore', 'ignore_ament_install']
[0.488s] Level 1:colcon.colcon_core.package_identification:_identify(src/ros-bridge/carla_ackermann_msgs) by extension 'ignore'
[0.488s] Level 1:colcon.colcon_core.package_identification:_identify(src/ros-bridge/carla_ackermann_msgs) by extension 'ignore_ament_install'
[0.488s] Level 1:colcon.colcon_core.package_identification:_identify(src/ros-bridge/carla_ackermann_msgs) by extensions ['colcon_pkg']
[0.488s] Level 1:colcon.colcon_core.package_identification:_identify(src/ros-bridge/carla_ackermann_msgs) by extension 'colcon_pkg'
[0.488s] Level 1:colcon.colcon_core.package_identification:_identify(src/ros-bridge/carla_ackermann_msgs) by extensions ['colcon_meta']
[0.488s] Level 1:colcon.colcon_core.package_identification:_identify(src/ros-bridge/carla_ackermann_msgs) by extension 'colcon_meta'
[0.488s] Level 1:colcon.colcon_core.package_identification:_identify(src/ros-bridge/carla_ackermann_msgs) by extensions ['ros']
[0.488s] Level 1:colcon.colcon_core.package_identification:_identify(src/ros-bridge/carla_ackermann_msgs) by extension 'ros'
[0.491s] DEBUG:colcon.colcon_core.package_identification:Package 'src/ros-bridge/carla_ackermann_msgs' with type 'ros.ament_cmake' and name 'carla_ackermann_msgs'
[0.491s] Level 1:colcon.colcon_core.package_identification:_identify(src/ros-bridge/carla_ad_agent) by extensions ['ignore', 'ignore_ament_install']
[0.491s] Level 1:colcon.colcon_core.package_identification:_identify(src/ros-bridge/carla_ad_agent) by extension 'ignore'
[0.491s] Level 1:colcon.colcon_core.package_identification:_identify(src/ros-bridge/carla_ad_agent) by extension 'ignore_ament_install'
[0.491s] Level 1:colcon.colcon_core.package_identification:_identify(src/ros-bridge/carla_ad_agent) by extensions ['colcon_pkg']
[0.491s] Level 1:colcon.colcon_core.package_identification:_identify(src/ros-bridge/carla_ad_agent) by extension 'colcon_pkg'
[0.491s] Level 1:colcon.colcon_core.package_identification:_identify(src/ros-bridge/carla_ad_agent) by extensions ['colcon_meta']
[0.491s] Level 1:colcon.colcon_core.package_identification:_identify(src/ros-bridge/carla_ad_agent) by extension 'colcon_meta'
[0.491s] Level 1:colcon.colcon_core.package_identification:_identify(src/ros-bridge/carla_ad_agent) by extensions ['ros']
[0.491s] Level 1:colcon.colcon_core.package_identification:_identify(src/ros-bridge/carla_ad_agent) by extension 'ros'
[0.500s] DEBUG:colcon.colcon_core.package_identification:Package 'src/ros-bridge/carla_ad_agent' with type 'ros.ament_python' and name 'carla_ad_agent'
[0.501s] Level 1:colcon.colcon_core.package_identification:_identify(src/ros-bridge/carla_ad_demo) by extensions ['ignore', 'ignore_ament_install']
[0.501s] Level 1:colcon.colcon_core.package_identification:_identify(src/ros-bridge/carla_ad_demo) by extension 'ignore'
[0.501s] Level 1:colcon.colcon_core.package_identification:_identify(src/ros-bridge/carla_ad_demo) by extension 'ignore_ament_install'
[0.501s] Level 1:colcon.colcon_core.package_identification:_identify(src/ros-bridge/carla_ad_demo) by extensions ['colcon_pkg']
[0.501s] Level 1:colcon.colcon_core.package_identification:_identify(src/ros-bridge/carla_ad_demo) by extension 'colcon_pkg'
[0.501s] Level 1:colcon.colcon_core.package_identification:_identify(src/ros-bridge/carla_ad_demo) by extensions ['colcon_meta']
[0.501s] Level 1:colcon.colcon_core.package_identification:_identify(src/ros-bridge/carla_ad_demo) by extension 'colcon_meta'
[0.501s] Level 1:colcon.colcon_core.package_identification:_identify(src/ros-bridge/carla_ad_demo) by extensions ['ros']
[0.501s] Level 1:colcon.colcon_core.package_identification:_identify(src/ros-bridge/carla_ad_demo) by extension 'ros'
[0.503s] DEBUG:colcon.colcon_core.package_identification:Package 'src/ros-bridge/carla_ad_demo' with type 'ros.ament_cmake' and name 'carla_ad_demo'
[0.503s] Level 1:colcon.colcon_core.package_identification:_identify(src/ros-bridge/carla_common) by extensions ['ignore', 'ignore_ament_install']
[0.503s] Level 1:colcon.colcon_core.package_identification:_identify(src/ros-bridge/carla_common) by extension 'ignore'
[0.503s] Level 1:colcon.colcon_core.package_identification:_identify(src/ros-bridge/carla_common) by extension 'ignore_ament_install'
[0.503s] Level 1:colcon.colcon_core.package_identification:_identify(src/ros-bridge/carla_common) by extensions ['colcon_pkg']
[0.503s] Level 1:colcon.colcon_core.package_identification:_identify(src/ros-bridge/carla_common) by extension 'colcon_pkg'
[0.503s] Level 1:colcon.colcon_core.package_identification:_identify(src/ros-bridge/carla_common) by extensions ['colcon_meta']
[0.503s] Level 1:colcon.colcon_core.package_identification:_identify(src/ros-bridge/carla_common) by extension 'colcon_meta'
[0.503s] Level 1:colcon.colcon_core.package_identification:_identify(src/ros-bridge/carla_common) by extensions ['ros']
[0.503s] Level 1:colcon.colcon_core.package_identification:_identify(src/ros-bridge/carla_common) by extension 'ros'
[0.504s] DEBUG:colcon.colcon_core.package_identification:Package 'src/ros-bridge/carla_common' with type 'ros.ament_python' and name 'carla_common'
[0.505s] Level 1:colcon.colcon_core.package_identification:_identify(src/ros-bridge/carla_manual_control) by extensions ['ignore', 'ignore_ament_install']
[0.505s] Level 1:colcon.colcon_core.package_identification:_identify(src/ros-bridge/carla_manual_control) by extension 'ignore'
[0.505s] Level 1:colcon.colcon_core.package_identification:_identify(src/ros-bridge/carla_manual_control) by extension 'ignore_ament_install'
[0.505s] Level 1:colcon.colcon_core.package_identification:_identify(src/ros-bridge/carla_manual_control) by extensions ['colcon_pkg']
[0.505s] Level 1:colcon.colcon_core.package_identification:_identify(src/ros-bridge/carla_manual_control) by extension 'colcon_pkg'
[0.505s] Level 1:colcon.colcon_core.package_identification:_identify(src/ros-bridge/carla_manual_control) by extensions ['colcon_meta']
[0.505s] Level 1:colcon.colcon_core.package_identification:_identify(src/ros-bridge/carla_manual_control) by extension 'colcon_meta'
[0.505s] Level 1:colcon.colcon_core.package_identification:_identify(src/ros-bridge/carla_manual_control) by extensions ['ros']
[0.505s] Level 1:colcon.colcon_core.package_identification:_identify(src/ros-bridge/carla_manual_control) by extension 'ros'
[0.507s] DEBUG:colcon.colcon_core.package_identification:Package 'src/ros-bridge/carla_manual_control' with type 'ros.ament_python' and name 'carla_manual_control'
[0.508s] Level 1:colcon.colcon_core.package_identification:_identify(src/ros-bridge/carla_msgs) by extensions ['ignore', 'ignore_ament_install']
[0.508s] Level 1:colcon.colcon_core.package_identification:_identify(src/ros-bridge/carla_msgs) by extension 'ignore'
[0.508s] Level 1:colcon.colcon_core.package_identification:_identify(src/ros-bridge/carla_msgs) by extension 'ignore_ament_install'
[0.508s] Level 1:colcon.colcon_core.package_identification:_identify(src/ros-bridge/carla_msgs) by extensions ['colcon_pkg']
[0.508s] Level 1:colcon.colcon_core.package_identification:_identify(src/ros-bridge/carla_msgs) by extension 'colcon_pkg'
[0.508s] Level 1:colcon.colcon_core.package_identification:_identify(src/ros-bridge/carla_msgs) by extensions ['colcon_meta']
[0.508s] Level 1:colcon.colcon_core.package_identification:_identify(src/ros-bridge/carla_msgs) by extension 'colcon_meta'
[0.509s] Level 1:colcon.colcon_core.package_identification:_identify(src/ros-bridge/carla_msgs) by extensions ['ros']
[0.509s] Level 1:colcon.colcon_core.package_identification:_identify(src/ros-bridge/carla_msgs) by extension 'ros'
[0.511s] DEBUG:colcon.colcon_core.package_identification:Package 'src/ros-bridge/carla_msgs' with type 'ros.ament_cmake' and name 'carla_msgs'
[0.512s] Level 1:colcon.colcon_core.package_identification:_identify(src/ros-bridge/carla_ros_bridge) by extensions ['ignore', 'ignore_ament_install']
[0.512s] Level 1:colcon.colcon_core.package_identification:_identify(src/ros-bridge/carla_ros_bridge) by extension 'ignore'
[0.512s] Level 1:colcon.colcon_core.package_identification:_identify(src/ros-bridge/carla_ros_bridge) by extension 'ignore_ament_install'
[0.512s] Level 1:colcon.colcon_core.package_identification:_identify(src/ros-bridge/carla_ros_bridge) by extensions ['colcon_pkg']
[0.512s] Level 1:colcon.colcon_core.package_identification:_identify(src/ros-bridge/carla_ros_bridge) by extension 'colcon_pkg'
[0.512s] Level 1:colcon.colcon_core.package_identification:_identify(src/ros-bridge/carla_ros_bridge) by extensions ['colcon_meta']
[0.512s] Level 1:colcon.colcon_core.package_identification:_identify(src/ros-bridge/carla_ros_bridge) by extension 'colcon_meta'
[0.512s] Level 1:colcon.colcon_core.package_identification:_identify(src/ros-bridge/carla_ros_bridge) by extensions ['ros']
[0.512s] Level 1:colcon.colcon_core.package_identification:_identify(src/ros-bridge/carla_ros_bridge) by extension 'ros'
[0.515s] DEBUG:colcon.colcon_core.package_identification:Package 'src/ros-bridge/carla_ros_bridge' with type 'ros.ament_python' and name 'carla_ros_bridge'
[0.516s] Level 1:colcon.colcon_core.package_identification:_identify(src/ros-bridge/carla_ros_scenario_runner) by extensions ['ignore', 'ignore_ament_install']
[0.516s] Level 1:colcon.colcon_core.package_identification:_identify(src/ros-bridge/carla_ros_scenario_runner) by extension 'ignore'
[0.516s] Level 1:colcon.colcon_core.package_identification:_identify(src/ros-bridge/carla_ros_scenario_runner) by extension 'ignore_ament_install'
[0.516s] Level 1:colcon.colcon_core.package_identification:_identify(src/ros-bridge/carla_ros_scenario_runner) by extensions ['colcon_pkg']
[0.516s] Level 1:colcon.colcon_core.package_identification:_identify(src/ros-bridge/carla_ros_scenario_runner) by extension 'colcon_pkg'
[0.516s] Level 1:colcon.colcon_core.package_identification:_identify(src/ros-bridge/carla_ros_scenario_runner) by extensions ['colcon_meta']
[0.516s] Level 1:colcon.colcon_core.package_identification:_identify(src/ros-bridge/carla_ros_scenario_runner) by extension 'colcon_meta'
[0.516s] Level 1:colcon.colcon_core.package_identification:_identify(src/ros-bridge/carla_ros_scenario_runner) by extensions ['ros']
[0.516s] Level 1:colcon.colcon_core.package_identification:_identify(src/ros-bridge/carla_ros_scenario_runner) by extension 'ros'
[0.518s] DEBUG:colcon.colcon_core.package_identification:Package 'src/ros-bridge/carla_ros_scenario_runner' with type 'ros.ament_python' and name 'carla_ros_scenario_runner'
[0.519s] Level 1:colcon.colcon_core.package_identification:_identify(src/ros-bridge/carla_ros_scenario_runner_types) by extensions ['ignore', 'ignore_ament_install']
[0.519s] Level 1:colcon.colcon_core.package_identification:_identify(src/ros-bridge/carla_ros_scenario_runner_types) by extension 'ignore'
[0.519s] Level 1:colcon.colcon_core.package_identification:_identify(src/ros-bridge/carla_ros_scenario_runner_types) by extension 'ignore_ament_install'
[0.519s] Level 1:colcon.colcon_core.package_identification:_identify(src/ros-bridge/carla_ros_scenario_runner_types) by extensions ['colcon_pkg']
[0.519s] Level 1:colcon.colcon_core.package_identification:_identify(src/ros-bridge/carla_ros_scenario_runner_types) by extension 'colcon_pkg'
[0.519s] Level 1:colcon.colcon_core.package_identification:_identify(src/ros-bridge/carla_ros_scenario_runner_types) by extensions ['colcon_meta']
[0.519s] Level 1:colcon.colcon_core.package_identification:_identify(src/ros-bridge/carla_ros_scenario_runner_types) by extension 'colcon_meta'
[0.519s] Level 1:colcon.colcon_core.package_identification:_identify(src/ros-bridge/carla_ros_scenario_runner_types) by extensions ['ros']
[0.519s] Level 1:colcon.colcon_core.package_identification:_identify(src/ros-bridge/carla_ros_scenario_runner_types) by extension 'ros'
[0.522s] DEBUG:colcon.colcon_core.package_identification:Package 'src/ros-bridge/carla_ros_scenario_runner_types' with type 'ros.ament_cmake' and name 'carla_ros_scenario_runner_types'
[0.522s] Level 1:colcon.colcon_core.package_identification:_identify(src/ros-bridge/carla_spawn_objects) by extensions ['ignore', 'ignore_ament_install']
[0.522s] Level 1:colcon.colcon_core.package_identification:_identify(src/ros-bridge/carla_spawn_objects) by extension 'ignore'
[0.522s] Level 1:colcon.colcon_core.package_identification:_identify(src/ros-bridge/carla_spawn_objects) by extension 'ignore_ament_install'
[0.522s] Level 1:colcon.colcon_core.package_identification:_identify(src/ros-bridge/carla_spawn_objects) by extensions ['colcon_pkg']
[0.522s] Level 1:colcon.colcon_core.package_identification:_identify(src/ros-bridge/carla_spawn_objects) by extension 'colcon_pkg'
[0.522s] Level 1:colcon.colcon_core.package_identification:_identify(src/ros-bridge/carla_spawn_objects) by extensions ['colcon_meta']
[0.522s] Level 1:colcon.colcon_core.package_identification:_identify(src/ros-bridge/carla_spawn_objects) by extension 'colcon_meta'
[0.522s] Level 1:colcon.colcon_core.package_identification:_identify(src/ros-bridge/carla_spawn_objects) by extensions ['ros']
[0.522s] Level 1:colcon.colcon_core.package_identification:_identify(src/ros-bridge/carla_spawn_objects) by extension 'ros'
[0.525s] DEBUG:colcon.colcon_core.package_identification:Package 'src/ros-bridge/carla_spawn_objects' with type 'ros.ament_python' and name 'carla_spawn_objects'
[0.525s] Level 1:colcon.colcon_core.package_identification:_identify(src/ros-bridge/carla_twist_to_control) by extensions ['ignore', 'ignore_ament_install']
[0.525s] Level 1:colcon.colcon_core.package_identification:_identify(src/ros-bridge/carla_twist_to_control) by extension 'ignore'
[0.525s] Level 1:colcon.colcon_core.package_identification:_identify(src/ros-bridge/carla_twist_to_control) by extension 'ignore_ament_install'
[0.525s] Level 1:colcon.colcon_core.package_identification:_identify(src/ros-bridge/carla_twist_to_control) by extensions ['colcon_pkg']
[0.525s] Level 1:colcon.colcon_core.package_identification:_identify(src/ros-bridge/carla_twist_to_control) by extension 'colcon_pkg'
[0.525s] Level 1:colcon.colcon_core.package_identification:_identify(src/ros-bridge/carla_twist_to_control) by extensions ['colcon_meta']
[0.525s] Level 1:colcon.colcon_core.package_identification:_identify(src/ros-bridge/carla_twist_to_control) by extension 'colcon_meta'
[0.525s] Level 1:colcon.colcon_core.package_identification:_identify(src/ros-bridge/carla_twist_to_control) by extensions ['ros']
[0.525s] Level 1:colcon.colcon_core.package_identification:_identify(src/ros-bridge/carla_twist_to_control) by extension 'ros'
[0.528s] DEBUG:colcon.colcon_core.package_identification:Package 'src/ros-bridge/carla_twist_to_control' with type 'ros.ament_python' and name 'carla_twist_to_control'
[0.528s] Level 1:colcon.colcon_core.package_identification:_identify(src/ros-bridge/carla_walker_agent) by extensions ['ignore', 'ignore_ament_install']
[0.528s] Level 1:colcon.colcon_core.package_identification:_identify(src/ros-bridge/carla_walker_agent) by extension 'ignore'
[0.528s] Level 1:colcon.colcon_core.package_identification:_identify(src/ros-bridge/carla_walker_agent) by extension 'ignore_ament_install'
[0.528s] Level 1:colcon.colcon_core.package_identification:_identify(src/ros-bridge/carla_walker_agent) by extensions ['colcon_pkg']
[0.528s] Level 1:colcon.colcon_core.package_identification:_identify(src/ros-bridge/carla_walker_agent) by extension 'colcon_pkg'
[0.528s] Level 1:colcon.colcon_core.package_identification:_identify(src/ros-bridge/carla_walker_agent) by extensions ['colcon_meta']
[0.528s] Level 1:colcon.colcon_core.package_identification:_identify(src/ros-bridge/carla_walker_agent) by extension 'colcon_meta'
[0.528s] Level 1:colcon.colcon_core.package_identification:_identify(src/ros-bridge/carla_walker_agent) by extensions ['ros']
[0.528s] Level 1:colcon.colcon_core.package_identification:_identify(src/ros-bridge/carla_walker_agent) by extension 'ros'
[0.531s] DEBUG:colcon.colcon_core.package_identification:Package 'src/ros-bridge/carla_walker_agent' with type 'ros.ament_python' and name 'carla_walker_agent'
[0.531s] Level 1:colcon.colcon_core.package_identification:_identify(src/ros-bridge/carla_waypoint_publisher) by extensions ['ignore', 'ignore_ament_install']
[0.531s] Level 1:colcon.colcon_core.package_identification:_identify(src/ros-bridge/carla_waypoint_publisher) by extension 'ignore'
[0.531s] Level 1:colcon.colcon_core.package_identification:_identify(src/ros-bridge/carla_waypoint_publisher) by extension 'ignore_ament_install'
[0.531s] Level 1:colcon.colcon_core.package_identification:_identify(src/ros-bridge/carla_waypoint_publisher) by extensions ['colcon_pkg']
[0.531s] Level 1:colcon.colcon_core.package_identification:_identify(src/ros-bridge/carla_waypoint_publisher) by extension 'colcon_pkg'
[0.531s] Level 1:colcon.colcon_core.package_identification:_identify(src/ros-bridge/carla_waypoint_publisher) by extensions ['colcon_meta']
[0.532s] Level 1:colcon.colcon_core.package_identification:_identify(src/ros-bridge/carla_waypoint_publisher) by extension 'colcon_meta'
[0.532s] Level 1:colcon.colcon_core.package_identification:_identify(src/ros-bridge/carla_waypoint_publisher) by extensions ['ros']
[0.532s] Level 1:colcon.colcon_core.package_identification:_identify(src/ros-bridge/carla_waypoint_publisher) by extension 'ros'
[0.534s] DEBUG:colcon.colcon_core.package_identification:Package 'src/ros-bridge/carla_waypoint_publisher' with type 'ros.ament_python' and name 'carla_waypoint_publisher'
[0.534s] Level 1:colcon.colcon_core.package_identification:_identify(src/ros-bridge/carla_waypoint_types) by extensions ['ignore', 'ignore_ament_install']
[0.534s] Level 1:colcon.colcon_core.package_identification:_identify(src/ros-bridge/carla_waypoint_types) by extension 'ignore'
[0.534s] Level 1:colcon.colcon_core.package_identification:_identify(src/ros-bridge/carla_waypoint_types) by extension 'ignore_ament_install'
[0.534s] Level 1:colcon.colcon_core.package_identification:_identify(src/ros-bridge/carla_waypoint_types) by extensions ['colcon_pkg']
[0.534s] Level 1:colcon.colcon_core.package_identification:_identify(src/ros-bridge/carla_waypoint_types) by extension 'colcon_pkg'
[0.534s] Level 1:colcon.colcon_core.package_identification:_identify(src/ros-bridge/carla_waypoint_types) by extensions ['colcon_meta']
[0.534s] Level 1:colcon.colcon_core.package_identification:_identify(src/ros-bridge/carla_waypoint_types) by extension 'colcon_meta'
[0.534s] Level 1:colcon.colcon_core.package_identification:_identify(src/ros-bridge/carla_waypoint_types) by extensions ['ros']
[0.534s] Level 1:colcon.colcon_core.package_identification:_identify(src/ros-bridge/carla_waypoint_types) by extension 'ros'
[0.536s] DEBUG:colcon.colcon_core.package_identification:Package 'src/ros-bridge/carla_waypoint_types' with type 'ros.ament_cmake' and name 'carla_waypoint_types'
[0.537s] Level 1:colcon.colcon_core.package_identification:_identify(src/ros-bridge/docker) by extensions ['ignore', 'ignore_ament_install']
[0.537s] Level 1:colcon.colcon_core.package_identification:_identify(src/ros-bridge/docker) by extension 'ignore'
[0.537s] Level 1:colcon.colcon_core.package_identification:_identify(src/ros-bridge/docker) by extension 'ignore_ament_install'
[0.537s] Level 1:colcon.colcon_core.package_identification:_identify(src/ros-bridge/docker) by extensions ['colcon_pkg']
[0.537s] Level 1:colcon.colcon_core.package_identification:_identify(src/ros-bridge/docker) by extension 'colcon_pkg'
[0.537s] Level 1:colcon.colcon_core.package_identification:_identify(src/ros-bridge/docker) by extensions ['colcon_meta']
[0.537s] Level 1:colcon.colcon_core.package_identification:_identify(src/ros-bridge/docker) by extension 'colcon_meta'
[0.537s] Level 1:colcon.colcon_core.package_identification:_identify(src/ros-bridge/docker) by extensions ['ros']
[0.537s] Level 1:colcon.colcon_core.package_identification:_identify(src/ros-bridge/docker) by extension 'ros'
[0.537s] Level 1:colcon.colcon_core.package_identification:_identify(src/ros-bridge/docker) by extensions ['cmake', 'python']
[0.537s] Level 1:colcon.colcon_core.package_identification:_identify(src/ros-bridge/docker) by extension 'cmake'
[0.537s] Level 1:colcon.colcon_core.package_identification:_identify(src/ros-bridge/docker) by extension 'python'
[0.537s] Level 1:colcon.colcon_core.package_identification:_identify(src/ros-bridge/docker) by extensions ['python_setup_py']
[0.537s] Level 1:colcon.colcon_core.package_identification:_identify(src/ros-bridge/docker) by extension 'python_setup_py'
[0.538s] Level 1:colcon.colcon_core.package_identification:_identify(src/ros-bridge/docker/content) by extensions ['ignore', 'ignore_ament_install']
[0.538s] Level 1:colcon.colcon_core.package_identification:_identify(src/ros-bridge/docker/content) by extension 'ignore'
[0.538s] Level 1:colcon.colcon_core.package_identification:_identify(src/ros-bridge/docker/content) by extension 'ignore_ament_install'
[0.538s] Level 1:colcon.colcon_core.package_identification:_identify(src/ros-bridge/docker/content) by extensions ['colcon_pkg']
[0.538s] Level 1:colcon.colcon_core.package_identification:_identify(src/ros-bridge/docker/content) by extension 'colcon_pkg'
[0.538s] Level 1:colcon.colcon_core.package_identification:_identify(src/ros-bridge/docker/content) by extensions ['colcon_meta']
[0.538s] Level 1:colcon.colcon_core.package_identification:_identify(src/ros-bridge/docker/content) by extension 'colcon_meta'
[0.538s] Level 1:colcon.colcon_core.package_identification:_identify(src/ros-bridge/docker/content) by extensions ['ros']
[0.538s] Level 1:colcon.colcon_core.package_identification:_identify(src/ros-bridge/docker/content) by extension 'ros'
[0.538s] Level 1:colcon.colcon_core.package_identification:_identify(src/ros-bridge/docker/content) by extensions ['cmake', 'python']
[0.538s] Level 1:colcon.colcon_core.package_identification:_identify(src/ros-bridge/docker/content) by extension 'cmake'
[0.538s] Level 1:colcon.colcon_core.package_identification:_identify(src/ros-bridge/docker/content) by extension 'python'
[0.538s] Level 1:colcon.colcon_core.package_identification:_identify(src/ros-bridge/docker/content) by extensions ['python_setup_py']
[0.538s] Level 1:colcon.colcon_core.package_identification:_identify(src/ros-bridge/docker/content) by extension 'python_setup_py'
[0.538s] Level 1:colcon.colcon_core.package_identification:_identify(src/ros-bridge/docs) by extensions ['ignore', 'ignore_ament_install']
[0.539s] Level 1:colcon.colcon_core.package_identification:_identify(src/ros-bridge/docs) by extension 'ignore'
[0.539s] Level 1:colcon.colcon_core.package_identification:_identify(src/ros-bridge/docs) by extension 'ignore_ament_install'
[0.539s] Level 1:colcon.colcon_core.package_identification:_identify(src/ros-bridge/docs) by extensions ['colcon_pkg']
[0.539s] Level 1:colcon.colcon_core.package_identification:_identify(src/ros-bridge/docs) by extension 'colcon_pkg'
[0.539s] Level 1:colcon.colcon_core.package_identification:_identify(src/ros-bridge/docs) by extensions ['colcon_meta']
[0.539s] Level 1:colcon.colcon_core.package_identification:_identify(src/ros-bridge/docs) by extension 'colcon_meta'
[0.539s] Level 1:colcon.colcon_core.package_identification:_identify(src/ros-bridge/docs) by extensions ['ros']
[0.539s] Level 1:colcon.colcon_core.package_identification:_identify(src/ros-bridge/docs) by extension 'ros'
[0.539s] Level 1:colcon.colcon_core.package_identification:_identify(src/ros-bridge/docs) by extensions ['cmake', 'python']
[0.539s] Level 1:colcon.colcon_core.package_identification:_identify(src/ros-bridge/docs) by extension 'cmake'
[0.539s] Level 1:colcon.colcon_core.package_identification:_identify(src/ros-bridge/docs) by extension 'python'
[0.539s] Level 1:colcon.colcon_core.package_identification:_identify(src/ros-bridge/docs) by extensions ['python_setup_py']
[0.539s] Level 1:colcon.colcon_core.package_identification:_identify(src/ros-bridge/docs) by extension 'python_setup_py'
[0.539s] Level 1:colcon.colcon_core.package_identification:_identify(src/ros-bridge/docs/images) by extensions ['ignore', 'ignore_ament_install']
[0.539s] Level 1:colcon.colcon_core.package_identification:_identify(src/ros-bridge/docs/images) by extension 'ignore'
[0.539s] Level 1:colcon.colcon_core.package_identification:_identify(src/ros-bridge/docs/images) by extension 'ignore_ament_install'
[0.540s] Level 1:colcon.colcon_core.package_identification:_identify(src/ros-bridge/docs/images) by extensions ['colcon_pkg']
[0.540s] Level 1:colcon.colcon_core.package_identification:_identify(src/ros-bridge/docs/images) by extension 'colcon_pkg'
[0.540s] Level 1:colcon.colcon_core.package_identification:_identify(src/ros-bridge/docs/images) by extensions ['colcon_meta']
[0.540s] Level 1:colcon.colcon_core.package_identification:_identify(src/ros-bridge/docs/images) by extension 'colcon_meta'
[0.540s] Level 1:colcon.colcon_core.package_identification:_identify(src/ros-bridge/docs/images) by extensions ['ros']
[0.540s] Level 1:colcon.colcon_core.package_identification:_identify(src/ros-bridge/docs/images) by extension 'ros'
[0.540s] Level 1:colcon.colcon_core.package_identification:_identify(src/ros-bridge/docs/images) by extensions ['cmake', 'python']
[0.540s] Level 1:colcon.colcon_core.package_identification:_identify(src/ros-bridge/docs/images) by extension 'cmake'
[0.540s] Level 1:colcon.colcon_core.package_identification:_identify(src/ros-bridge/docs/images) by extension 'python'
[0.540s] Level 1:colcon.colcon_core.package_identification:_identify(src/ros-bridge/docs/images) by extensions ['python_setup_py']
[0.540s] Level 1:colcon.colcon_core.package_identification:_identify(src/ros-bridge/docs/images) by extension 'python_setup_py'
[0.540s] Level 1:colcon.colcon_core.package_identification:_identify(src/ros-bridge/packaging) by extensions ['ignore', 'ignore_ament_install']
[0.540s] Level 1:colcon.colcon_core.package_identification:_identify(src/ros-bridge/packaging) by extension 'ignore'
[0.540s] Level 1:colcon.colcon_core.package_identification:_identify(src/ros-bridge/packaging) by extension 'ignore_ament_install'
[0.540s] Level 1:colcon.colcon_core.package_identification:_identify(src/ros-bridge/packaging) by extensions ['colcon_pkg']
[0.540s] Level 1:colcon.colcon_core.package_identification:_identify(src/ros-bridge/packaging) by extension 'colcon_pkg'
[0.541s] Level 1:colcon.colcon_core.package_identification:_identify(src/ros-bridge/packaging) by extensions ['colcon_meta']
[0.541s] Level 1:colcon.colcon_core.package_identification:_identify(src/ros-bridge/packaging) by extension 'colcon_meta'
[0.541s] Level 1:colcon.colcon_core.package_identification:_identify(src/ros-bridge/packaging) by extensions ['ros']
[0.541s] Level 1:colcon.colcon_core.package_identification:_identify(src/ros-bridge/packaging) by extension 'ros'
[0.541s] Level 1:colcon.colcon_core.package_identification:_identify(src/ros-bridge/packaging) by extensions ['cmake', 'python']
[0.541s] Level 1:colcon.colcon_core.package_identification:_identify(src/ros-bridge/packaging) by extension 'cmake'
[0.541s] Level 1:colcon.colcon_core.package_identification:_identify(src/ros-bridge/packaging) by extension 'python'
[0.541s] Level 1:colcon.colcon_core.package_identification:_identify(src/ros-bridge/packaging) by extensions ['python_setup_py']
[0.541s] Level 1:colcon.colcon_core.package_identification:_identify(src/ros-bridge/packaging) by extension 'python_setup_py'
[0.541s] Level 1:colcon.colcon_core.package_identification:_identify(src/ros-bridge/packaging/debian) by extensions ['ignore', 'ignore_ament_install']
[0.541s] Level 1:colcon.colcon_core.package_identification:_identify(src/ros-bridge/packaging/debian) by extension 'ignore'
[0.541s] Level 1:colcon.colcon_core.package_identification:_identify(src/ros-bridge/packaging/debian) by extension 'ignore_ament_install'
[0.541s] Level 1:colcon.colcon_core.package_identification:_identify(src/ros-bridge/packaging/debian) by extensions ['colcon_pkg']
[0.541s] Level 1:colcon.colcon_core.package_identification:_identify(src/ros-bridge/packaging/debian) by extension 'colcon_pkg'
[0.541s] Level 1:colcon.colcon_core.package_identification:_identify(src/ros-bridge/packaging/debian) by extensions ['colcon_meta']
[0.541s] Level 1:colcon.colcon_core.package_identification:_identify(src/ros-bridge/packaging/debian) by extension 'colcon_meta'
[0.541s] Level 1:colcon.colcon_core.package_identification:_identify(src/ros-bridge/packaging/debian) by extensions ['ros']
[0.541s] Level 1:colcon.colcon_core.package_identification:_identify(src/ros-bridge/packaging/debian) by extension 'ros'
[0.542s] Level 1:colcon.colcon_core.package_identification:_identify(src/ros-bridge/packaging/debian) by extensions ['cmake', 'python']
[0.542s] Level 1:colcon.colcon_core.package_identification:_identify(src/ros-bridge/packaging/debian) by extension 'cmake'
[0.542s] Level 1:colcon.colcon_core.package_identification:_identify(src/ros-bridge/packaging/debian) by extension 'python'
[0.542s] Level 1:colcon.colcon_core.package_identification:_identify(src/ros-bridge/packaging/debian) by extensions ['python_setup_py']
[0.542s] Level 1:colcon.colcon_core.package_identification:_identify(src/ros-bridge/packaging/debian) by extension 'python_setup_py'
[0.542s] Level 1:colcon.colcon_core.package_identification:_identify(src/ros-bridge/packaging/debian/source) by extensions ['ignore', 'ignore_ament_install']
[0.542s] Level 1:colcon.colcon_core.package_identification:_identify(src/ros-bridge/packaging/debian/source) by extension 'ignore'
[0.542s] Level 1:colcon.colcon_core.package_identification:_identify(src/ros-bridge/packaging/debian/source) by extension 'ignore_ament_install'
[0.543s] Level 1:colcon.colcon_core.package_identification:_identify(src/ros-bridge/packaging/debian/source) by extensions ['colcon_pkg']
[0.543s] Level 1:colcon.colcon_core.package_identification:_identify(src/ros-bridge/packaging/debian/source) by extension 'colcon_pkg'
[0.543s] Level 1:colcon.colcon_core.package_identification:_identify(src/ros-bridge/packaging/debian/source) by extensions ['colcon_meta']
[0.543s] Level 1:colcon.colcon_core.package_identification:_identify(src/ros-bridge/packaging/debian/source) by extension 'colcon_meta'
[0.543s] Level 1:colcon.colcon_core.package_identification:_identify(src/ros-bridge/packaging/debian/source) by extensions ['ros']
[0.543s] Level 1:colcon.colcon_core.package_identification:_identify(src/ros-bridge/packaging/debian/source) by extension 'ros'
[0.543s] Level 1:colcon.colcon_core.package_identification:_identify(src/ros-bridge/packaging/debian/source) by extensions ['cmake', 'python']
[0.543s] Level 1:colcon.colcon_core.package_identification:_identify(src/ros-bridge/packaging/debian/source) by extension 'cmake'
[0.543s] Level 1:colcon.colcon_core.package_identification:_identify(src/ros-bridge/packaging/debian/source) by extension 'python'
[0.543s] Level 1:colcon.colcon_core.package_identification:_identify(src/ros-bridge/packaging/debian/source) by extensions ['python_setup_py']
[0.543s] Level 1:colcon.colcon_core.package_identification:_identify(src/ros-bridge/packaging/debian/source) by extension 'python_setup_py'
[0.543s] Level 1:colcon.colcon_core.package_identification:_identify(src/ros-bridge/pcl_recorder) by extensions ['ignore', 'ignore_ament_install']
[0.543s] Level 1:colcon.colcon_core.package_identification:_identify(src/ros-bridge/pcl_recorder) by extension 'ignore'
[0.543s] Level 1:colcon.colcon_core.package_identification:_identify(src/ros-bridge/pcl_recorder) by extension 'ignore_ament_install'
[0.543s] Level 1:colcon.colcon_core.package_identification:_identify(src/ros-bridge/pcl_recorder) by extensions ['colcon_pkg']
[0.543s] Level 1:colcon.colcon_core.package_identification:_identify(src/ros-bridge/pcl_recorder) by extension 'colcon_pkg'
[0.543s] Level 1:colcon.colcon_core.package_identification:_identify(src/ros-bridge/pcl_recorder) by extensions ['colcon_meta']
[0.544s] Level 1:colcon.colcon_core.package_identification:_identify(src/ros-bridge/pcl_recorder) by extension 'colcon_meta'
[0.544s] Level 1:colcon.colcon_core.package_identification:_identify(src/ros-bridge/pcl_recorder) by extensions ['ros']
[0.544s] Level 1:colcon.colcon_core.package_identification:_identify(src/ros-bridge/pcl_recorder) by extension 'ros'
[0.546s] DEBUG:colcon.colcon_core.package_identification:Package 'src/ros-bridge/pcl_recorder' with type 'ros.ament_cmake' and name 'pcl_recorder'
[0.547s] Level 1:colcon.colcon_core.package_identification:_identify(src/ros-bridge/ros_compatibility) by extensions ['ignore', 'ignore_ament_install']
[0.547s] Level 1:colcon.colcon_core.package_identification:_identify(src/ros-bridge/ros_compatibility) by extension 'ignore'
[0.547s] Level 1:colcon.colcon_core.package_identification:_identify(src/ros-bridge/ros_compatibility) by extension 'ignore_ament_install'
[0.547s] Level 1:colcon.colcon_core.package_identification:_identify(src/ros-bridge/ros_compatibility) by extensions ['colcon_pkg']
[0.547s] Level 1:colcon.colcon_core.package_identification:_identify(src/ros-bridge/ros_compatibility) by extension 'colcon_pkg'
[0.547s] Level 1:colcon.colcon_core.package_identification:_identify(src/ros-bridge/ros_compatibility) by extensions ['colcon_meta']
[0.547s] Level 1:colcon.colcon_core.package_identification:_identify(src/ros-bridge/ros_compatibility) by extension 'colcon_meta'
[0.547s] Level 1:colcon.colcon_core.package_identification:_identify(src/ros-bridge/ros_compatibility) by extensions ['ros']
[0.547s] Level 1:colcon.colcon_core.package_identification:_identify(src/ros-bridge/ros_compatibility) by extension 'ros'
[0.550s] DEBUG:colcon.colcon_core.package_identification:Package 'src/ros-bridge/ros_compatibility' with type 'ros.ament_python' and name 'ros_compatibility'
[0.550s] Level 1:colcon.colcon_core.package_identification:_identify(src/ros-bridge/rqt_carla_control) by extensions ['ignore', 'ignore_ament_install']
[0.550s] Level 1:colcon.colcon_core.package_identification:_identify(src/ros-bridge/rqt_carla_control) by extension 'ignore'
[0.550s] Level 1:colcon.colcon_core.package_identification:_identify(src/ros-bridge/rqt_carla_control) by extension 'ignore_ament_install'
[0.550s] Level 1:colcon.colcon_core.package_identification:_identify(src/ros-bridge/rqt_carla_control) by extensions ['colcon_pkg']
[0.550s] Level 1:colcon.colcon_core.package_identification:_identify(src/ros-bridge/rqt_carla_control) by extension 'colcon_pkg'
[0.550s] Level 1:colcon.colcon_core.package_identification:_identify(src/ros-bridge/rqt_carla_control) by extensions ['colcon_meta']
[0.550s] Level 1:colcon.colcon_core.package_identification:_identify(src/ros-bridge/rqt_carla_control) by extension 'colcon_meta'
[0.550s] Level 1:colcon.colcon_core.package_identification:_identify(src/ros-bridge/rqt_carla_control) by extensions ['ros']
[0.550s] Level 1:colcon.colcon_core.package_identification:_identify(src/ros-bridge/rqt_carla_control) by extension 'ros'
[0.552s] DEBUG:colcon.colcon_core.package_identification:Package 'src/ros-bridge/rqt_carla_control' with type 'ros.ament_python' and name 'rqt_carla_control'
[0.552s] Level 1:colcon.colcon_core.package_identification:_identify(src/ros-bridge/rviz_carla_plugin) by extensions ['ignore', 'ignore_ament_install']
[0.552s] Level 1:colcon.colcon_core.package_identification:_identify(src/ros-bridge/rviz_carla_plugin) by extension 'ignore'
[0.552s] Level 1:colcon.colcon_core.package_identification:_identify(src/ros-bridge/rviz_carla_plugin) by extension 'ignore_ament_install'
[0.552s] Level 1:colcon.colcon_core.package_identification:_identify(src/ros-bridge/rviz_carla_plugin) by extensions ['colcon_pkg']
[0.552s] Level 1:colcon.colcon_core.package_identification:_identify(src/ros-bridge/rviz_carla_plugin) by extension 'colcon_pkg'
[0.552s] Level 1:colcon.colcon_core.package_identification:_identify(src/ros-bridge/rviz_carla_plugin) by extensions ['colcon_meta']
[0.552s] Level 1:colcon.colcon_core.package_identification:_identify(src/ros-bridge/rviz_carla_plugin) by extension 'colcon_meta'
[0.552s] Level 1:colcon.colcon_core.package_identification:_identify(src/ros-bridge/rviz_carla_plugin) by extensions ['ros']
[0.553s] Level 1:colcon.colcon_core.package_identification:_identify(src/ros-bridge/rviz_carla_plugin) by extension 'ros'
[0.555s] DEBUG:colcon.colcon_core.package_identification:Package 'src/ros-bridge/rviz_carla_plugin' with type 'ros.ament_cmake' and name 'rviz_carla_plugin'
[0.555s] Level 1:colcon.colcon_core.package_discovery:discover_packages(recursive) using defaults
[0.555s] Level 1:colcon.colcon_core.package_discovery:discover_packages(ignore) discover
[0.555s] Level 1:colcon.colcon_core.package_discovery:discover_packages(ignore) using defaults
[0.555s] Level 1:colcon.colcon_core.package_discovery:discover_packages(path) discover
[0.555s] Level 1:colcon.colcon_core.package_discovery:discover_packages(path) using defaults
[0.585s] Level 1:colcon.colcon_core.package_discovery:discover_packages(prefix_path) check parameters
[0.585s] Level 1:colcon.colcon_core.package_discovery:discover_packages(prefix_path) discover
[0.588s] DEBUG:colcon.colcon_installed_package_information.package_discovery:Found 274 installed packages in /opt/ros/humble
[0.590s] Level 1:colcon.colcon_core.package_discovery:discover_packages(prefix_path) using defaults
[0.617s] Level 5:colcon.colcon_core.verb:set package 'carla_common' build argument 'cmake_args' from command line to 'None'
[0.617s] Level 5:colcon.colcon_core.verb:set package 'carla_common' build argument 'cmake_target' from command line to 'None'
[0.617s] Level 5:colcon.colcon_core.verb:set package 'carla_common' build argument 'cmake_target_skip_unavailable' from command line to 'False'
[0.617s] Level 5:colcon.colcon_core.verb:set package 'carla_common' build argument 'cmake_clean_cache' from command line to 'False'
[0.617s] Level 5:colcon.colcon_core.verb:set package 'carla_common' build argument 'cmake_clean_first' from command line to 'False'
[0.617s] Level 5:colcon.colcon_core.verb:set package 'carla_common' build argument 'cmake_force_configure' from command line to 'False'
[0.617s] Level 5:colcon.colcon_core.verb:set package 'carla_common' build argument 'ament_cmake_args' from command line to 'None'
[0.617s] Level 5:colcon.colcon_core.verb:set package 'carla_common' build argument 'catkin_cmake_args' from command line to 'None'
[0.617s] Level 5:colcon.colcon_core.verb:set package 'carla_common' build argument 'catkin_skip_building_tests' from command line to 'False'
[0.617s] DEBUG:colcon.colcon_core.verb:Building package 'carla_common' with the following arguments: {'ament_cmake_args': None, 'build_base': '/home/nisanth/carla_ros_ws/build/carla_common', 'catkin_cmake_args': None, 'catkin_skip_building_tests': False, 'cmake_args': None, 'cmake_clean_cache': False, 'cmake_clean_first': False, 'cmake_force_configure': False, 'cmake_target': None, 'cmake_target_skip_unavailable': False, 'install_base': '/home/nisanth/carla_ros_ws/install/carla_common', 'merge_install': False, 'path': '/home/nisanth/carla_ros_ws/src/ros-bridge/carla_common', 'symlink_install': False, 'test_result_base': None}
[0.618s] Level 5:colcon.colcon_core.verb:set package 'carla_msgs' build argument 'cmake_args' from command line to 'None'
[0.618s] Level 5:colcon.colcon_core.verb:set package 'carla_msgs' build argument 'cmake_target' from command line to 'None'
[0.618s] Level 5:colcon.colcon_core.verb:set package 'carla_msgs' build argument 'cmake_target_skip_unavailable' from command line to 'False'
[0.618s] Level 5:colcon.colcon_core.verb:set package 'carla_msgs' build argument 'cmake_clean_cache' from command line to 'False'
[0.618s] Level 5:colcon.colcon_core.verb:set package 'carla_msgs' build argument 'cmake_clean_first' from command line to 'False'
[0.618s] Level 5:colcon.colcon_core.verb:set package 'carla_msgs' build argument 'cmake_force_configure' from command line to 'False'
[0.618s] Level 5:colcon.colcon_core.verb:set package 'carla_msgs' build argument 'ament_cmake_args' from command line to 'None'
[0.618s] Level 5:colcon.colcon_core.verb:set package 'carla_msgs' build argument 'catkin_cmake_args' from command line to 'None'
[0.618s] Level 5:colcon.colcon_core.verb:set package 'carla_msgs' build argument 'catkin_skip_building_tests' from command line to 'False'
[0.618s] DEBUG:colcon.colcon_core.verb:Building package 'carla_msgs' with the following arguments: {'ament_cmake_args': None, 'build_base': '/home/nisanth/carla_ros_ws/build/carla_msgs', 'catkin_cmake_args': None, 'catkin_skip_building_tests': False, 'cmake_args': None, 'cmake_clean_cache': False, 'cmake_clean_first': False, 'cmake_force_configure': False, 'cmake_target': None, 'cmake_target_skip_unavailable': False, 'install_base': '/home/nisanth/carla_ros_ws/install/carla_msgs', 'merge_install': False, 'path': '/home/nisanth/carla_ros_ws/src/ros-bridge/carla_msgs', 'symlink_install': False, 'test_result_base': None}
[0.618s] Level 5:colcon.colcon_core.verb:set package 'carla_ros_scenario_runner_types' build argument 'cmake_args' from command line to 'None'
[0.618s] Level 5:colcon.colcon_core.verb:set package 'carla_ros_scenario_runner_types' build argument 'cmake_target' from command line to 'None'
[0.618s] Level 5:colcon.colcon_core.verb:set package 'carla_ros_scenario_runner_types' build argument 'cmake_target_skip_unavailable' from command line to 'False'
[0.618s] Level 5:colcon.colcon_core.verb:set package 'carla_ros_scenario_runner_types' build argument 'cmake_clean_cache' from command line to 'False'
[0.618s] Level 5:colcon.colcon_core.verb:set package 'carla_ros_scenario_runner_types' build argument 'cmake_clean_first' from command line to 'False'
[0.618s] Level 5:colcon.colcon_core.verb:set package 'carla_ros_scenario_runner_types' build argument 'cmake_force_configure' from command line to 'False'
[0.618s] Level 5:colcon.colcon_core.verb:set package 'carla_ros_scenario_runner_types' build argument 'ament_cmake_args' from command line to 'None'
[0.618s] Level 5:colcon.colcon_core.verb:set package 'carla_ros_scenario_runner_types' build argument 'catkin_cmake_args' from command line to 'None'
[0.618s] Level 5:colcon.colcon_core.verb:set package 'carla_ros_scenario_runner_types' build argument 'catkin_skip_building_tests' from command line to 'False'
[0.618s] DEBUG:colcon.colcon_core.verb:Building package 'carla_ros_scenario_runner_types' with the following arguments: {'ament_cmake_args': None, 'build_base': '/home/nisanth/carla_ros_ws/build/carla_ros_scenario_runner_types', 'catkin_cmake_args': None, 'catkin_skip_building_tests': False, 'cmake_args': None, 'cmake_clean_cache': False, 'cmake_clean_first': False, 'cmake_force_configure': False, 'cmake_target': None, 'cmake_target_skip_unavailable': False, 'install_base': '/home/nisanth/carla_ros_ws/install/carla_ros_scenario_runner_types', 'merge_install': False, 'path': '/home/nisanth/carla_ros_ws/src/ros-bridge/carla_ros_scenario_runner_types', 'symlink_install': False, 'test_result_base': None}
[0.618s] Level 5:colcon.colcon_core.verb:set package 'carla_twist_to_control' build argument 'cmake_args' from command line to 'None'
[0.618s] Level 5:colcon.colcon_core.verb:set package 'carla_twist_to_control' build argument 'cmake_target' from command line to 'None'
[0.618s] Level 5:colcon.colcon_core.verb:set package 'carla_twist_to_control' build argument 'cmake_target_skip_unavailable' from command line to 'False'
[0.618s] Level 5:colcon.colcon_core.verb:set package 'carla_twist_to_control' build argument 'cmake_clean_cache' from command line to 'False'
[0.618s] Level 5:colcon.colcon_core.verb:set package 'carla_twist_to_control' build argument 'cmake_clean_first' from command line to 'False'
[0.618s] Level 5:colcon.colcon_core.verb:set package 'carla_twist_to_control' build argument 'cmake_force_configure' from command line to 'False'
[0.618s] Level 5:colcon.colcon_core.verb:set package 'carla_twist_to_control' build argument 'ament_cmake_args' from command line to 'None'
[0.618s] Level 5:colcon.colcon_core.verb:set package 'carla_twist_to_control' build argument 'catkin_cmake_args' from command line to 'None'
[0.618s] Level 5:colcon.colcon_core.verb:set package 'carla_twist_to_control' build argument 'catkin_skip_building_tests' from command line to 'False'
[0.618s] DEBUG:colcon.colcon_core.verb:Building package 'carla_twist_to_control' with the following arguments: {'ament_cmake_args': None, 'build_base': '/home/nisanth/carla_ros_ws/build/carla_twist_to_control', 'catkin_cmake_args': None, 'catkin_skip_building_tests': False, 'cmake_args': None, 'cmake_clean_cache': False, 'cmake_clean_first': False, 'cmake_force_configure': False, 'cmake_target': None, 'cmake_target_skip_unavailable': False, 'install_base': '/home/nisanth/carla_ros_ws/install/carla_twist_to_control', 'merge_install': False, 'path': '/home/nisanth/carla_ros_ws/src/ros-bridge/carla_twist_to_control', 'symlink_install': False, 'test_result_base': None}
[0.619s] Level 5:colcon.colcon_core.verb:set package 'carla_waypoint_types' build argument 'cmake_args' from command line to 'None'
[0.619s] Level 5:colcon.colcon_core.verb:set package 'carla_waypoint_types' build argument 'cmake_target' from command line to 'None'
[0.619s] Level 5:colcon.colcon_core.verb:set package 'carla_waypoint_types' build argument 'cmake_target_skip_unavailable' from command line to 'False'
[0.619s] Level 5:colcon.colcon_core.verb:set package 'carla_waypoint_types' build argument 'cmake_clean_cache' from command line to 'False'
[0.619s] Level 5:colcon.colcon_core.verb:set package 'carla_waypoint_types' build argument 'cmake_clean_first' from command line to 'False'
[0.619s] Level 5:colcon.colcon_core.verb:set package 'carla_waypoint_types' build argument 'cmake_force_configure' from command line to 'False'
[0.619s] Level 5:colcon.colcon_core.verb:set package 'carla_waypoint_types' build argument 'ament_cmake_args' from command line to 'None'
[0.619s] Level 5:colcon.colcon_core.verb:set package 'carla_waypoint_types' build argument 'catkin_cmake_args' from command line to 'None'
[0.619s] Level 5:colcon.colcon_core.verb:set package 'carla_waypoint_types' build argument 'catkin_skip_building_tests' from command line to 'False'
[0.619s] DEBUG:colcon.colcon_core.verb:Building package 'carla_waypoint_types' with the following arguments: {'ament_cmake_args': None, 'build_base': '/home/nisanth/carla_ros_ws/build/carla_waypoint_types', 'catkin_cmake_args': None, 'catkin_skip_building_tests': False, 'cmake_args': None, 'cmake_clean_cache': False, 'cmake_clean_first': False, 'cmake_force_configure': False, 'cmake_target': None, 'cmake_target_skip_unavailable': False, 'install_base': '/home/nisanth/carla_ros_ws/install/carla_waypoint_types', 'merge_install': False, 'path': '/home/nisanth/carla_ros_ws/src/ros-bridge/carla_waypoint_types', 'symlink_install': False, 'test_result_base': None}
[0.619s] Level 5:colcon.colcon_core.verb:set package 'ros_compatibility' build argument 'cmake_args' from command line to 'None'
[0.619s] Level 5:colcon.colcon_core.verb:set package 'ros_compatibility' build argument 'cmake_target' from command line to 'None'
[0.619s] Level 5:colcon.colcon_core.verb:set package 'ros_compatibility' build argument 'cmake_target_skip_unavailable' from command line to 'False'
[0.619s] Level 5:colcon.colcon_core.verb:set package 'ros_compatibility' build argument 'cmake_clean_cache' from command line to 'False'
[0.619s] Level 5:colcon.colcon_core.verb:set package 'ros_compatibility' build argument 'cmake_clean_first' from command line to 'False'
[0.619s] Level 5:colcon.colcon_core.verb:set package 'ros_compatibility' build argument 'cmake_force_configure' from command line to 'False'
[0.619s] Level 5:colcon.colcon_core.verb:set package 'ros_compatibility' build argument 'ament_cmake_args' from command line to 'None'
[0.619s] Level 5:colcon.colcon_core.verb:set package 'ros_compatibility' build argument 'catkin_cmake_args' from command line to 'None'
[0.619s] Level 5:colcon.colcon_core.verb:set package 'ros_compatibility' build argument 'catkin_skip_building_tests' from command line to 'False'
[0.619s] DEBUG:colcon.colcon_core.verb:Building package 'ros_compatibility' with the following arguments: {'ament_cmake_args': None, 'build_base': '/home/nisanth/carla_ros_ws/build/ros_compatibility', 'catkin_cmake_args': None, 'catkin_skip_building_tests': False, 'cmake_args': None, 'cmake_clean_cache': False, 'cmake_clean_first': False, 'cmake_force_configure': False, 'cmake_target': None, 'cmake_target_skip_unavailable': False, 'install_base': '/home/nisanth/carla_ros_ws/install/ros_compatibility', 'merge_install': False, 'path': '/home/nisanth/carla_ros_ws/src/ros-bridge/ros_compatibility', 'symlink_install': False, 'test_result_base': None}
[0.619s] Level 5:colcon.colcon_core.verb:set package 'rqt_carla_control' build argument 'cmake_args' from command line to 'None'
[0.619s] Level 5:colcon.colcon_core.verb:set package 'rqt_carla_control' build argument 'cmake_target' from command line to 'None'
[0.619s] Level 5:colcon.colcon_core.verb:set package 'rqt_carla_control' build argument 'cmake_target_skip_unavailable' from command line to 'False'
[0.619s] Level 5:colcon.colcon_core.verb:set package 'rqt_carla_control' build argument 'cmake_clean_cache' from command line to 'False'
[0.619s] Level 5:colcon.colcon_core.verb:set package 'rqt_carla_control' build argument 'cmake_clean_first' from command line to 'False'
[0.619s] Level 5:colcon.colcon_core.verb:set package 'rqt_carla_control' build argument 'cmake_force_configure' from command line to 'False'
[0.619s] Level 5:colcon.colcon_core.verb:set package 'rqt_carla_control' build argument 'ament_cmake_args' from command line to 'None'
[0.619s] Level 5:colcon.colcon_core.verb:set package 'rqt_carla_control' build argument 'catkin_cmake_args' from command line to 'None'
[0.620s] Level 5:colcon.colcon_core.verb:set package 'rqt_carla_control' build argument 'catkin_skip_building_tests' from command line to 'False'
[0.620s] DEBUG:colcon.colcon_core.verb:Building package 'rqt_carla_control' with the following arguments: {'ament_cmake_args': None, 'build_base': '/home/nisanth/carla_ros_ws/build/rqt_carla_control', 'catkin_cmake_args': None, 'catkin_skip_building_tests': False, 'cmake_args': None, 'cmake_clean_cache': False, 'cmake_clean_first': False, 'cmake_force_configure': False, 'cmake_target': None, 'cmake_target_skip_unavailable': False, 'install_base': '/home/nisanth/carla_ros_ws/install/rqt_carla_control', 'merge_install': False, 'path': '/home/nisanth/carla_ros_ws/src/ros-bridge/rqt_carla_control', 'symlink_install': False, 'test_result_base': None}
[0.620s] Level 5:colcon.colcon_core.verb:set package 'av_controller' build argument 'cmake_args' from command line to 'None'
[0.620s] Level 5:colcon.colcon_core.verb:set package 'av_controller' build argument 'cmake_target' from command line to 'None'
[0.620s] Level 5:colcon.colcon_core.verb:set package 'av_controller' build argument 'cmake_target_skip_unavailable' from command line to 'False'
[0.620s] Level 5:colcon.colcon_core.verb:set package 'av_controller' build argument 'cmake_clean_cache' from command line to 'False'
[0.620s] Level 5:colcon.colcon_core.verb:set package 'av_controller' build argument 'cmake_clean_first' from command line to 'False'
[0.620s] Level 5:colcon.colcon_core.verb:set package 'av_controller' build argument 'cmake_force_configure' from command line to 'False'
[0.620s] Level 5:colcon.colcon_core.verb:set package 'av_controller' build argument 'ament_cmake_args' from command line to 'None'
[0.620s] Level 5:colcon.colcon_core.verb:set package 'av_controller' build argument 'catkin_cmake_args' from command line to 'None'
[0.620s] Level 5:colcon.colcon_core.verb:set package 'av_controller' build argument 'catkin_skip_building_tests' from command line to 'False'
[0.620s] DEBUG:colcon.colcon_core.verb:Building package 'av_controller' with the following arguments: {'ament_cmake_args': None, 'build_base': '/home/nisanth/carla_ros_ws/build/av_controller', 'catkin_cmake_args': None, 'catkin_skip_building_tests': False, 'cmake_args': None, 'cmake_clean_cache': False, 'cmake_clean_first': False, 'cmake_force_configure': False, 'cmake_target': None, 'cmake_target_skip_unavailable': False, 'install_base': '/home/nisanth/carla_ros_ws/install/av_controller', 'merge_install': False, 'path': '/home/nisanth/carla_ros_ws/src/av_controller', 'symlink_install': False, 'test_result_base': None}
[0.620s] Level 5:colcon.colcon_core.verb:set package 'carla_ackermann_msgs' build argument 'cmake_args' from command line to 'None'
[0.620s] Level 5:colcon.colcon_core.verb:set package 'carla_ackermann_msgs' build argument 'cmake_target' from command line to 'None'
[0.620s] Level 5:colcon.colcon_core.verb:set package 'carla_ackermann_msgs' build argument 'cmake_target_skip_unavailable' from command line to 'False'
[0.620s] Level 5:colcon.colcon_core.verb:set package 'carla_ackermann_msgs' build argument 'cmake_clean_cache' from command line to 'False'
[0.620s] Level 5:colcon.colcon_core.verb:set package 'carla_ackermann_msgs' build argument 'cmake_clean_first' from command line to 'False'
[0.620s] Level 5:colcon.colcon_core.verb:set package 'carla_ackermann_msgs' build argument 'cmake_force_configure' from command line to 'False'
[0.620s] Level 5:colcon.colcon_core.verb:set package 'carla_ackermann_msgs' build argument 'ament_cmake_args' from command line to 'None'
[0.620s] Level 5:colcon.colcon_core.verb:set package 'carla_ackermann_msgs' build argument 'catkin_cmake_args' from command line to 'None'
[0.620s] Level 5:colcon.colcon_core.verb:set package 'carla_ackermann_msgs' build argument 'catkin_skip_building_tests' from command line to 'False'
[0.620s] DEBUG:colcon.colcon_core.verb:Building package 'carla_ackermann_msgs' with the following arguments: {'ament_cmake_args': None, 'build_base': '/home/nisanth/carla_ros_ws/build/carla_ackermann_msgs', 'catkin_cmake_args': None, 'catkin_skip_building_tests': False, 'cmake_args': None, 'cmake_clean_cache': False, 'cmake_clean_first': False, 'cmake_force_configure': False, 'cmake_target': None, 'cmake_target_skip_unavailable': False, 'install_base': '/home/nisanth/carla_ros_ws/install/carla_ackermann_msgs', 'merge_install': False, 'path': '/home/nisanth/carla_ros_ws/src/ros-bridge/carla_ackermann_msgs', 'symlink_install': False, 'test_result_base': None}
[0.620s] Level 5:colcon.colcon_core.verb:set package 'carla_ad_agent' build argument 'cmake_args' from command line to 'None'
[0.620s] Level 5:colcon.colcon_core.verb:set package 'carla_ad_agent' build argument 'cmake_target' from command line to 'None'
[0.621s] Level 5:colcon.colcon_core.verb:set package 'carla_ad_agent' build argument 'cmake_target_skip_unavailable' from command line to 'False'
[0.621s] Level 5:colcon.colcon_core.verb:set package 'carla_ad_agent' build argument 'cmake_clean_cache' from command line to 'False'
[0.621s] Level 5:colcon.colcon_core.verb:set package 'carla_ad_agent' build argument 'cmake_clean_first' from command line to 'False'
[0.621s] Level 5:colcon.colcon_core.verb:set package 'carla_ad_agent' build argument 'cmake_force_configure' from command line to 'False'
[0.621s] Level 5:colcon.colcon_core.verb:set package 'carla_ad_agent' build argument 'ament_cmake_args' from command line to 'None'
[0.621s] Level 5:colcon.colcon_core.verb:set package 'carla_ad_agent' build argument 'catkin_cmake_args' from command line to 'None'
[0.621s] Level 5:colcon.colcon_core.verb:set package 'carla_ad_agent' build argument 'catkin_skip_building_tests' from command line to 'False'
[0.621s] DEBUG:colcon.colcon_core.verb:Building package 'carla_ad_agent' with the following arguments: {'ament_cmake_args': None, 'build_base': '/home/nisanth/carla_ros_ws/build/carla_ad_agent', 'catkin_cmake_args': None, 'catkin_skip_building_tests': False, 'cmake_args': None, 'cmake_clean_cache': False, 'cmake_clean_first': False, 'cmake_force_configure': False, 'cmake_target': None, 'cmake_target_skip_unavailable': False, 'install_base': '/home/nisanth/carla_ros_ws/install/carla_ad_agent', 'merge_install': False, 'path': '/home/nisanth/carla_ros_ws/src/ros-bridge/carla_ad_agent', 'symlink_install': False, 'test_result_base': None}
[0.621s] Level 5:colcon.colcon_core.verb:set package 'carla_manual_control' build argument 'cmake_args' from command line to 'None'
[0.621s] Level 5:colcon.colcon_core.verb:set package 'carla_manual_control' build argument 'cmake_target' from command line to 'None'
[0.621s] Level 5:colcon.colcon_core.verb:set package 'carla_manual_control' build argument 'cmake_target_skip_unavailable' from command line to 'False'
[0.621s] Level 5:colcon.colcon_core.verb:set package 'carla_manual_control' build argument 'cmake_clean_cache' from command line to 'False'
[0.621s] Level 5:colcon.colcon_core.verb:set package 'carla_manual_control' build argument 'cmake_clean_first' from command line to 'False'
[0.621s] Level 5:colcon.colcon_core.verb:set package 'carla_manual_control' build argument 'cmake_force_configure' from command line to 'False'
[0.621s] Level 5:colcon.colcon_core.verb:set package 'carla_manual_control' build argument 'ament_cmake_args' from command line to 'None'
[0.621s] Level 5:colcon.colcon_core.verb:set package 'carla_manual_control' build argument 'catkin_cmake_args' from command line to 'None'
[0.621s] Level 5:colcon.colcon_core.verb:set package 'carla_manual_control' build argument 'catkin_skip_building_tests' from command line to 'False'
[0.621s] DEBUG:colcon.colcon_core.verb:Building package 'carla_manual_control' with the following arguments: {'ament_cmake_args': None, 'build_base': '/home/nisanth/carla_ros_ws/build/carla_manual_control', 'catkin_cmake_args': None, 'catkin_skip_building_tests': False, 'cmake_args': None, 'cmake_clean_cache': False, 'cmake_clean_first': False, 'cmake_force_configure': False, 'cmake_target': None, 'cmake_target_skip_unavailable': False, 'install_base': '/home/nisanth/carla_ros_ws/install/carla_manual_control', 'merge_install': False, 'path': '/home/nisanth/carla_ros_ws/src/ros-bridge/carla_manual_control', 'symlink_install': False, 'test_result_base': None}
[0.621s] Level 5:colcon.colcon_core.verb:set package 'carla_ros_scenario_runner' build argument 'cmake_args' from command line to 'None'
[0.621s] Level 5:colcon.colcon_core.verb:set package 'carla_ros_scenario_runner' build argument 'cmake_target' from command line to 'None'
[0.621s] Level 5:colcon.colcon_core.verb:set package 'carla_ros_scenario_runner' build argument 'cmake_target_skip_unavailable' from command line to 'False'
[0.621s] Level 5:colcon.colcon_core.verb:set package 'carla_ros_scenario_runner' build argument 'cmake_clean_cache' from command line to 'False'
[0.621s] Level 5:colcon.colcon_core.verb:set package 'carla_ros_scenario_runner' build argument 'cmake_clean_first' from command line to 'False'
[0.621s] Level 5:colcon.colcon_core.verb:set package 'carla_ros_scenario_runner' build argument 'cmake_force_configure' from command line to 'False'
[0.621s] Level 5:colcon.colcon_core.verb:set package 'carla_ros_scenario_runner' build argument 'ament_cmake_args' from command line to 'None'
[0.621s] Level 5:colcon.colcon_core.verb:set package 'carla_ros_scenario_runner' build argument 'catkin_cmake_args' from command line to 'None'
[0.621s] Level 5:colcon.colcon_core.verb:set package 'carla_ros_scenario_runner' build argument 'catkin_skip_building_tests' from command line to 'False'
[0.621s] DEBUG:colcon.colcon_core.verb:Building package 'carla_ros_scenario_runner' with the following arguments: {'ament_cmake_args': None, 'build_base': '/home/nisanth/carla_ros_ws/build/carla_ros_scenario_runner', 'catkin_cmake_args': None, 'catkin_skip_building_tests': False, 'cmake_args': None, 'cmake_clean_cache': False, 'cmake_clean_first': False, 'cmake_force_configure': False, 'cmake_target': None, 'cmake_target_skip_unavailable': False, 'install_base': '/home/nisanth/carla_ros_ws/install/carla_ros_scenario_runner', 'merge_install': False, 'path': '/home/nisanth/carla_ros_ws/src/ros-bridge/carla_ros_scenario_runner', 'symlink_install': False, 'test_result_base': None}
[0.622s] Level 5:colcon.colcon_core.verb:set package 'carla_spawn_objects' build argument 'cmake_args' from command line to 'None'
[0.622s] Level 5:colcon.colcon_core.verb:set package 'carla_spawn_objects' build argument 'cmake_target' from command line to 'None'
[0.622s] Level 5:colcon.colcon_core.verb:set package 'carla_spawn_objects' build argument 'cmake_target_skip_unavailable' from command line to 'False'
[0.622s] Level 5:colcon.colcon_core.verb:set package 'carla_spawn_objects' build argument 'cmake_clean_cache' from command line to 'False'
[0.622s] Level 5:colcon.colcon_core.verb:set package 'carla_spawn_objects' build argument 'cmake_clean_first' from command line to 'False'
[0.622s] Level 5:colcon.colcon_core.verb:set package 'carla_spawn_objects' build argument 'cmake_force_configure' from command line to 'False'
[0.622s] Level 5:colcon.colcon_core.verb:set package 'carla_spawn_objects' build argument 'ament_cmake_args' from command line to 'None'
[0.622s] Level 5:colcon.colcon_core.verb:set package 'carla_spawn_objects' build argument 'catkin_cmake_args' from command line to 'None'
[0.622s] Level 5:colcon.colcon_core.verb:set package 'carla_spawn_objects' build argument 'catkin_skip_building_tests' from command line to 'False'
[0.622s] DEBUG:colcon.colcon_core.verb:Building package 'carla_spawn_objects' with the following arguments: {'ament_cmake_args': None, 'build_base': '/home/nisanth/carla_ros_ws/build/carla_spawn_objects', 'catkin_cmake_args': None, 'catkin_skip_building_tests': False, 'cmake_args': None, 'cmake_clean_cache': False, 'cmake_clean_first': False, 'cmake_force_configure': False, 'cmake_target': None, 'cmake_target_skip_unavailable': False, 'install_base': '/home/nisanth/carla_ros_ws/install/carla_spawn_objects', 'merge_install': False, 'path': '/home/nisanth/carla_ros_ws/src/ros-bridge/carla_spawn_objects', 'symlink_install': False, 'test_result_base': None}
[0.622s] Level 5:colcon.colcon_core.verb:set package 'carla_walker_agent' build argument 'cmake_args' from command line to 'None'
[0.622s] Level 5:colcon.colcon_core.verb:set package 'carla_walker_agent' build argument 'cmake_target' from command line to 'None'
[0.622s] Level 5:colcon.colcon_core.verb:set package 'carla_walker_agent' build argument 'cmake_target_skip_unavailable' from command line to 'False'
[0.622s] Level 5:colcon.colcon_core.verb:set package 'carla_walker_agent' build argument 'cmake_clean_cache' from command line to 'False'
[0.622s] Level 5:colcon.colcon_core.verb:set package 'carla_walker_agent' build argument 'cmake_clean_first' from command line to 'False'
[0.622s] Level 5:colcon.colcon_core.verb:set package 'carla_walker_agent' build argument 'cmake_force_configure' from command line to 'False'
[0.622s] Level 5:colcon.colcon_core.verb:set package 'carla_walker_agent' build argument 'ament_cmake_args' from command line to 'None'
[0.622s] Level 5:colcon.colcon_core.verb:set package 'carla_walker_agent' build argument 'catkin_cmake_args' from command line to 'None'
[0.622s] Level 5:colcon.colcon_core.verb:set package 'carla_walker_agent' build argument 'catkin_skip_building_tests' from command line to 'False'
[0.622s] DEBUG:colcon.colcon_core.verb:Building package 'carla_walker_agent' with the following arguments: {'ament_cmake_args': None, 'build_base': '/home/nisanth/carla_ros_ws/build/carla_walker_agent', 'catkin_cmake_args': None, 'catkin_skip_building_tests': False, 'cmake_args': None, 'cmake_clean_cache': False, 'cmake_clean_first': False, 'cmake_force_configure': False, 'cmake_target': None, 'cmake_target_skip_unavailable': False, 'install_base': '/home/nisanth/carla_ros_ws/install/carla_walker_agent', 'merge_install': False, 'path': '/home/nisanth/carla_ros_ws/src/ros-bridge/carla_walker_agent', 'symlink_install': False, 'test_result_base': None}
[0.622s] Level 5:colcon.colcon_core.verb:set package 'carla_waypoint_publisher' build argument 'cmake_args' from command line to 'None'
[0.622s] Level 5:colcon.colcon_core.verb:set package 'carla_waypoint_publisher' build argument 'cmake_target' from command line to 'None'
[0.622s] Level 5:colcon.colcon_core.verb:set package 'carla_waypoint_publisher' build argument 'cmake_target_skip_unavailable' from command line to 'False'
[0.622s] Level 5:colcon.colcon_core.verb:set package 'carla_waypoint_publisher' build argument 'cmake_clean_cache' from command line to 'False'
[0.622s] Level 5:colcon.colcon_core.verb:set package 'carla_waypoint_publisher' build argument 'cmake_clean_first' from command line to 'False'
[0.622s] Level 5:colcon.colcon_core.verb:set package 'carla_waypoint_publisher' build argument 'cmake_force_configure' from command line to 'False'
[0.622s] Level 5:colcon.colcon_core.verb:set package 'carla_waypoint_publisher' build argument 'ament_cmake_args' from command line to 'None'
[0.622s] Level 5:colcon.colcon_core.verb:set package 'carla_waypoint_publisher' build argument 'catkin_cmake_args' from command line to 'None'
[0.622s] Level 5:colcon.colcon_core.verb:set package 'carla_waypoint_publisher' build argument 'catkin_skip_building_tests' from command line to 'False'
[0.622s] DEBUG:colcon.colcon_core.verb:Building package 'carla_waypoint_publisher' with the following arguments: {'ament_cmake_args': None, 'build_base': '/home/nisanth/carla_ros_ws/build/carla_waypoint_publisher', 'catkin_cmake_args': None, 'catkin_skip_building_tests': False, 'cmake_args': None, 'cmake_clean_cache': False, 'cmake_clean_first': False, 'cmake_force_configure': False, 'cmake_target': None, 'cmake_target_skip_unavailable': False, 'install_base': '/home/nisanth/carla_ros_ws/install/carla_waypoint_publisher', 'merge_install': False, 'path': '/home/nisanth/carla_ros_ws/src/ros-bridge/carla_waypoint_publisher', 'symlink_install': False, 'test_result_base': None}
[0.623s] Level 5:colcon.colcon_core.verb:set package 'rviz_carla_plugin' build argument 'cmake_args' from command line to 'None'
[0.623s] Level 5:colcon.colcon_core.verb:set package 'rviz_carla_plugin' build argument 'cmake_target' from command line to 'None'
[0.623s] Level 5:colcon.colcon_core.verb:set package 'rviz_carla_plugin' build argument 'cmake_target_skip_unavailable' from command line to 'False'
[0.623s] Level 5:colcon.colcon_core.verb:set package 'rviz_carla_plugin' build argument 'cmake_clean_cache' from command line to 'False'
[0.623s] Level 5:colcon.colcon_core.verb:set package 'rviz_carla_plugin' build argument 'cmake_clean_first' from command line to 'False'
[0.623s] Level 5:colcon.colcon_core.verb:set package 'rviz_carla_plugin' build argument 'cmake_force_configure' from command line to 'False'
[0.623s] Level 5:colcon.colcon_core.verb:set package 'rviz_carla_plugin' build argument 'ament_cmake_args' from command line to 'None'
[0.623s] Level 5:colcon.colcon_core.verb:set package 'rviz_carla_plugin' build argument 'catkin_cmake_args' from command line to 'None'
[0.623s] Level 5:colcon.colcon_core.verb:set package 'rviz_carla_plugin' build argument 'catkin_skip_building_tests' from command line to 'False'
[0.623s] DEBUG:colcon.colcon_core.verb:Building package 'rviz_carla_plugin' with the following arguments: {'ament_cmake_args': None, 'build_base': '/home/nisanth/carla_ros_ws/build/rviz_carla_plugin', 'catkin_cmake_args': None, 'catkin_skip_building_tests': False, 'cmake_args': None, 'cmake_clean_cache': False, 'cmake_clean_first': False, 'cmake_force_configure': False, 'cmake_target': None, 'cmake_target_skip_unavailable': False, 'install_base': '/home/nisanth/carla_ros_ws/install/rviz_carla_plugin', 'merge_install': False, 'path': '/home/nisanth/carla_ros_ws/src/ros-bridge/rviz_carla_plugin', 'symlink_install': False, 'test_result_base': None}
[0.623s] Level 5:colcon.colcon_core.verb:set package 'carla_ros_bridge' build argument 'cmake_args' from command line to 'None'
[0.623s] Level 5:colcon.colcon_core.verb:set package 'carla_ros_bridge' build argument 'cmake_target' from command line to 'None'
[0.623s] Level 5:colcon.colcon_core.verb:set package 'carla_ros_bridge' build argument 'cmake_target_skip_unavailable' from command line to 'False'
[0.623s] Level 5:colcon.colcon_core.verb:set package 'carla_ros_bridge' build argument 'cmake_clean_cache' from command line to 'False'
[0.623s] Level 5:colcon.colcon_core.verb:set package 'carla_ros_bridge' build argument 'cmake_clean_first' from command line to 'False'
[0.623s] Level 5:colcon.colcon_core.verb:set package 'carla_ros_bridge' build argument 'cmake_force_configure' from command line to 'False'
[0.623s] Level 5:colcon.colcon_core.verb:set package 'carla_ros_bridge' build argument 'ament_cmake_args' from command line to 'None'
[0.623s] Level 5:colcon.colcon_core.verb:set package 'carla_ros_bridge' build argument 'catkin_cmake_args' from command line to 'None'
[0.623s] Level 5:colcon.colcon_core.verb:set package 'carla_ros_bridge' build argument 'catkin_skip_building_tests' from command line to 'False'
[0.623s] DEBUG:colcon.colcon_core.verb:Building package 'carla_ros_bridge' with the following arguments: {'ament_cmake_args': None, 'build_base': '/home/nisanth/carla_ros_ws/build/carla_ros_bridge', 'catkin_cmake_args': None, 'catkin_skip_building_tests': False, 'cmake_args': None, 'cmake_clean_cache': False, 'cmake_clean_first': False, 'cmake_force_configure': False, 'cmake_target': None, 'cmake_target_skip_unavailable': False, 'install_base': '/home/nisanth/carla_ros_ws/install/carla_ros_bridge', 'merge_install': False, 'path': '/home/nisanth/carla_ros_ws/src/ros-bridge/carla_ros_bridge', 'symlink_install': False, 'test_result_base': None}
[0.623s] Level 5:colcon.colcon_core.verb:set package 'carla_ackermann_control' build argument 'cmake_args' from command line to 'None'
[0.623s] Level 5:colcon.colcon_core.verb:set package 'carla_ackermann_control' build argument 'cmake_target' from command line to 'None'
[0.623s] Level 5:colcon.colcon_core.verb:set package 'carla_ackermann_control' build argument 'cmake_target_skip_unavailable' from command line to 'False'
[0.623s] Level 5:colcon.colcon_core.verb:set package 'carla_ackermann_control' build argument 'cmake_clean_cache' from command line to 'False'
[0.623s] Level 5:colcon.colcon_core.verb:set package 'carla_ackermann_control' build argument 'cmake_clean_first' from command line to 'False'
[0.624s] Level 5:colcon.colcon_core.verb:set package 'carla_ackermann_control' build argument 'cmake_force_configure' from command line to 'False'
[0.624s] Level 5:colcon.colcon_core.verb:set package 'carla_ackermann_control' build argument 'ament_cmake_args' from command line to 'None'
[0.624s] Level 5:colcon.colcon_core.verb:set package 'carla_ackermann_control' build argument 'catkin_cmake_args' from command line to 'None'
[0.624s] Level 5:colcon.colcon_core.verb:set package 'carla_ackermann_control' build argument 'catkin_skip_building_tests' from command line to 'False'
[0.624s] DEBUG:colcon.colcon_core.verb:Building package 'carla_ackermann_control' with the following arguments: {'ament_cmake_args': None, 'build_base': '/home/nisanth/carla_ros_ws/build/carla_ackermann_control', 'catkin_cmake_args': None, 'catkin_skip_building_tests': False, 'cmake_args': None, 'cmake_clean_cache': False, 'cmake_clean_first': False, 'cmake_force_configure': False, 'cmake_target': None, 'cmake_target_skip_unavailable': False, 'install_base': '/home/nisanth/carla_ros_ws/install/carla_ackermann_control', 'merge_install': False, 'path': '/home/nisanth/carla_ros_ws/src/ros-bridge/carla_ackermann_control', 'symlink_install': False, 'test_result_base': None}
[0.624s] Level 5:colcon.colcon_core.verb:set package 'carla_ad_demo' build argument 'cmake_args' from command line to 'None'
[0.624s] Level 5:colcon.colcon_core.verb:set package 'carla_ad_demo' build argument 'cmake_target' from command line to 'None'
[0.624s] Level 5:colcon.colcon_core.verb:set package 'carla_ad_demo' build argument 'cmake_target_skip_unavailable' from command line to 'False'
[0.624s] Level 5:colcon.colcon_core.verb:set package 'carla_ad_demo' build argument 'cmake_clean_cache' from command line to 'False'
[0.624s] Level 5:colcon.colcon_core.verb:set package 'carla_ad_demo' build argument 'cmake_clean_first' from command line to 'False'
[0.624s] Level 5:colcon.colcon_core.verb:set package 'carla_ad_demo' build argument 'cmake_force_configure' from command line to 'False'
[0.624s] Level 5:colcon.colcon_core.verb:set package 'carla_ad_demo' build argument 'ament_cmake_args' from command line to 'None'
[0.624s] Level 5:colcon.colcon_core.verb:set package 'carla_ad_demo' build argument 'catkin_cmake_args' from command line to 'None'
[0.624s] Level 5:colcon.colcon_core.verb:set package 'carla_ad_demo' build argument 'catkin_skip_building_tests' from command line to 'False'
[0.624s] DEBUG:colcon.colcon_core.verb:Building package 'carla_ad_demo' with the following arguments: {'ament_cmake_args': None, 'build_base': '/home/nisanth/carla_ros_ws/build/carla_ad_demo', 'catkin_cmake_args': None, 'catkin_skip_building_tests': False, 'cmake_args': None, 'cmake_clean_cache': False, 'cmake_clean_first': False, 'cmake_force_configure': False, 'cmake_target': None, 'cmake_target_skip_unavailable': False, 'install_base': '/home/nisanth/carla_ros_ws/install/carla_ad_demo', 'merge_install': False, 'path': '/home/nisanth/carla_ros_ws/src/ros-bridge/carla_ad_demo', 'symlink_install': False, 'test_result_base': None}
[0.624s] Level 5:colcon.colcon_core.verb:set package 'pcl_recorder' build argument 'cmake_args' from command line to 'None'
[0.624s] Level 5:colcon.colcon_core.verb:set package 'pcl_recorder' build argument 'cmake_target' from command line to 'None'
[0.624s] Level 5:colcon.colcon_core.verb:set package 'pcl_recorder' build argument 'cmake_target_skip_unavailable' from command line to 'False'
[0.624s] Level 5:colcon.colcon_core.verb:set package 'pcl_recorder' build argument 'cmake_clean_cache' from command line to 'False'
[0.624s] Level 5:colcon.colcon_core.verb:set package 'pcl_recorder' build argument 'cmake_clean_first' from command line to 'False'
[0.624s] Level 5:colcon.colcon_core.verb:set package 'pcl_recorder' build argument 'cmake_force_configure' from command line to 'False'
[0.624s] Level 5:colcon.colcon_core.verb:set package 'pcl_recorder' build argument 'ament_cmake_args' from command line to 'None'
[0.624s] Level 5:colcon.colcon_core.verb:set package 'pcl_recorder' build argument 'catkin_cmake_args' from command line to 'None'
[0.624s] Level 5:colcon.colcon_core.verb:set package 'pcl_recorder' build argument 'catkin_skip_building_tests' from command line to 'False'
[0.624s] DEBUG:colcon.colcon_core.verb:Building package 'pcl_recorder' with the following arguments: {'ament_cmake_args': None, 'build_base': '/home/nisanth/carla_ros_ws/build/pcl_recorder', 'catkin_cmake_args': None, 'catkin_skip_building_tests': False, 'cmake_args': None, 'cmake_clean_cache': False, 'cmake_clean_first': False, 'cmake_force_configure': False, 'cmake_target': None, 'cmake_target_skip_unavailable': False, 'install_base': '/home/nisanth/carla_ros_ws/install/pcl_recorder', 'merge_install': False, 'path': '/home/nisanth/carla_ros_ws/src/ros-bridge/pcl_recorder', 'symlink_install': False, 'test_result_base': None}
[0.624s] INFO:colcon.colcon_core.executor:Executing jobs using 'parallel' executor
[0.625s] DEBUG:colcon.colcon_parallel_executor.executor.parallel:run_until_complete
[0.626s] INFO:colcon.colcon_ros.task.ament_cmake.build:Building ROS package in '/home/nisanth/carla_ros_ws/src/ros-bridge/carla_msgs' with build type 'ament_cmake'
[0.626s] INFO:colcon.colcon_cmake.task.cmake.build:Building CMake package in '/home/nisanth/carla_ros_ws/src/ros-bridge/carla_msgs'
[0.631s] INFO:colcon.colcon_core.plugin_system:Skipping extension 'colcon_core.shell.bat': Not used on non-Windows systems
[0.631s] INFO:colcon.colcon_core.shell:Skip shell extension 'powershell' for command environment: Not usable outside of PowerShell
[0.631s] DEBUG:colcon.colcon_core.shell:Skip shell extension 'dsv' for command environment
[0.634s] INFO:colcon.colcon_ros.task.ament_python.build:Building ROS package in '/home/nisanth/carla_ros_ws/src/ros-bridge/ros_compatibility' with build type 'ament_python'
[0.634s] Level 1:colcon.colcon_core.shell:create_environment_hook('ros_compatibility', 'ament_prefix_path')
[0.635s] INFO:colcon.colcon_core.shell:Creating environment hook '/home/nisanth/carla_ros_ws/install/ros_compatibility/share/ros_compatibility/hook/ament_prefix_path.ps1'
[0.635s] INFO:colcon.colcon_core.shell:Creating environment descriptor '/home/nisanth/carla_ros_ws/install/ros_compatibility/share/ros_compatibility/hook/ament_prefix_path.dsv'
[0.636s] INFO:colcon.colcon_core.shell:Creating environment hook '/home/nisanth/carla_ros_ws/install/ros_compatibility/share/ros_compatibility/hook/ament_prefix_path.sh'
[0.637s] INFO:colcon.colcon_core.shell:Skip shell extension 'powershell' for command environment: Not usable outside of PowerShell
[0.637s] DEBUG:colcon.colcon_core.shell:Skip shell extension 'dsv' for command environment
[0.639s] INFO:colcon.colcon_ros.task.ament_python.build:Building ROS package in '/home/nisanth/carla_ros_ws/src/ros-bridge/carla_common' with build type 'ament_python'
[0.639s] Level 1:colcon.colcon_core.shell:create_environment_hook('carla_common', 'ament_prefix_path')
[0.639s] INFO:colcon.colcon_core.shell:Creating environment hook '/home/nisanth/carla_ros_ws/install/carla_common/share/carla_common/hook/ament_prefix_path.ps1'
[0.640s] INFO:colcon.colcon_core.shell:Creating environment descriptor '/home/nisanth/carla_ros_ws/install/carla_common/share/carla_common/hook/ament_prefix_path.dsv'
[0.640s] INFO:colcon.colcon_core.shell:Creating environment hook '/home/nisanth/carla_ros_ws/install/carla_common/share/carla_common/hook/ament_prefix_path.sh'
[0.641s] INFO:colcon.colcon_core.shell:Skip shell extension 'powershell' for command environment: Not usable outside of PowerShell
[0.641s] DEBUG:colcon.colcon_core.shell:Skip shell extension 'dsv' for command environment
[0.643s] INFO:colcon.colcon_ros.task.ament_cmake.build:Building ROS package in '/home/nisanth/carla_ros_ws/src/ros-bridge/carla_ros_scenario_runner_types' with build type 'ament_cmake'
[0.643s] INFO:colcon.colcon_cmake.task.cmake.build:Building CMake package in '/home/nisanth/carla_ros_ws/src/ros-bridge/carla_ros_scenario_runner_types'
[0.643s] INFO:colcon.colcon_core.shell:Skip shell extension 'powershell' for command environment: Not usable outside of PowerShell
[0.643s] DEBUG:colcon.colcon_core.shell:Skip shell extension 'dsv' for command environment
[0.646s] INFO:colcon.colcon_ros.task.ament_cmake.build:Building ROS package in '/home/nisanth/carla_ros_ws/src/ros-bridge/carla_waypoint_types' with build type 'ament_cmake'
[0.646s] INFO:colcon.colcon_cmake.task.cmake.build:Building CMake package in '/home/nisanth/carla_ros_ws/src/ros-bridge/carla_waypoint_types'
[0.646s] INFO:colcon.colcon_core.shell:Skip shell extension 'powershell' for command environment: Not usable outside of PowerShell
[0.646s] DEBUG:colcon.colcon_core.shell:Skip shell extension 'dsv' for command environment
[0.649s] INFO:colcon.colcon_ros.task.ament_python.build:Building ROS package in '/home/nisanth/carla_ros_ws/src/ros-bridge/carla_twist_to_control' with build type 'ament_python'
[0.649s] Level 1:colcon.colcon_core.shell:create_environment_hook('carla_twist_to_control', 'ament_prefix_path')
[0.649s] INFO:colcon.colcon_core.shell:Creating environment hook '/home/nisanth/carla_ros_ws/install/carla_twist_to_control/share/carla_twist_to_control/hook/ament_prefix_path.ps1'
[0.649s] INFO:colcon.colcon_core.shell:Creating environment descriptor '/home/nisanth/carla_ros_ws/install/carla_twist_to_control/share/carla_twist_to_control/hook/ament_prefix_path.dsv'
[0.650s] INFO:colcon.colcon_core.shell:Creating environment hook '/home/nisanth/carla_ros_ws/install/carla_twist_to_control/share/carla_twist_to_control/hook/ament_prefix_path.sh'
[0.650s] INFO:colcon.colcon_core.shell:Skip shell extension 'powershell' for command environment: Not usable outside of PowerShell
[0.650s] DEBUG:colcon.colcon_core.shell:Skip shell extension 'dsv' for command environment
[0.652s] INFO:colcon.colcon_ros.task.ament_python.build:Building ROS package in '/home/nisanth/carla_ros_ws/src/ros-bridge/rqt_carla_control' with build type 'ament_python'
[0.652s] Level 1:colcon.colcon_core.shell:create_environment_hook('rqt_carla_control', 'ament_prefix_path')
[0.653s] INFO:colcon.colcon_core.shell:Creating environment hook '/home/nisanth/carla_ros_ws/install/rqt_carla_control/share/rqt_carla_control/hook/ament_prefix_path.ps1'
[0.653s] INFO:colcon.colcon_core.shell:Creating environment descriptor '/home/nisanth/carla_ros_ws/install/rqt_carla_control/share/rqt_carla_control/hook/ament_prefix_path.dsv'
[0.653s] INFO:colcon.colcon_core.shell:Creating environment hook '/home/nisanth/carla_ros_ws/install/rqt_carla_control/share/rqt_carla_control/hook/ament_prefix_path.sh'
[0.654s] INFO:colcon.colcon_core.shell:Skip shell extension 'powershell' for command environment: Not usable outside of PowerShell
[0.654s] DEBUG:colcon.colcon_core.shell:Skip shell extension 'dsv' for command environment
[0.665s] DEBUG:colcon.colcon_core.event_handler.log_command:Invoking command in '/home/nisanth/carla_ros_ws/build/carla_msgs': CMAKE_PREFIX_PATH=/opt/ros/humble /usr/bin/cmake /home/nisanth/carla_ros_ws/src/ros-bridge/carla_msgs -DCMAKE_INSTALL_PREFIX=/home/nisanth/carla_ros_ws/install/carla_msgs
[0.848s] INFO:colcon.colcon_core.task.python.build:Building Python package in '/home/nisanth/carla_ros_ws/src/ros-bridge/ros_compatibility'
[0.848s] INFO:colcon.colcon_core.shell:Skip shell extension 'powershell' for command environment: Not usable outside of PowerShell
[0.848s] DEBUG:colcon.colcon_core.shell:Skip shell extension 'dsv' for command environment
[1.033s] INFO:colcon.colcon_core.task.python.build:Building Python package in '/home/nisanth/carla_ros_ws/src/ros-bridge/carla_common'
[1.033s] INFO:colcon.colcon_core.shell:Skip shell extension 'powershell' for command environment: Not usable outside of PowerShell
[1.033s] DEBUG:colcon.colcon_core.shell:Skip shell extension 'dsv' for command environment
[1.040s] DEBUG:colcon.colcon_core.event_handler.log_command:Invoking command in '/home/nisanth/carla_ros_ws/build/carla_ros_scenario_runner_types': CMAKE_PREFIX_PATH=/opt/ros/humble /usr/bin/cmake /home/nisanth/carla_ros_ws/src/ros-bridge/carla_ros_scenario_runner_types -DCMAKE_INSTALL_PREFIX=/home/nisanth/carla_ros_ws/install/carla_ros_scenario_runner_types
[1.043s] DEBUG:colcon.colcon_core.event_handler.log_command:Invoking command in '/home/nisanth/carla_ros_ws/build/carla_waypoint_types': CMAKE_PREFIX_PATH=/opt/ros/humble /usr/bin/cmake /home/nisanth/carla_ros_ws/src/ros-bridge/carla_waypoint_types -DCMAKE_INSTALL_PREFIX=/home/nisanth/carla_ros_ws/install/carla_waypoint_types
[1.245s] INFO:colcon.colcon_core.task.python.build:Building Python package in '/home/nisanth/carla_ros_ws/src/ros-bridge/carla_twist_to_control'
[1.245s] INFO:colcon.colcon_core.shell:Skip shell extension 'powershell' for command environment: Not usable outside of PowerShell
[1.245s] DEBUG:colcon.colcon_core.shell:Skip shell extension 'dsv' for command environment
[1.452s] INFO:colcon.colcon_core.task.python.build:Building Python package in '/home/nisanth/carla_ros_ws/src/ros-bridge/rqt_carla_control'
[1.452s] INFO:colcon.colcon_core.shell:Skip shell extension 'powershell' for command environment: Not usable outside of PowerShell
[1.452s] DEBUG:colcon.colcon_core.shell:Skip shell extension 'dsv' for command environment
[2.006s] DEBUG:colcon.colcon_core.event_handler.log_command:Invoking command in '/home/nisanth/carla_ros_ws/src/ros-bridge/carla_twist_to_control': PYTHONPATH=/home/nisanth/carla_ros_ws/build/carla_twist_to_control/prefix_override:/usr/lib/python3/dist-packages/colcon_core/task/python/colcon_distutils_commands:/home/nisanth/carla_ros_ws/install/carla_twist_to_control/lib/python3.10/site-packages:${PYTHONPATH} /usr/bin/python3 -W ignore:setup.py install is deprecated -W ignore:easy_install command is deprecated setup.py egg_info --egg-base ../../../build/carla_twist_to_control build --build-base /home/nisanth/carla_ros_ws/build/carla_twist_to_control/build install --record /home/nisanth/carla_ros_ws/build/carla_twist_to_control/install.log --single-version-externally-managed install_data
[2.012s] DEBUG:colcon.colcon_core.event_handler.log_command:Invoking command in '/home/nisanth/carla_ros_ws/src/ros-bridge/rqt_carla_control': PYTHONPATH=/home/nisanth/carla_ros_ws/build/rqt_carla_control/prefix_override:/usr/lib/python3/dist-packages/colcon_core/task/python/colcon_distutils_commands:/home/nisanth/carla_ros_ws/install/rqt_carla_control/lib/python3.10/site-packages:${PYTHONPATH} /usr/bin/python3 -W ignore:setup.py install is deprecated -W ignore:easy_install command is deprecated setup.py egg_info --egg-base ../../../build/rqt_carla_control build --build-base /home/nisanth/carla_ros_ws/build/rqt_carla_control/build install --record /home/nisanth/carla_ros_ws/build/rqt_carla_control/install.log --single-version-externally-managed install_data
[2.016s] DEBUG:colcon.colcon_core.event_handler.log_command:Invoking command in '/home/nisanth/carla_ros_ws/src/ros-bridge/carla_common': PYTHONPATH=/home/nisanth/carla_ros_ws/build/carla_common/prefix_override:/usr/lib/python3/dist-packages/colcon_core/task/python/colcon_distutils_commands:/home/nisanth/carla_ros_ws/install/carla_common/lib/python3.10/site-packages:${PYTHONPATH} /usr/bin/python3 -W ignore:setup.py install is deprecated -W ignore:easy_install command is deprecated setup.py egg_info --egg-base ../../../build/carla_common build --build-base /home/nisanth/carla_ros_ws/build/carla_common/build install --record /home/nisanth/carla_ros_ws/build/carla_common/install.log --single-version-externally-managed install_data
[2.017s] DEBUG:colcon.colcon_core.event_handler.log_command:Invoking command in '/home/nisanth/carla_ros_ws/src/ros-bridge/ros_compatibility': PYTHONPATH=/home/nisanth/carla_ros_ws/build/ros_compatibility/prefix_override:/usr/lib/python3/dist-packages/colcon_core/task/python/colcon_distutils_commands:/home/nisanth/carla_ros_ws/install/ros_compatibility/lib/python3.10/site-packages:${PYTHONPATH} /usr/bin/python3 -W ignore:setup.py install is deprecated -W ignore:easy_install command is deprecated setup.py egg_info --egg-base ../../../build/ros_compatibility build --build-base /home/nisanth/carla_ros_ws/build/ros_compatibility/build install --record /home/nisanth/carla_ros_ws/build/ros_compatibility/install.log --single-version-externally-managed install_data
[2.331s] DEBUG:colcon.colcon_core.event_handler.log_command:Invoked command in '/home/nisanth/carla_ros_ws/src/ros-bridge/carla_common' returned '0': PYTHONPATH=/home/nisanth/carla_ros_ws/build/carla_common/prefix_override:/usr/lib/python3/dist-packages/colcon_core/task/python/colcon_distutils_commands:/home/nisanth/carla_ros_ws/install/carla_common/lib/python3.10/site-packages:${PYTHONPATH} /usr/bin/python3 -W ignore:setup.py install is deprecated -W ignore:easy_install command is deprecated setup.py egg_info --egg-base ../../../build/carla_common build --build-base /home/nisanth/carla_ros_ws/build/carla_common/build install --record /home/nisanth/carla_ros_ws/build/carla_common/install.log --single-version-externally-managed install_data
[2.337s] Level 1:colcon.colcon_core.environment:checking '/home/nisanth/carla_ros_ws/install/carla_common' for CMake module files
[2.338s] Level 1:colcon.colcon_core.environment:checking '/home/nisanth/carla_ros_ws/install/carla_common' for CMake config files
[2.342s] Level 1:colcon.colcon_core.environment:checking '/home/nisanth/carla_ros_ws/install/carla_common/lib'
[2.342s] Level 1:colcon.colcon_core.environment:checking '/home/nisanth/carla_ros_ws/install/carla_common/bin'
[2.342s] Level 1:colcon.colcon_core.environment:checking '/home/nisanth/carla_ros_ws/install/carla_common/lib/pkgconfig/carla_common.pc'
[2.342s] Level 1:colcon.colcon_core.environment:checking '/home/nisanth/carla_ros_ws/install/carla_common/lib/python3.10/site-packages'
[2.342s] Level 1:colcon.colcon_core.shell:create_environment_hook('carla_common', 'pythonpath')
[2.343s] INFO:colcon.colcon_core.shell:Creating environment hook '/home/nisanth/carla_ros_ws/install/carla_common/share/carla_common/hook/pythonpath.ps1'
[2.343s] INFO:colcon.colcon_core.shell:Creating environment descriptor '/home/nisanth/carla_ros_ws/install/carla_common/share/carla_common/hook/pythonpath.dsv'
[2.344s] INFO:colcon.colcon_core.shell:Creating environment hook '/home/nisanth/carla_ros_ws/install/carla_common/share/carla_common/hook/pythonpath.sh'
[2.344s] Level 1:colcon.colcon_core.environment:checking '/home/nisanth/carla_ros_ws/install/carla_common/bin'
[2.344s] Level 1:colcon.colcon_core.environment:create_environment_scripts_only(carla_common)
[2.345s] INFO:colcon.colcon_core.shell:Creating package script '/home/nisanth/carla_ros_ws/install/carla_common/share/carla_common/package.ps1'
[2.349s] INFO:colcon.colcon_core.shell:Creating package descriptor '/home/nisanth/carla_ros_ws/install/carla_common/share/carla_common/package.dsv'
[2.350s] INFO:colcon.colcon_core.shell:Creating package script '/home/nisanth/carla_ros_ws/install/carla_common/share/carla_common/package.sh'
[2.351s] INFO:colcon.colcon_core.shell:Creating package script '/home/nisanth/carla_ros_ws/install/carla_common/share/carla_common/package.bash'
[2.352s] INFO:colcon.colcon_core.shell:Creating package script '/home/nisanth/carla_ros_ws/install/carla_common/share/carla_common/package.zsh'
[2.352s] Level 1:colcon.colcon_core.environment:create_file_with_runtime_dependencies(/home/nisanth/carla_ros_ws/install/carla_common/share/colcon-core/packages/carla_common)
[2.355s] Level 1:colcon.colcon_core.environment:checking '/home/nisanth/carla_ros_ws/install/ros_compatibility' for CMake module files
[2.355s] DEBUG:colcon.colcon_core.event_handler.log_command:Invoked command in '/home/nisanth/carla_ros_ws/src/ros-bridge/ros_compatibility' returned '0': PYTHONPATH=/home/nisanth/carla_ros_ws/build/ros_compatibility/prefix_override:/usr/lib/python3/dist-packages/colcon_core/task/python/colcon_distutils_commands:/home/nisanth/carla_ros_ws/install/ros_compatibility/lib/python3.10/site-packages:${PYTHONPATH} /usr/bin/python3 -W ignore:setup.py install is deprecated -W ignore:easy_install command is deprecated setup.py egg_info --egg-base ../../../build/ros_compatibility build --build-base /home/nisanth/carla_ros_ws/build/ros_compatibility/build install --record /home/nisanth/carla_ros_ws/build/ros_compatibility/install.log --single-version-externally-managed install_data
[2.356s] Level 1:colcon.colcon_core.environment:checking '/home/nisanth/carla_ros_ws/install/ros_compatibility' for CMake config files
[2.359s] Level 1:colcon.colcon_core.environment:checking '/home/nisanth/carla_ros_ws/install/ros_compatibility/lib'
[2.359s] Level 1:colcon.colcon_core.environment:checking '/home/nisanth/carla_ros_ws/install/ros_compatibility/bin'
[2.359s] Level 1:colcon.colcon_core.environment:checking '/home/nisanth/carla_ros_ws/install/ros_compatibility/lib/pkgconfig/ros_compatibility.pc'
[2.359s] Level 1:colcon.colcon_core.environment:checking '/home/nisanth/carla_ros_ws/install/ros_compatibility/lib/python3.10/site-packages'
[2.359s] Level 1:colcon.colcon_core.shell:create_environment_hook('ros_compatibility', 'pythonpath')
[2.359s] INFO:colcon.colcon_core.shell:Creating environment hook '/home/nisanth/carla_ros_ws/install/ros_compatibility/share/ros_compatibility/hook/pythonpath.ps1'
[2.360s] INFO:colcon.colcon_core.shell:Creating environment descriptor '/home/nisanth/carla_ros_ws/install/ros_compatibility/share/ros_compatibility/hook/pythonpath.dsv'
[2.360s] INFO:colcon.colcon_core.shell:Creating environment hook '/home/nisanth/carla_ros_ws/install/ros_compatibility/share/ros_compatibility/hook/pythonpath.sh'
[2.361s] Level 1:colcon.colcon_core.environment:checking '/home/nisanth/carla_ros_ws/install/ros_compatibility/bin'
[2.361s] Level 1:colcon.colcon_core.environment:create_environment_scripts_only(ros_compatibility)
[2.361s] INFO:colcon.colcon_core.shell:Creating package script '/home/nisanth/carla_ros_ws/install/ros_compatibility/share/ros_compatibility/package.ps1'
[2.361s] INFO:colcon.colcon_core.shell:Creating package descriptor '/home/nisanth/carla_ros_ws/install/ros_compatibility/share/ros_compatibility/package.dsv'
[2.362s] INFO:colcon.colcon_core.shell:Creating package script '/home/nisanth/carla_ros_ws/install/ros_compatibility/share/ros_compatibility/package.sh'
[2.362s] INFO:colcon.colcon_core.shell:Creating package script '/home/nisanth/carla_ros_ws/install/ros_compatibility/share/ros_compatibility/package.bash'
[2.362s] INFO:colcon.colcon_core.shell:Creating package script '/home/nisanth/carla_ros_ws/install/ros_compatibility/share/ros_compatibility/package.zsh'
[2.362s] Level 1:colcon.colcon_core.environment:create_file_with_runtime_dependencies(/home/nisanth/carla_ros_ws/install/ros_compatibility/share/colcon-core/packages/ros_compatibility)
[2.363s] Level 1:colcon.colcon_core.environment:checking '/home/nisanth/carla_ros_ws/install/carla_twist_to_control' for CMake module files
[2.364s] DEBUG:colcon.colcon_core.event_handler.log_command:Invoked command in '/home/nisanth/carla_ros_ws/src/ros-bridge/carla_twist_to_control' returned '0': PYTHONPATH=/home/nisanth/carla_ros_ws/build/carla_twist_to_control/prefix_override:/usr/lib/python3/dist-packages/colcon_core/task/python/colcon_distutils_commands:/home/nisanth/carla_ros_ws/install/carla_twist_to_control/lib/python3.10/site-packages:${PYTHONPATH} /usr/bin/python3 -W ignore:setup.py install is deprecated -W ignore:easy_install command is deprecated setup.py egg_info --egg-base ../../../build/carla_twist_to_control build --build-base /home/nisanth/carla_ros_ws/build/carla_twist_to_control/build install --record /home/nisanth/carla_ros_ws/build/carla_twist_to_control/install.log --single-version-externally-managed install_data
[2.364s] Level 1:colcon.colcon_core.environment:checking '/home/nisanth/carla_ros_ws/install/carla_twist_to_control' for CMake config files
[2.369s] Level 1:colcon.colcon_core.environment:checking '/home/nisanth/carla_ros_ws/install/carla_twist_to_control/lib'
[2.369s] Level 1:colcon.colcon_core.environment:checking '/home/nisanth/carla_ros_ws/install/carla_twist_to_control/bin'
[2.369s] Level 1:colcon.colcon_core.environment:checking '/home/nisanth/carla_ros_ws/install/carla_twist_to_control/lib/pkgconfig/carla_twist_to_control.pc'
[2.369s] Level 1:colcon.colcon_core.environment:checking '/home/nisanth/carla_ros_ws/install/carla_twist_to_control/lib/python3.10/site-packages'
[2.369s] Level 1:colcon.colcon_core.shell:create_environment_hook('carla_twist_to_control', 'pythonpath')
[2.370s] INFO:colcon.colcon_core.shell:Creating environment hook '/home/nisanth/carla_ros_ws/install/carla_twist_to_control/share/carla_twist_to_control/hook/pythonpath.ps1'
[2.370s] INFO:colcon.colcon_core.shell:Creating environment descriptor '/home/nisanth/carla_ros_ws/install/carla_twist_to_control/share/carla_twist_to_control/hook/pythonpath.dsv'
[2.370s] INFO:colcon.colcon_core.shell:Creating environment hook '/home/nisanth/carla_ros_ws/install/carla_twist_to_control/share/carla_twist_to_control/hook/pythonpath.sh'
[2.371s] Level 1:colcon.colcon_core.environment:checking '/home/nisanth/carla_ros_ws/install/carla_twist_to_control/bin'
[2.371s] Level 1:colcon.colcon_core.environment:create_environment_scripts_only(carla_twist_to_control)
[2.371s] INFO:colcon.colcon_core.shell:Creating package script '/home/nisanth/carla_ros_ws/install/carla_twist_to_control/share/carla_twist_to_control/package.ps1'
[2.372s] INFO:colcon.colcon_core.shell:Creating package descriptor '/home/nisanth/carla_ros_ws/install/carla_twist_to_control/share/carla_twist_to_control/package.dsv'
[2.372s] INFO:colcon.colcon_core.shell:Creating package script '/home/nisanth/carla_ros_ws/install/carla_twist_to_control/share/carla_twist_to_control/package.sh'
[2.373s] INFO:colcon.colcon_core.shell:Creating package script '/home/nisanth/carla_ros_ws/install/carla_twist_to_control/share/carla_twist_to_control/package.bash'
[2.373s] INFO:colcon.colcon_core.shell:Creating package script '/home/nisanth/carla_ros_ws/install/carla_twist_to_control/share/carla_twist_to_control/package.zsh'
[2.374s] Level 1:colcon.colcon_core.environment:create_file_with_runtime_dependencies(/home/nisanth/carla_ros_ws/install/carla_twist_to_control/share/colcon-core/packages/carla_twist_to_control)
[2.375s] Level 1:colcon.colcon_core.environment:checking '/home/nisanth/carla_ros_ws/install/rqt_carla_control' for CMake module files
[2.376s] DEBUG:colcon.colcon_core.event_handler.log_command:Invoked command in '/home/nisanth/carla_ros_ws/src/ros-bridge/rqt_carla_control' returned '0': PYTHONPATH=/home/nisanth/carla_ros_ws/build/rqt_carla_control/prefix_override:/usr/lib/python3/dist-packages/colcon_core/task/python/colcon_distutils_commands:/home/nisanth/carla_ros_ws/install/rqt_carla_control/lib/python3.10/site-packages:${PYTHONPATH} /usr/bin/python3 -W ignore:setup.py install is deprecated -W ignore:easy_install command is deprecated setup.py egg_info --egg-base ../../../build/rqt_carla_control build --build-base /home/nisanth/carla_ros_ws/build/rqt_carla_control/build install --record /home/nisanth/carla_ros_ws/build/rqt_carla_control/install.log --single-version-externally-managed install_data
[2.376s] Level 1:colcon.colcon_core.environment:checking '/home/nisanth/carla_ros_ws/install/rqt_carla_control' for CMake config files
[2.379s] Level 1:colcon.colcon_core.environment:checking '/home/nisanth/carla_ros_ws/install/rqt_carla_control/lib'
[2.379s] Level 1:colcon.colcon_core.environment:checking '/home/nisanth/carla_ros_ws/install/rqt_carla_control/bin'
[2.379s] Level 1:colcon.colcon_core.environment:checking '/home/nisanth/carla_ros_ws/install/rqt_carla_control/lib/pkgconfig/rqt_carla_control.pc'
[2.379s] Level 1:colcon.colcon_core.environment:checking '/home/nisanth/carla_ros_ws/install/rqt_carla_control/lib/python3.10/site-packages'
[2.379s] Level 1:colcon.colcon_core.shell:create_environment_hook('rqt_carla_control', 'pythonpath')
[2.379s] INFO:colcon.colcon_core.shell:Creating environment hook '/home/nisanth/carla_ros_ws/install/rqt_carla_control/share/rqt_carla_control/hook/pythonpath.ps1'
[2.379s] INFO:colcon.colcon_core.shell:Creating environment descriptor '/home/nisanth/carla_ros_ws/install/rqt_carla_control/share/rqt_carla_control/hook/pythonpath.dsv'
[2.380s] INFO:colcon.colcon_core.shell:Creating environment hook '/home/nisanth/carla_ros_ws/install/rqt_carla_control/share/rqt_carla_control/hook/pythonpath.sh'
[2.381s] Level 1:colcon.colcon_core.environment:checking '/home/nisanth/carla_ros_ws/install/rqt_carla_control/bin'
[2.381s] Level 1:colcon.colcon_core.environment:create_environment_scripts_only(rqt_carla_control)
[2.381s] INFO:colcon.colcon_core.shell:Creating package script '/home/nisanth/carla_ros_ws/install/rqt_carla_control/share/rqt_carla_control/package.ps1'
[2.381s] INFO:colcon.colcon_core.shell:Creating package descriptor '/home/nisanth/carla_ros_ws/install/rqt_carla_control/share/rqt_carla_control/package.dsv'
[2.382s] INFO:colcon.colcon_core.shell:Creating package script '/home/nisanth/carla_ros_ws/install/rqt_carla_control/share/rqt_carla_control/package.sh'
[2.382s] INFO:colcon.colcon_core.shell:Creating package script '/home/nisanth/carla_ros_ws/install/rqt_carla_control/share/rqt_carla_control/package.bash'
[2.382s] INFO:colcon.colcon_core.shell:Creating package script '/home/nisanth/carla_ros_ws/install/rqt_carla_control/share/rqt_carla_control/package.zsh'
[2.382s] Level 1:colcon.colcon_core.environment:create_file_with_runtime_dependencies(/home/nisanth/carla_ros_ws/install/rqt_carla_control/share/colcon-core/packages/rqt_carla_control)
[2.433s] DEBUG:colcon.colcon_core.event_handler.log_command:Invoked command in '/home/nisanth/carla_ros_ws/build/carla_ros_scenario_runner_types' returned '0': CMAKE_PREFIX_PATH=/opt/ros/humble /usr/bin/cmake /home/nisanth/carla_ros_ws/src/ros-bridge/carla_ros_scenario_runner_types -DCMAKE_INSTALL_PREFIX=/home/nisanth/carla_ros_ws/install/carla_ros_scenario_runner_types
[2.435s] DEBUG:colcon.colcon_core.event_handler.log_command:Invoking command in '/home/nisanth/carla_ros_ws/build/carla_ros_scenario_runner_types': CMAKE_PREFIX_PATH=/opt/ros/humble /usr/bin/cmake --build /home/nisanth/carla_ros_ws/build/carla_ros_scenario_runner_types -- -j12 -l12
[2.455s] DEBUG:colcon.colcon_core.event_handler.log_command:Invoked command in '/home/nisanth/carla_ros_ws/build/carla_msgs' returned '0': CMAKE_PREFIX_PATH=/opt/ros/humble /usr/bin/cmake /home/nisanth/carla_ros_ws/src/ros-bridge/carla_msgs -DCMAKE_INSTALL_PREFIX=/home/nisanth/carla_ros_ws/install/carla_msgs
[2.457s] DEBUG:colcon.colcon_core.event_handler.log_command:Invoking command in '/home/nisanth/carla_ros_ws/build/carla_msgs': CMAKE_PREFIX_PATH=/opt/ros/humble /usr/bin/cmake --build /home/nisanth/carla_ros_ws/build/carla_msgs -- -j12 -l12
[2.485s] DEBUG:colcon.colcon_core.event_handler.log_command:Invoked command in '/home/nisanth/carla_ros_ws/build/carla_waypoint_types' returned '0': CMAKE_PREFIX_PATH=/opt/ros/humble /usr/bin/cmake /home/nisanth/carla_ros_ws/src/ros-bridge/carla_waypoint_types -DCMAKE_INSTALL_PREFIX=/home/nisanth/carla_ros_ws/install/carla_waypoint_types
[2.487s] DEBUG:colcon.colcon_core.event_handler.log_command:Invoking command in '/home/nisanth/carla_ros_ws/build/carla_waypoint_types': CMAKE_PREFIX_PATH=/opt/ros/humble /usr/bin/cmake --build /home/nisanth/carla_ros_ws/build/carla_waypoint_types -- -j12 -l12
[2.812s] DEBUG:colcon.colcon_core.event_handler.log_command:Invoked command in '/home/nisanth/carla_ros_ws/build/carla_ros_scenario_runner_types' returned '0': CMAKE_PREFIX_PATH=/opt/ros/humble /usr/bin/cmake --build /home/nisanth/carla_ros_ws/build/carla_ros_scenario_runner_types -- -j12 -l12
[2.823s] DEBUG:colcon.colcon_core.event_handler.log_command:Invoking command in '/home/nisanth/carla_ros_ws/build/carla_ros_scenario_runner_types': CMAKE_PREFIX_PATH=/opt/ros/humble /usr/bin/cmake --install /home/nisanth/carla_ros_ws/build/carla_ros_scenario_runner_types
[2.873s] DEBUG:colcon.colcon_core.event_handler.log_command:Invoked command in '/home/nisanth/carla_ros_ws/build/carla_waypoint_types' returned '0': CMAKE_PREFIX_PATH=/opt/ros/humble /usr/bin/cmake --build /home/nisanth/carla_ros_ws/build/carla_waypoint_types -- -j12 -l12
[2.876s] DEBUG:colcon.colcon_core.event_handler.log_command:Invoking command in '/home/nisanth/carla_ros_ws/build/carla_waypoint_types': CMAKE_PREFIX_PATH=/opt/ros/humble /usr/bin/cmake --install /home/nisanth/carla_ros_ws/build/carla_waypoint_types
[2.939s] Level 1:colcon.colcon_core.environment:create_environment_scripts_only(carla_ros_scenario_runner_types)
[2.940s] Level 1:colcon.colcon_core.environment:checking '/home/nisanth/carla_ros_ws/install/carla_ros_scenario_runner_types' for CMake module files
[2.940s] DEBUG:colcon.colcon_core.event_handler.log_command:Invoked command in '/home/nisanth/carla_ros_ws/build/carla_ros_scenario_runner_types' returned '0': CMAKE_PREFIX_PATH=/opt/ros/humble /usr/bin/cmake --install /home/nisanth/carla_ros_ws/build/carla_ros_scenario_runner_types
[2.941s] Level 1:colcon.colcon_core.environment:checking '/home/nisanth/carla_ros_ws/install/carla_ros_scenario_runner_types' for CMake config files
[2.947s] Level 1:colcon.colcon_core.shell:create_environment_hook('carla_ros_scenario_runner_types', 'cmake_prefix_path')
[2.947s] INFO:colcon.colcon_core.shell:Creating environment hook '/home/nisanth/carla_ros_ws/install/carla_ros_scenario_runner_types/share/carla_ros_scenario_runner_types/hook/cmake_prefix_path.ps1'
[2.947s] INFO:colcon.colcon_core.shell:Creating environment descriptor '/home/nisanth/carla_ros_ws/install/carla_ros_scenario_runner_types/share/carla_ros_scenario_runner_types/hook/cmake_prefix_path.dsv'
[2.948s] INFO:colcon.colcon_core.shell:Creating environment hook '/home/nisanth/carla_ros_ws/install/carla_ros_scenario_runner_types/share/carla_ros_scenario_runner_types/hook/cmake_prefix_path.sh'
[2.948s] Level 1:colcon.colcon_core.environment:checking '/home/nisanth/carla_ros_ws/install/carla_ros_scenario_runner_types/lib'
[2.948s] Level 1:colcon.colcon_core.shell:create_environment_hook('carla_ros_scenario_runner_types', 'ld_library_path_lib')
[2.949s] INFO:colcon.colcon_core.shell:Creating environment hook '/home/nisanth/carla_ros_ws/install/carla_ros_scenario_runner_types/share/carla_ros_scenario_runner_types/hook/ld_library_path_lib.ps1'
[2.949s] INFO:colcon.colcon_core.shell:Creating environment descriptor '/home/nisanth/carla_ros_ws/install/carla_ros_scenario_runner_types/share/carla_ros_scenario_runner_types/hook/ld_library_path_lib.dsv'
[2.949s] INFO:colcon.colcon_core.shell:Creating environment hook '/home/nisanth/carla_ros_ws/install/carla_ros_scenario_runner_types/share/carla_ros_scenario_runner_types/hook/ld_library_path_lib.sh'
[2.949s] Level 1:colcon.colcon_core.environment:checking '/home/nisanth/carla_ros_ws/install/carla_ros_scenario_runner_types/bin'
[2.949s] Level 1:colcon.colcon_core.environment:checking '/home/nisanth/carla_ros_ws/install/carla_ros_scenario_runner_types/lib/pkgconfig/carla_ros_scenario_runner_types.pc'
[2.950s] Level 1:colcon.colcon_core.environment:checking '/home/nisanth/carla_ros_ws/install/carla_ros_scenario_runner_types/lib/python3.10/site-packages'
[2.950s] Level 1:colcon.colcon_core.environment:checking '/home/nisanth/carla_ros_ws/install/carla_ros_scenario_runner_types/bin'
[2.950s] INFO:colcon.colcon_core.shell:Creating package script '/home/nisanth/carla_ros_ws/install/carla_ros_scenario_runner_types/share/carla_ros_scenario_runner_types/package.ps1'
[2.950s] INFO:colcon.colcon_core.shell:Creating package descriptor '/home/nisanth/carla_ros_ws/install/carla_ros_scenario_runner_types/share/carla_ros_scenario_runner_types/package.dsv'
[2.951s] INFO:colcon.colcon_core.shell:Creating package script '/home/nisanth/carla_ros_ws/install/carla_ros_scenario_runner_types/share/carla_ros_scenario_runner_types/package.sh'
[2.951s] INFO:colcon.colcon_core.shell:Creating package script '/home/nisanth/carla_ros_ws/install/carla_ros_scenario_runner_types/share/carla_ros_scenario_runner_types/package.bash'
[2.951s] INFO:colcon.colcon_core.shell:Creating package script '/home/nisanth/carla_ros_ws/install/carla_ros_scenario_runner_types/share/carla_ros_scenario_runner_types/package.zsh'
[2.952s] Level 1:colcon.colcon_core.environment:create_file_with_runtime_dependencies(/home/nisanth/carla_ros_ws/install/carla_ros_scenario_runner_types/share/colcon-core/packages/carla_ros_scenario_runner_types)
[2.952s] Level 1:colcon.colcon_core.environment:create_environment_scripts_only(carla_ros_scenario_runner_types)
[2.952s] Level 1:colcon.colcon_core.environment:checking '/home/nisanth/carla_ros_ws/install/carla_ros_scenario_runner_types' for CMake module files
[2.953s] Level 1:colcon.colcon_core.environment:checking '/home/nisanth/carla_ros_ws/install/carla_ros_scenario_runner_types' for CMake config files
[2.954s] Level 1:colcon.colcon_core.shell:create_environment_hook('carla_ros_scenario_runner_types', 'cmake_prefix_path')
[2.954s] INFO:colcon.colcon_core.shell:Creating environment hook '/home/nisanth/carla_ros_ws/install/carla_ros_scenario_runner_types/share/carla_ros_scenario_runner_types/hook/cmake_prefix_path.ps1'
[2.954s] INFO:colcon.colcon_core.shell:Creating environment descriptor '/home/nisanth/carla_ros_ws/install/carla_ros_scenario_runner_types/share/carla_ros_scenario_runner_types/hook/cmake_prefix_path.dsv'
[2.955s] INFO:colcon.colcon_core.shell:Creating environment hook '/home/nisanth/carla_ros_ws/install/carla_ros_scenario_runner_types/share/carla_ros_scenario_runner_types/hook/cmake_prefix_path.sh'
[2.955s] Level 1:colcon.colcon_core.environment:checking '/home/nisanth/carla_ros_ws/install/carla_ros_scenario_runner_types/lib'
[2.955s] Level 1:colcon.colcon_core.shell:create_environment_hook('carla_ros_scenario_runner_types', 'ld_library_path_lib')
[2.955s] INFO:colcon.colcon_core.shell:Creating environment hook '/home/nisanth/carla_ros_ws/install/carla_ros_scenario_runner_types/share/carla_ros_scenario_runner_types/hook/ld_library_path_lib.ps1'
[2.956s] INFO:colcon.colcon_core.shell:Creating environment descriptor '/home/nisanth/carla_ros_ws/install/carla_ros_scenario_runner_types/share/carla_ros_scenario_runner_types/hook/ld_library_path_lib.dsv'
[2.956s] INFO:colcon.colcon_core.shell:Creating environment hook '/home/nisanth/carla_ros_ws/install/carla_ros_scenario_runner_types/share/carla_ros_scenario_runner_types/hook/ld_library_path_lib.sh'
[2.956s] Level 1:colcon.colcon_core.environment:checking '/home/nisanth/carla_ros_ws/install/carla_ros_scenario_runner_types/bin'
[2.956s] Level 1:colcon.colcon_core.environment:checking '/home/nisanth/carla_ros_ws/install/carla_ros_scenario_runner_types/lib/pkgconfig/carla_ros_scenario_runner_types.pc'
[2.956s] Level 1:colcon.colcon_core.environment:checking '/home/nisanth/carla_ros_ws/install/carla_ros_scenario_runner_types/lib/python3.10/site-packages'
[2.957s] Level 1:colcon.colcon_core.environment:checking '/home/nisanth/carla_ros_ws/install/carla_ros_scenario_runner_types/bin'
[2.957s] INFO:colcon.colcon_core.shell:Creating package script '/home/nisanth/carla_ros_ws/install/carla_ros_scenario_runner_types/share/carla_ros_scenario_runner_types/package.ps1'
[2.957s] INFO:colcon.colcon_core.shell:Creating package descriptor '/home/nisanth/carla_ros_ws/install/carla_ros_scenario_runner_types/share/carla_ros_scenario_runner_types/package.dsv'
[2.958s] INFO:colcon.colcon_core.shell:Creating package script '/home/nisanth/carla_ros_ws/install/carla_ros_scenario_runner_types/share/carla_ros_scenario_runner_types/package.sh'
[2.958s] INFO:colcon.colcon_core.shell:Creating package script '/home/nisanth/carla_ros_ws/install/carla_ros_scenario_runner_types/share/carla_ros_scenario_runner_types/package.bash'
[2.958s] INFO:colcon.colcon_core.shell:Creating package script '/home/nisanth/carla_ros_ws/install/carla_ros_scenario_runner_types/share/carla_ros_scenario_runner_types/package.zsh'
[2.958s] Level 1:colcon.colcon_core.environment:create_file_with_runtime_dependencies(/home/nisanth/carla_ros_ws/install/carla_ros_scenario_runner_types/share/colcon-core/packages/carla_ros_scenario_runner_types)
[2.984s] Level 1:colcon.colcon_core.environment:create_environment_scripts_only(carla_waypoint_types)
[2.984s] Level 1:colcon.colcon_core.environment:checking '/home/nisanth/carla_ros_ws/install/carla_waypoint_types' for CMake module files
[2.984s] DEBUG:colcon.colcon_core.event_handler.log_command:Invoked command in '/home/nisanth/carla_ros_ws/build/carla_waypoint_types' returned '0': CMAKE_PREFIX_PATH=/opt/ros/humble /usr/bin/cmake --install /home/nisanth/carla_ros_ws/build/carla_waypoint_types
[2.985s] Level 1:colcon.colcon_core.environment:checking '/home/nisanth/carla_ros_ws/install/carla_waypoint_types' for CMake config files
[2.990s] Level 1:colcon.colcon_core.shell:create_environment_hook('carla_waypoint_types', 'cmake_prefix_path')
[2.990s] INFO:colcon.colcon_core.shell:Creating environment hook '/home/nisanth/carla_ros_ws/install/carla_waypoint_types/share/carla_waypoint_types/hook/cmake_prefix_path.ps1'
[2.991s] INFO:colcon.colcon_core.shell:Creating environment descriptor '/home/nisanth/carla_ros_ws/install/carla_waypoint_types/share/carla_waypoint_types/hook/cmake_prefix_path.dsv'
[2.991s] INFO:colcon.colcon_core.shell:Creating environment hook '/home/nisanth/carla_ros_ws/install/carla_waypoint_types/share/carla_waypoint_types/hook/cmake_prefix_path.sh'
[2.991s] Level 1:colcon.colcon_core.environment:checking '/home/nisanth/carla_ros_ws/install/carla_waypoint_types/lib'
[2.992s] Level 1:colcon.colcon_core.shell:create_environment_hook('carla_waypoint_types', 'ld_library_path_lib')
[2.992s] INFO:colcon.colcon_core.shell:Creating environment hook '/home/nisanth/carla_ros_ws/install/carla_waypoint_types/share/carla_waypoint_types/hook/ld_library_path_lib.ps1'
[2.992s] INFO:colcon.colcon_core.shell:Creating environment descriptor '/home/nisanth/carla_ros_ws/install/carla_waypoint_types/share/carla_waypoint_types/hook/ld_library_path_lib.dsv'
[2.992s] INFO:colcon.colcon_core.shell:Creating environment hook '/home/nisanth/carla_ros_ws/install/carla_waypoint_types/share/carla_waypoint_types/hook/ld_library_path_lib.sh'
[2.993s] Level 1:colcon.colcon_core.environment:checking '/home/nisanth/carla_ros_ws/install/carla_waypoint_types/bin'
[2.993s] Level 1:colcon.colcon_core.environment:checking '/home/nisanth/carla_ros_ws/install/carla_waypoint_types/lib/pkgconfig/carla_waypoint_types.pc'
[2.993s] Level 1:colcon.colcon_core.environment:checking '/home/nisanth/carla_ros_ws/install/carla_waypoint_types/lib/python3.10/site-packages'
[2.993s] Level 1:colcon.colcon_core.environment:checking '/home/nisanth/carla_ros_ws/install/carla_waypoint_types/bin'
[2.993s] INFO:colcon.colcon_core.shell:Creating package script '/home/nisanth/carla_ros_ws/install/carla_waypoint_types/share/carla_waypoint_types/package.ps1'
[2.994s] INFO:colcon.colcon_core.shell:Creating package descriptor '/home/nisanth/carla_ros_ws/install/carla_waypoint_types/share/carla_waypoint_types/package.dsv'
[2.994s] INFO:colcon.colcon_core.shell:Creating package script '/home/nisanth/carla_ros_ws/install/carla_waypoint_types/share/carla_waypoint_types/package.sh'
[2.994s] INFO:colcon.colcon_core.shell:Creating package script '/home/nisanth/carla_ros_ws/install/carla_waypoint_types/share/carla_waypoint_types/package.bash'
[2.995s] INFO:colcon.colcon_core.shell:Creating package script '/home/nisanth/carla_ros_ws/install/carla_waypoint_types/share/carla_waypoint_types/package.zsh'
[2.995s] Level 1:colcon.colcon_core.environment:create_file_with_runtime_dependencies(/home/nisanth/carla_ros_ws/install/carla_waypoint_types/share/colcon-core/packages/carla_waypoint_types)
[2.995s] Level 1:colcon.colcon_core.environment:create_environment_scripts_only(carla_waypoint_types)
[2.996s] Level 1:colcon.colcon_core.environment:checking '/home/nisanth/carla_ros_ws/install/carla_waypoint_types' for CMake module files
[2.996s] Level 1:colcon.colcon_core.environment:checking '/home/nisanth/carla_ros_ws/install/carla_waypoint_types' for CMake config files
[2.997s] Level 1:colcon.colcon_core.shell:create_environment_hook('carla_waypoint_types', 'cmake_prefix_path')
[2.997s] INFO:colcon.colcon_core.shell:Creating environment hook '/home/nisanth/carla_ros_ws/install/carla_waypoint_types/share/carla_waypoint_types/hook/cmake_prefix_path.ps1'
[2.997s] INFO:colcon.colcon_core.shell:Creating environment descriptor '/home/nisanth/carla_ros_ws/install/carla_waypoint_types/share/carla_waypoint_types/hook/cmake_prefix_path.dsv'
[2.998s] INFO:colcon.colcon_core.shell:Creating environment hook '/home/nisanth/carla_ros_ws/install/carla_waypoint_types/share/carla_waypoint_types/hook/cmake_prefix_path.sh'
[2.998s] Level 1:colcon.colcon_core.environment:checking '/home/nisanth/carla_ros_ws/install/carla_waypoint_types/lib'
[2.998s] Level 1:colcon.colcon_core.shell:create_environment_hook('carla_waypoint_types', 'ld_library_path_lib')
[2.998s] INFO:colcon.colcon_core.shell:Creating environment hook '/home/nisanth/carla_ros_ws/install/carla_waypoint_types/share/carla_waypoint_types/hook/ld_library_path_lib.ps1'
[2.999s] INFO:colcon.colcon_core.shell:Creating environment descriptor '/home/nisanth/carla_ros_ws/install/carla_waypoint_types/share/carla_waypoint_types/hook/ld_library_path_lib.dsv'
[2.999s] INFO:colcon.colcon_core.shell:Creating environment hook '/home/nisanth/carla_ros_ws/install/carla_waypoint_types/share/carla_waypoint_types/hook/ld_library_path_lib.sh'
[2.999s] Level 1:colcon.colcon_core.environment:checking '/home/nisanth/carla_ros_ws/install/carla_waypoint_types/bin'
[2.999s] Level 1:colcon.colcon_core.environment:checking '/home/nisanth/carla_ros_ws/install/carla_waypoint_types/lib/pkgconfig/carla_waypoint_types.pc'
[2.999s] Level 1:colcon.colcon_core.environment:checking '/home/nisanth/carla_ros_ws/install/carla_waypoint_types/lib/python3.10/site-packages'
[3.000s] Level 1:colcon.colcon_core.environment:checking '/home/nisanth/carla_ros_ws/install/carla_waypoint_types/bin'
[3.000s] INFO:colcon.colcon_core.shell:Creating package script '/home/nisanth/carla_ros_ws/install/carla_waypoint_types/share/carla_waypoint_types/package.ps1'
[3.000s] INFO:colcon.colcon_core.shell:Creating package descriptor '/home/nisanth/carla_ros_ws/install/carla_waypoint_types/share/carla_waypoint_types/package.dsv'
[3.000s] INFO:colcon.colcon_core.shell:Creating package script '/home/nisanth/carla_ros_ws/install/carla_waypoint_types/share/carla_waypoint_types/package.sh'
[3.001s] INFO:colcon.colcon_core.shell:Creating package script '/home/nisanth/carla_ros_ws/install/carla_waypoint_types/share/carla_waypoint_types/package.bash'
[3.001s] INFO:colcon.colcon_core.shell:Creating package script '/home/nisanth/carla_ros_ws/install/carla_waypoint_types/share/carla_waypoint_types/package.zsh'
[3.001s] Level 1:colcon.colcon_core.environment:create_file_with_runtime_dependencies(/home/nisanth/carla_ros_ws/install/carla_waypoint_types/share/colcon-core/packages/carla_waypoint_types)
[3.002s] INFO:colcon.colcon_ros.task.ament_python.build:Building ROS package in '/home/nisanth/carla_ros_ws/src/ros-bridge/carla_waypoint_publisher' with build type 'ament_python'
[3.002s] Level 1:colcon.colcon_core.shell:create_environment_hook('carla_waypoint_publisher', 'ament_prefix_path')
[3.002s] INFO:colcon.colcon_core.shell:Creating environment hook '/home/nisanth/carla_ros_ws/install/carla_waypoint_publisher/share/carla_waypoint_publisher/hook/ament_prefix_path.ps1'
[3.003s] INFO:colcon.colcon_core.shell:Creating environment descriptor '/home/nisanth/carla_ros_ws/install/carla_waypoint_publisher/share/carla_waypoint_publisher/hook/ament_prefix_path.dsv'
[3.003s] INFO:colcon.colcon_core.shell:Creating environment hook '/home/nisanth/carla_ros_ws/install/carla_waypoint_publisher/share/carla_waypoint_publisher/hook/ament_prefix_path.sh'
[3.004s] INFO:colcon.colcon_core.shell:Skip shell extension 'powershell' for command environment: Not usable outside of PowerShell
[3.004s] DEBUG:colcon.colcon_core.shell:Skip shell extension 'dsv' for command environment
[3.065s] DEBUG:colcon.colcon_core.event_handler.log_command:Invoked command in '/home/nisanth/carla_ros_ws/build/carla_msgs' returned '0': CMAKE_PREFIX_PATH=/opt/ros/humble /usr/bin/cmake --build /home/nisanth/carla_ros_ws/build/carla_msgs -- -j12 -l12
[3.067s] DEBUG:colcon.colcon_core.event_handler.log_command:Invoking command in '/home/nisanth/carla_ros_ws/build/carla_msgs': CMAKE_PREFIX_PATH=/opt/ros/humble /usr/bin/cmake --install /home/nisanth/carla_ros_ws/build/carla_msgs
[3.334s] INFO:colcon.colcon_core.task.python.build:Building Python package in '/home/nisanth/carla_ros_ws/src/ros-bridge/carla_waypoint_publisher'
[3.334s] INFO:colcon.colcon_core.shell:Skip shell extension 'powershell' for command environment: Not usable outside of PowerShell
[3.334s] DEBUG:colcon.colcon_core.shell:Skip shell extension 'dsv' for command environment
[3.338s] Level 1:colcon.colcon_core.environment:create_environment_scripts_only(carla_msgs)
[3.338s] Level 1:colcon.colcon_core.environment:checking '/home/nisanth/carla_ros_ws/install/carla_msgs' for CMake module files
[3.338s] DEBUG:colcon.colcon_core.event_handler.log_command:Invoked command in '/home/nisanth/carla_ros_ws/build/carla_msgs' returned '0': CMAKE_PREFIX_PATH=/opt/ros/humble /usr/bin/cmake --install /home/nisanth/carla_ros_ws/build/carla_msgs
[3.339s] Level 1:colcon.colcon_core.environment:checking '/home/nisanth/carla_ros_ws/install/carla_msgs' for CMake config files
[3.346s] Level 1:colcon.colcon_core.shell:create_environment_hook('carla_msgs', 'cmake_prefix_path')
[3.347s] INFO:colcon.colcon_core.shell:Creating environment hook '/home/nisanth/carla_ros_ws/install/carla_msgs/share/carla_msgs/hook/cmake_prefix_path.ps1'
[3.347s] INFO:colcon.colcon_core.shell:Creating environment descriptor '/home/nisanth/carla_ros_ws/install/carla_msgs/share/carla_msgs/hook/cmake_prefix_path.dsv'
[3.347s] INFO:colcon.colcon_core.shell:Creating environment hook '/home/nisanth/carla_ros_ws/install/carla_msgs/share/carla_msgs/hook/cmake_prefix_path.sh'
[3.348s] Level 1:colcon.colcon_core.environment:checking '/home/nisanth/carla_ros_ws/install/carla_msgs/lib'
[3.348s] Level 1:colcon.colcon_core.shell:create_environment_hook('carla_msgs', 'ld_library_path_lib')
[3.348s] INFO:colcon.colcon_core.shell:Creating environment hook '/home/nisanth/carla_ros_ws/install/carla_msgs/share/carla_msgs/hook/ld_library_path_lib.ps1'
[3.348s] INFO:colcon.colcon_core.shell:Creating environment descriptor '/home/nisanth/carla_ros_ws/install/carla_msgs/share/carla_msgs/hook/ld_library_path_lib.dsv'
[3.348s] INFO:colcon.colcon_core.shell:Creating environment hook '/home/nisanth/carla_ros_ws/install/carla_msgs/share/carla_msgs/hook/ld_library_path_lib.sh'
[3.349s] Level 1:colcon.colcon_core.environment:checking '/home/nisanth/carla_ros_ws/install/carla_msgs/bin'
[3.349s] Level 1:colcon.colcon_core.environment:checking '/home/nisanth/carla_ros_ws/install/carla_msgs/lib/pkgconfig/carla_msgs.pc'
[3.349s] Level 1:colcon.colcon_core.environment:checking '/home/nisanth/carla_ros_ws/install/carla_msgs/lib/python3.10/site-packages'
[3.349s] Level 1:colcon.colcon_core.environment:checking '/home/nisanth/carla_ros_ws/install/carla_msgs/bin'
[3.349s] INFO:colcon.colcon_core.shell:Creating package script '/home/nisanth/carla_ros_ws/install/carla_msgs/share/carla_msgs/package.ps1'
[3.350s] INFO:colcon.colcon_core.shell:Creating package descriptor '/home/nisanth/carla_ros_ws/install/carla_msgs/share/carla_msgs/package.dsv'
[3.350s] INFO:colcon.colcon_core.shell:Creating package script '/home/nisanth/carla_ros_ws/install/carla_msgs/share/carla_msgs/package.sh'
[3.350s] INFO:colcon.colcon_core.shell:Creating package script '/home/nisanth/carla_ros_ws/install/carla_msgs/share/carla_msgs/package.bash'
[3.351s] INFO:colcon.colcon_core.shell:Creating package script '/home/nisanth/carla_ros_ws/install/carla_msgs/share/carla_msgs/package.zsh'
[3.351s] Level 1:colcon.colcon_core.environment:create_file_with_runtime_dependencies(/home/nisanth/carla_ros_ws/install/carla_msgs/share/colcon-core/packages/carla_msgs)
[3.351s] Level 1:colcon.colcon_core.environment:create_environment_scripts_only(carla_msgs)
[3.352s] Level 1:colcon.colcon_core.environment:checking '/home/nisanth/carla_ros_ws/install/carla_msgs' for CMake module files
[3.352s] Level 1:colcon.colcon_core.environment:checking '/home/nisanth/carla_ros_ws/install/carla_msgs' for CMake config files
[3.355s] Level 1:colcon.colcon_core.shell:create_environment_hook('carla_msgs', 'cmake_prefix_path')
[3.355s] INFO:colcon.colcon_core.shell:Creating environment hook '/home/nisanth/carla_ros_ws/install/carla_msgs/share/carla_msgs/hook/cmake_prefix_path.ps1'
[3.355s] INFO:colcon.colcon_core.shell:Creating environment descriptor '/home/nisanth/carla_ros_ws/install/carla_msgs/share/carla_msgs/hook/cmake_prefix_path.dsv'
[3.355s] INFO:colcon.colcon_core.shell:Creating environment hook '/home/nisanth/carla_ros_ws/install/carla_msgs/share/carla_msgs/hook/cmake_prefix_path.sh'
[3.356s] Level 1:colcon.colcon_core.environment:checking '/home/nisanth/carla_ros_ws/install/carla_msgs/lib'
[3.356s] Level 1:colcon.colcon_core.shell:create_environment_hook('carla_msgs', 'ld_library_path_lib')
[3.356s] INFO:colcon.colcon_core.shell:Creating environment hook '/home/nisanth/carla_ros_ws/install/carla_msgs/share/carla_msgs/hook/ld_library_path_lib.ps1'
[3.356s] INFO:colcon.colcon_core.shell:Creating environment descriptor '/home/nisanth/carla_ros_ws/install/carla_msgs/share/carla_msgs/hook/ld_library_path_lib.dsv'
[3.357s] INFO:colcon.colcon_core.shell:Creating environment hook '/home/nisanth/carla_ros_ws/install/carla_msgs/share/carla_msgs/hook/ld_library_path_lib.sh'
[3.357s] Level 1:colcon.colcon_core.environment:checking '/home/nisanth/carla_ros_ws/install/carla_msgs/bin'
[3.357s] Level 1:colcon.colcon_core.environment:checking '/home/nisanth/carla_ros_ws/install/carla_msgs/lib/pkgconfig/carla_msgs.pc'
[3.357s] Level 1:colcon.colcon_core.environment:checking '/home/nisanth/carla_ros_ws/install/carla_msgs/lib/python3.10/site-packages'
[3.357s] Level 1:colcon.colcon_core.environment:checking '/home/nisanth/carla_ros_ws/install/carla_msgs/bin'
[3.358s] INFO:colcon.colcon_core.shell:Creating package script '/home/nisanth/carla_ros_ws/install/carla_msgs/share/carla_msgs/package.ps1'
[3.358s] INFO:colcon.colcon_core.shell:Creating package descriptor '/home/nisanth/carla_ros_ws/install/carla_msgs/share/carla_msgs/package.dsv'
[3.358s] INFO:colcon.colcon_core.shell:Creating package script '/home/nisanth/carla_ros_ws/install/carla_msgs/share/carla_msgs/package.sh'
[3.359s] INFO:colcon.colcon_core.shell:Creating package script '/home/nisanth/carla_ros_ws/install/carla_msgs/share/carla_msgs/package.bash'
[3.359s] INFO:colcon.colcon_core.shell:Creating package script '/home/nisanth/carla_ros_ws/install/carla_msgs/share/carla_msgs/package.zsh'
[3.359s] Level 1:colcon.colcon_core.environment:create_file_with_runtime_dependencies(/home/nisanth/carla_ros_ws/install/carla_msgs/share/colcon-core/packages/carla_msgs)
[3.360s] INFO:colcon.colcon_ros.task.ament_python.build:Building ROS package in '/home/nisanth/carla_ros_ws/src/ros-bridge/carla_manual_control' with build type 'ament_python'
[3.360s] Level 1:colcon.colcon_core.shell:create_environment_hook('carla_manual_control', 'ament_prefix_path')
[3.360s] INFO:colcon.colcon_core.shell:Creating environment hook '/home/nisanth/carla_ros_ws/install/carla_manual_control/share/carla_manual_control/hook/ament_prefix_path.ps1'
[3.361s] INFO:colcon.colcon_core.shell:Creating environment descriptor '/home/nisanth/carla_ros_ws/install/carla_manual_control/share/carla_manual_control/hook/ament_prefix_path.dsv'
[3.361s] INFO:colcon.colcon_core.shell:Creating environment hook '/home/nisanth/carla_ros_ws/install/carla_manual_control/share/carla_manual_control/hook/ament_prefix_path.sh'
[3.362s] INFO:colcon.colcon_core.shell:Skip shell extension 'powershell' for command environment: Not usable outside of PowerShell
[3.362s] DEBUG:colcon.colcon_core.shell:Skip shell extension 'dsv' for command environment
[3.364s] INFO:colcon.colcon_ros.task.ament_python.build:Building ROS package in '/home/nisanth/carla_ros_ws/src/ros-bridge/carla_spawn_objects' with build type 'ament_python'
[3.364s] Level 1:colcon.colcon_core.shell:create_environment_hook('carla_spawn_objects', 'ament_prefix_path')
[3.364s] INFO:colcon.colcon_core.shell:Creating environment hook '/home/nisanth/carla_ros_ws/install/carla_spawn_objects/share/carla_spawn_objects/hook/ament_prefix_path.ps1'
[3.365s] INFO:colcon.colcon_core.shell:Creating environment descriptor '/home/nisanth/carla_ros_ws/install/carla_spawn_objects/share/carla_spawn_objects/hook/ament_prefix_path.dsv'
[3.365s] INFO:colcon.colcon_core.shell:Creating environment hook '/home/nisanth/carla_ros_ws/install/carla_spawn_objects/share/carla_spawn_objects/hook/ament_prefix_path.sh'
[3.365s] INFO:colcon.colcon_core.shell:Skip shell extension 'powershell' for command environment: Not usable outside of PowerShell
[3.365s] DEBUG:colcon.colcon_core.shell:Skip shell extension 'dsv' for command environment
[3.367s] INFO:colcon.colcon_ros.task.ament_cmake.build:Building ROS package in '/home/nisanth/carla_ros_ws/src/ros-bridge/carla_ackermann_msgs' with build type 'ament_cmake'
[3.368s] INFO:colcon.colcon_cmake.task.cmake.build:Building CMake package in '/home/nisanth/carla_ros_ws/src/ros-bridge/carla_ackermann_msgs'
[3.368s] INFO:colcon.colcon_core.shell:Skip shell extension 'powershell' for command environment: Not usable outside of PowerShell
[3.368s] DEBUG:colcon.colcon_core.shell:Skip shell extension 'dsv' for command environment
[3.370s] INFO:colcon.colcon_ros.task.ament_python.build:Building ROS package in '/home/nisanth/carla_ros_ws/src/ros-bridge/carla_ad_agent' with build type 'ament_python'
[3.371s] Level 1:colcon.colcon_core.shell:create_environment_hook('carla_ad_agent', 'ament_prefix_path')
[3.371s] INFO:colcon.colcon_core.shell:Creating environment hook '/home/nisanth/carla_ros_ws/install/carla_ad_agent/share/carla_ad_agent/hook/ament_prefix_path.ps1'
[3.371s] INFO:colcon.colcon_core.shell:Creating environment descriptor '/home/nisanth/carla_ros_ws/install/carla_ad_agent/share/carla_ad_agent/hook/ament_prefix_path.dsv'
[3.372s] INFO:colcon.colcon_core.shell:Creating environment hook '/home/nisanth/carla_ros_ws/install/carla_ad_agent/share/carla_ad_agent/hook/ament_prefix_path.sh'
[3.372s] INFO:colcon.colcon_core.shell:Skip shell extension 'powershell' for command environment: Not usable outside of PowerShell
[3.372s] DEBUG:colcon.colcon_core.shell:Skip shell extension 'dsv' for command environment
[3.374s] INFO:colcon.colcon_ros.task.ament_python.build:Building ROS package in '/home/nisanth/carla_ros_ws/src/ros-bridge/carla_ros_scenario_runner' with build type 'ament_python'
[3.375s] Level 1:colcon.colcon_core.shell:create_environment_hook('carla_ros_scenario_runner', 'ament_prefix_path')
[3.375s] INFO:colcon.colcon_core.shell:Creating environment hook '/home/nisanth/carla_ros_ws/install/carla_ros_scenario_runner/share/carla_ros_scenario_runner/hook/ament_prefix_path.ps1'
[3.375s] INFO:colcon.colcon_core.shell:Creating environment descriptor '/home/nisanth/carla_ros_ws/install/carla_ros_scenario_runner/share/carla_ros_scenario_runner/hook/ament_prefix_path.dsv'
[3.376s] INFO:colcon.colcon_core.shell:Creating environment hook '/home/nisanth/carla_ros_ws/install/carla_ros_scenario_runner/share/carla_ros_scenario_runner/hook/ament_prefix_path.sh'
[3.376s] INFO:colcon.colcon_core.shell:Skip shell extension 'powershell' for command environment: Not usable outside of PowerShell
[3.376s] DEBUG:colcon.colcon_core.shell:Skip shell extension 'dsv' for command environment
[3.379s] INFO:colcon.colcon_ros.task.ament_cmake.build:Building ROS package in '/home/nisanth/carla_ros_ws/src/ros-bridge/rviz_carla_plugin' with build type 'ament_cmake'
[3.379s] INFO:colcon.colcon_cmake.task.cmake.build:Building CMake package in '/home/nisanth/carla_ros_ws/src/ros-bridge/rviz_carla_plugin'
[3.379s] INFO:colcon.colcon_core.shell:Skip shell extension 'powershell' for command environment: Not usable outside of PowerShell
[3.379s] DEBUG:colcon.colcon_core.shell:Skip shell extension 'dsv' for command environment
[3.382s] INFO:colcon.colcon_ros.task.ament_python.build:Building ROS package in '/home/nisanth/carla_ros_ws/src/av_controller' with build type 'ament_python'
[3.383s] Level 1:colcon.colcon_core.shell:create_environment_hook('av_controller', 'ament_prefix_path')
[3.383s] INFO:colcon.colcon_core.shell:Creating environment hook '/home/nisanth/carla_ros_ws/install/av_controller/share/av_controller/hook/ament_prefix_path.ps1'
[3.385s] INFO:colcon.colcon_core.shell:Creating environment descriptor '/home/nisanth/carla_ros_ws/install/av_controller/share/av_controller/hook/ament_prefix_path.dsv'
[3.386s] INFO:colcon.colcon_core.shell:Creating environment hook '/home/nisanth/carla_ros_ws/install/av_controller/share/av_controller/hook/ament_prefix_path.sh'
[3.386s] INFO:colcon.colcon_core.shell:Skip shell extension 'powershell' for command environment: Not usable outside of PowerShell
[3.386s] DEBUG:colcon.colcon_core.shell:Skip shell extension 'dsv' for command environment
[3.389s] INFO:colcon.colcon_ros.task.ament_python.build:Building ROS package in '/home/nisanth/carla_ros_ws/src/ros-bridge/carla_walker_agent' with build type 'ament_python'
[3.389s] Level 1:colcon.colcon_core.shell:create_environment_hook('carla_walker_agent', 'ament_prefix_path')
[3.389s] INFO:colcon.colcon_core.shell:Creating environment hook '/home/nisanth/carla_ros_ws/install/carla_walker_agent/share/carla_walker_agent/hook/ament_prefix_path.ps1'
[3.390s] INFO:colcon.colcon_core.shell:Creating environment descriptor '/home/nisanth/carla_ros_ws/install/carla_walker_agent/share/carla_walker_agent/hook/ament_prefix_path.dsv'
[3.391s] INFO:colcon.colcon_core.shell:Creating environment hook '/home/nisanth/carla_ros_ws/install/carla_walker_agent/share/carla_walker_agent/hook/ament_prefix_path.sh'
[3.391s] INFO:colcon.colcon_core.shell:Skip shell extension 'powershell' for command environment: Not usable outside of PowerShell
[3.391s] DEBUG:colcon.colcon_core.shell:Skip shell extension 'dsv' for command environment
[3.428s] DEBUG:colcon.colcon_core.event_handler.log_command:Invoking command in '/home/nisanth/carla_ros_ws/build/carla_ackermann_msgs': AMENT_PREFIX_PATH=/home/nisanth/carla_ros_ws/install/carla_msgs:${AMENT_PREFIX_PATH} CMAKE_PREFIX_PATH=/home/nisanth/carla_ros_ws/install/carla_msgs:/opt/ros/humble LD_LIBRARY_PATH=/home/nisanth/carla_ros_ws/install/carla_msgs/lib:${LD_LIBRARY_PATH} PYTHONPATH=/home/nisanth/carla_ros_ws/install/carla_msgs/local/lib/python3.10/dist-packages:${PYTHONPATH} /usr/bin/cmake /home/nisanth/carla_ros_ws/src/ros-bridge/carla_ackermann_msgs -DCMAKE_INSTALL_PREFIX=/home/nisanth/carla_ros_ws/install/carla_ackermann_msgs
[3.637s] INFO:colcon.colcon_core.task.python.build:Building Python package in '/home/nisanth/carla_ros_ws/src/ros-bridge/carla_walker_agent'
[3.637s] INFO:colcon.colcon_core.shell:Skip shell extension 'powershell' for command environment: Not usable outside of PowerShell
[3.637s] DEBUG:colcon.colcon_core.shell:Skip shell extension 'dsv' for command environment
[3.830s] INFO:colcon.colcon_core.task.python.build:Building Python package in '/home/nisanth/carla_ros_ws/src/av_controller'
[3.831s] INFO:colcon.colcon_core.shell:Skip shell extension 'powershell' for command environment: Not usable outside of PowerShell
[3.831s] DEBUG:colcon.colcon_core.shell:Skip shell extension 'dsv' for command environment
[4.019s] INFO:colcon.colcon_core.task.python.build:Building Python package in '/home/nisanth/carla_ros_ws/src/ros-bridge/carla_manual_control'
[4.020s] INFO:colcon.colcon_core.shell:Skip shell extension 'powershell' for command environment: Not usable outside of PowerShell
[4.020s] DEBUG:colcon.colcon_core.shell:Skip shell extension 'dsv' for command environment
[4.238s] INFO:colcon.colcon_core.task.python.build:Building Python package in '/home/nisanth/carla_ros_ws/src/ros-bridge/carla_spawn_objects'
[4.238s] INFO:colcon.colcon_core.shell:Skip shell extension 'powershell' for command environment: Not usable outside of PowerShell
[4.238s] DEBUG:colcon.colcon_core.shell:Skip shell extension 'dsv' for command environment
[4.246s] DEBUG:colcon.colcon_core.event_handler.log_command:Invoking command in '/home/nisanth/carla_ros_ws/build/rviz_carla_plugin': AMENT_PREFIX_PATH=/home/nisanth/carla_ros_ws/install/carla_ros_scenario_runner_types:/home/nisanth/carla_ros_ws/install/carla_msgs:${AMENT_PREFIX_PATH} CMAKE_PREFIX_PATH=/home/nisanth/carla_ros_ws/install/carla_ros_scenario_runner_types:/home/nisanth/carla_ros_ws/install/carla_msgs:/opt/ros/humble LD_LIBRARY_PATH=/home/nisanth/carla_ros_ws/install/carla_ros_scenario_runner_types/lib:/home/nisanth/carla_ros_ws/install/carla_msgs/lib:${LD_LIBRARY_PATH} PYTHONPATH=/home/nisanth/carla_ros_ws/install/carla_ros_scenario_runner_types/local/lib/python3.10/dist-packages:/home/nisanth/carla_ros_ws/install/carla_msgs/local/lib/python3.10/dist-packages:${PYTHONPATH} /usr/bin/cmake /home/nisanth/carla_ros_ws/src/ros-bridge/rviz_carla_plugin -DCMAKE_INSTALL_PREFIX=/home/nisanth/carla_ros_ws/install/rviz_carla_plugin
[4.440s] INFO:colcon.colcon_core.task.python.build:Building Python package in '/home/nisanth/carla_ros_ws/src/ros-bridge/carla_ad_agent'
[4.441s] INFO:colcon.colcon_core.shell:Skip shell extension 'powershell' for command environment: Not usable outside of PowerShell
[4.441s] DEBUG:colcon.colcon_core.shell:Skip shell extension 'dsv' for command environment
[4.651s] INFO:colcon.colcon_core.task.python.build:Building Python package in '/home/nisanth/carla_ros_ws/src/ros-bridge/carla_ros_scenario_runner'
[4.652s] INFO:colcon.colcon_core.shell:Skip shell extension 'powershell' for command environment: Not usable outside of PowerShell
[4.652s] DEBUG:colcon.colcon_core.shell:Skip shell extension 'dsv' for command environment
[4.668s] DEBUG:colcon.colcon_core.event_handler.log_command:Invoking command in '/home/nisanth/carla_ros_ws/src/ros-bridge/carla_waypoint_publisher': AMENT_PREFIX_PATH=/home/nisanth/carla_ros_ws/install/ros_compatibility:/home/nisanth/carla_ros_ws/install/carla_waypoint_types:${AMENT_PREFIX_PATH} CMAKE_PREFIX_PATH=/home/nisanth/carla_ros_ws/install/carla_waypoint_types LD_LIBRARY_PATH=/home/nisanth/carla_ros_ws/install/carla_waypoint_types/lib:${LD_LIBRARY_PATH} PYTHONPATH=/home/nisanth/carla_ros_ws/build/carla_waypoint_publisher/prefix_override:/usr/lib/python3/dist-packages/colcon_core/task/python/colcon_distutils_commands:/home/nisanth/carla_ros_ws/install/carla_waypoint_publisher/lib/python3.10/site-packages:/home/nisanth/carla_ros_ws/install/ros_compatibility/lib/python3.10/site-packages:/home/nisanth/carla_ros_ws/install/carla_waypoint_types/local/lib/python3.10/dist-packages:${PYTHONPATH} /usr/bin/python3 -W ignore:setup.py install is deprecated -W ignore:easy_install command is deprecated setup.py egg_info --egg-base ../../../build/carla_waypoint_publisher build --build-base /home/nisanth/carla_ros_ws/build/carla_waypoint_publisher/build install --record /home/nisanth/carla_ros_ws/build/carla_waypoint_publisher/install.log --single-version-externally-managed install_data
[4.855s] DEBUG:colcon.colcon_core.event_handler.log_command:Invoked command in '/home/nisanth/carla_ros_ws/build/carla_ackermann_msgs' returned '0': AMENT_PREFIX_PATH=/home/nisanth/carla_ros_ws/install/carla_msgs:${AMENT_PREFIX_PATH} CMAKE_PREFIX_PATH=/home/nisanth/carla_ros_ws/install/carla_msgs:/opt/ros/humble LD_LIBRARY_PATH=/home/nisanth/carla_ros_ws/install/carla_msgs/lib:${LD_LIBRARY_PATH} PYTHONPATH=/home/nisanth/carla_ros_ws/install/carla_msgs/local/lib/python3.10/dist-packages:${PYTHONPATH} /usr/bin/cmake /home/nisanth/carla_ros_ws/src/ros-bridge/carla_ackermann_msgs -DCMAKE_INSTALL_PREFIX=/home/nisanth/carla_ros_ws/install/carla_ackermann_msgs
[4.858s] DEBUG:colcon.colcon_core.event_handler.log_command:Invoking command in '/home/nisanth/carla_ros_ws/build/carla_ackermann_msgs': AMENT_PREFIX_PATH=/home/nisanth/carla_ros_ws/install/carla_msgs:${AMENT_PREFIX_PATH} CMAKE_PREFIX_PATH=/home/nisanth/carla_ros_ws/install/carla_msgs:/opt/ros/humble LD_LIBRARY_PATH=/home/nisanth/carla_ros_ws/install/carla_msgs/lib:${LD_LIBRARY_PATH} PYTHONPATH=/home/nisanth/carla_ros_ws/install/carla_msgs/local/lib/python3.10/dist-packages:${PYTHONPATH} /usr/bin/cmake --build /home/nisanth/carla_ros_ws/build/carla_ackermann_msgs -- -j12 -l12
[5.073s] Level 1:colcon.colcon_core.environment:checking '/home/nisanth/carla_ros_ws/install/carla_waypoint_publisher' for CMake module files
[5.074s] DEBUG:colcon.colcon_core.event_handler.log_command:Invoked command in '/home/nisanth/carla_ros_ws/src/ros-bridge/carla_waypoint_publisher' returned '0': AMENT_PREFIX_PATH=/home/nisanth/carla_ros_ws/install/ros_compatibility:/home/nisanth/carla_ros_ws/install/carla_waypoint_types:${AMENT_PREFIX_PATH} CMAKE_PREFIX_PATH=/home/nisanth/carla_ros_ws/install/carla_waypoint_types LD_LIBRARY_PATH=/home/nisanth/carla_ros_ws/install/carla_waypoint_types/lib:${LD_LIBRARY_PATH} PYTHONPATH=/home/nisanth/carla_ros_ws/build/carla_waypoint_publisher/prefix_override:/usr/lib/python3/dist-packages/colcon_core/task/python/colcon_distutils_commands:/home/nisanth/carla_ros_ws/install/carla_waypoint_publisher/lib/python3.10/site-packages:/home/nisanth/carla_ros_ws/install/ros_compatibility/lib/python3.10/site-packages:/home/nisanth/carla_ros_ws/install/carla_waypoint_types/local/lib/python3.10/dist-packages:${PYTHONPATH} /usr/bin/python3 -W ignore:setup.py install is deprecated -W ignore:easy_install command is deprecated setup.py egg_info --egg-base ../../../build/carla_waypoint_publisher build --build-base /home/nisanth/carla_ros_ws/build/carla_waypoint_publisher/build install --record /home/nisanth/carla_ros_ws/build/carla_waypoint_publisher/install.log --single-version-externally-managed install_data
[5.075s] Level 1:colcon.colcon_core.environment:checking '/home/nisanth/carla_ros_ws/install/carla_waypoint_publisher' for CMake config files
[5.078s] Level 1:colcon.colcon_core.environment:checking '/home/nisanth/carla_ros_ws/install/carla_waypoint_publisher/lib'
[5.078s] Level 1:colcon.colcon_core.environment:checking '/home/nisanth/carla_ros_ws/install/carla_waypoint_publisher/bin'
[5.078s] Level 1:colcon.colcon_core.environment:checking '/home/nisanth/carla_ros_ws/install/carla_waypoint_publisher/lib/pkgconfig/carla_waypoint_publisher.pc'
[5.079s] Level 1:colcon.colcon_core.environment:checking '/home/nisanth/carla_ros_ws/install/carla_waypoint_publisher/lib/python3.10/site-packages'
[5.079s] Level 1:colcon.colcon_core.shell:create_environment_hook('carla_waypoint_publisher', 'pythonpath')
[5.079s] INFO:colcon.colcon_core.shell:Creating environment hook '/home/nisanth/carla_ros_ws/install/carla_waypoint_publisher/share/carla_waypoint_publisher/hook/pythonpath.ps1'
[5.080s] INFO:colcon.colcon_core.shell:Creating environment descriptor '/home/nisanth/carla_ros_ws/install/carla_waypoint_publisher/share/carla_waypoint_publisher/hook/pythonpath.dsv'
[5.080s] INFO:colcon.colcon_core.shell:Creating environment hook '/home/nisanth/carla_ros_ws/install/carla_waypoint_publisher/share/carla_waypoint_publisher/hook/pythonpath.sh'
[5.081s] Level 1:colcon.colcon_core.environment:checking '/home/nisanth/carla_ros_ws/install/carla_waypoint_publisher/bin'
[5.082s] Level 1:colcon.colcon_core.environment:create_environment_scripts_only(carla_waypoint_publisher)
[5.082s] INFO:colcon.colcon_core.shell:Creating package script '/home/nisanth/carla_ros_ws/install/carla_waypoint_publisher/share/carla_waypoint_publisher/package.ps1'
[5.082s] INFO:colcon.colcon_core.shell:Creating package descriptor '/home/nisanth/carla_ros_ws/install/carla_waypoint_publisher/share/carla_waypoint_publisher/package.dsv'
[5.083s] INFO:colcon.colcon_core.shell:Creating package script '/home/nisanth/carla_ros_ws/install/carla_waypoint_publisher/share/carla_waypoint_publisher/package.sh'
[5.083s] INFO:colcon.colcon_core.shell:Creating package script '/home/nisanth/carla_ros_ws/install/carla_waypoint_publisher/share/carla_waypoint_publisher/package.bash'
[5.084s] INFO:colcon.colcon_core.shell:Creating package script '/home/nisanth/carla_ros_ws/install/carla_waypoint_publisher/share/carla_waypoint_publisher/package.zsh'
[5.084s] Level 1:colcon.colcon_core.environment:create_file_with_runtime_dependencies(/home/nisanth/carla_ros_ws/install/carla_waypoint_publisher/share/colcon-core/packages/carla_waypoint_publisher)
[5.135s] DEBUG:colcon.colcon_core.event_handler.log_command:Invoking command in '/home/nisanth/carla_ros_ws/src/av_controller': AMENT_PREFIX_PATH=/home/nisanth/carla_ros_ws/install/carla_msgs:${AMENT_PREFIX_PATH} CMAKE_PREFIX_PATH=/home/nisanth/carla_ros_ws/install/carla_msgs LD_LIBRARY_PATH=/home/nisanth/carla_ros_ws/install/carla_msgs/lib:${LD_LIBRARY_PATH} PYTHONPATH=/home/nisanth/carla_ros_ws/build/av_controller/prefix_override:/usr/lib/python3/dist-packages/colcon_core/task/python/colcon_distutils_commands:/home/nisanth/carla_ros_ws/install/av_controller/lib/python3.10/site-packages:/home/nisanth/carla_ros_ws/install/carla_msgs/local/lib/python3.10/dist-packages:${PYTHONPATH} /usr/bin/python3 -W ignore:setup.py install is deprecated -W ignore:easy_install command is deprecated setup.py egg_info --egg-base ../../build/av_controller build --build-base /home/nisanth/carla_ros_ws/build/av_controller/build install --record /home/nisanth/carla_ros_ws/build/av_controller/install.log --single-version-externally-managed install_data
[5.137s] DEBUG:colcon.colcon_core.event_handler.log_command:Invoking command in '/home/nisanth/carla_ros_ws/src/ros-bridge/carla_walker_agent': AMENT_PREFIX_PATH=/home/nisanth/carla_ros_ws/install/carla_msgs:${AMENT_PREFIX_PATH} CMAKE_PREFIX_PATH=/home/nisanth/carla_ros_ws/install/carla_msgs LD_LIBRARY_PATH=/home/nisanth/carla_ros_ws/install/carla_msgs/lib:${LD_LIBRARY_PATH} PYTHONPATH=/home/nisanth/carla_ros_ws/build/carla_walker_agent/prefix_override:/usr/lib/python3/dist-packages/colcon_core/task/python/colcon_distutils_commands:/home/nisanth/carla_ros_ws/install/carla_walker_agent/lib/python3.10/site-packages:/home/nisanth/carla_ros_ws/install/carla_msgs/local/lib/python3.10/dist-packages:${PYTHONPATH} /usr/bin/python3 -W ignore:setup.py install is deprecated -W ignore:easy_install command is deprecated setup.py egg_info --egg-base ../../../build/carla_walker_agent build --build-base /home/nisanth/carla_ros_ws/build/carla_walker_agent/build install --record /home/nisanth/carla_ros_ws/build/carla_walker_agent/install.log --single-version-externally-managed install_data
[5.147s] DEBUG:colcon.colcon_core.event_handler.log_command:Invoking command in '/home/nisanth/carla_ros_ws/src/ros-bridge/carla_manual_control': AMENT_PREFIX_PATH=/home/nisanth/carla_ros_ws/install/ros_compatibility:/home/nisanth/carla_ros_ws/install/carla_msgs:${AMENT_PREFIX_PATH} CMAKE_PREFIX_PATH=/home/nisanth/carla_ros_ws/install/carla_msgs LD_LIBRARY_PATH=/home/nisanth/carla_ros_ws/install/carla_msgs/lib:${LD_LIBRARY_PATH} PYTHONPATH=/home/nisanth/carla_ros_ws/build/carla_manual_control/prefix_override:/usr/lib/python3/dist-packages/colcon_core/task/python/colcon_distutils_commands:/home/nisanth/carla_ros_ws/install/carla_manual_control/lib/python3.10/site-packages:/home/nisanth/carla_ros_ws/install/ros_compatibility/lib/python3.10/site-packages:/home/nisanth/carla_ros_ws/install/carla_msgs/local/lib/python3.10/dist-packages:${PYTHONPATH} /usr/bin/python3 -W ignore:setup.py install is deprecated -W ignore:easy_install command is deprecated setup.py egg_info --egg-base ../../../build/carla_manual_control build --build-base /home/nisanth/carla_ros_ws/build/carla_manual_control/build install --record /home/nisanth/carla_ros_ws/build/carla_manual_control/install.log --single-version-externally-managed install_data
[5.152s] DEBUG:colcon.colcon_core.event_handler.log_command:Invoking command in '/home/nisanth/carla_ros_ws/src/ros-bridge/carla_ad_agent': AMENT_PREFIX_PATH=/home/nisanth/carla_ros_ws/install/ros_compatibility:/home/nisanth/carla_ros_ws/install/carla_waypoint_types:/home/nisanth/carla_ros_ws/install/carla_msgs:${AMENT_PREFIX_PATH} CMAKE_PREFIX_PATH=/home/nisanth/carla_ros_ws/install/carla_waypoint_types:/home/nisanth/carla_ros_ws/install/carla_msgs LD_LIBRARY_PATH=/home/nisanth/carla_ros_ws/install/carla_waypoint_types/lib:/home/nisanth/carla_ros_ws/install/carla_msgs/lib:${LD_LIBRARY_PATH} PYTHONPATH=/home/nisanth/carla_ros_ws/build/carla_ad_agent/prefix_override:/usr/lib/python3/dist-packages/colcon_core/task/python/colcon_distutils_commands:/home/nisanth/carla_ros_ws/install/carla_ad_agent/lib/python3.10/site-packages:/home/nisanth/carla_ros_ws/install/ros_compatibility/lib/python3.10/site-packages:/home/nisanth/carla_ros_ws/install/carla_waypoint_types/local/lib/python3.10/dist-packages:/home/nisanth/carla_ros_ws/install/carla_msgs/local/lib/python3.10/dist-packages:${PYTHONPATH} /usr/bin/python3 -W ignore:setup.py install is deprecated -W ignore:easy_install command is deprecated setup.py egg_info --egg-base ../../../build/carla_ad_agent build --build-base /home/nisanth/carla_ros_ws/build/carla_ad_agent/build install --record /home/nisanth/carla_ros_ws/build/carla_ad_agent/install.log --single-version-externally-managed install_data
[5.154s] DEBUG:colcon.colcon_core.event_handler.log_command:Invoking command in '/home/nisanth/carla_ros_ws/build/carla_spawn_objects': AMENT_PREFIX_PATH=/home/nisanth/carla_ros_ws/install/ros_compatibility:/home/nisanth/carla_ros_ws/install/carla_msgs:${AMENT_PREFIX_PATH} CMAKE_PREFIX_PATH=/home/nisanth/carla_ros_ws/install/carla_msgs LD_LIBRARY_PATH=/home/nisanth/carla_ros_ws/install/carla_msgs/lib:${LD_LIBRARY_PATH} PYTHONPATH=/home/nisanth/carla_ros_ws/build/carla_spawn_objects/prefix_override:/usr/lib/python3/dist-packages/colcon_core/task/python/colcon_distutils_commands:/home/nisanth/carla_ros_ws/install/carla_spawn_objects/lib/python3.10/site-packages:/home/nisanth/carla_ros_ws/install/ros_compatibility/lib/python3.10/site-packages:/home/nisanth/carla_ros_ws/install/carla_msgs/local/lib/python3.10/dist-packages:${PYTHONPATH} /usr/bin/python3 -W ignore:setup.py install is deprecated -W ignore:easy_install command is deprecated setup.py develop --uninstall --editable --build-directory /home/nisanth/carla_ros_ws/build/carla_spawn_objects/build
[5.347s] DEBUG:colcon.colcon_core.event_handler.log_command:Invoking command in '/home/nisanth/carla_ros_ws/src/ros-bridge/carla_ros_scenario_runner': AMENT_PREFIX_PATH=/home/nisanth/carla_ros_ws/install/carla_ros_scenario_runner_types:/home/nisanth/carla_ros_ws/install/carla_msgs:/home/nisanth/carla_ros_ws/install/carla_common:${AMENT_PREFIX_PATH} CMAKE_PREFIX_PATH=/home/nisanth/carla_ros_ws/install/carla_ros_scenario_runner_types:/home/nisanth/carla_ros_ws/install/carla_msgs LD_LIBRARY_PATH=/home/nisanth/carla_ros_ws/install/carla_ros_scenario_runner_types/lib:/home/nisanth/carla_ros_ws/install/carla_msgs/lib:${LD_LIBRARY_PATH} PYTHONPATH=/home/nisanth/carla_ros_ws/build/carla_ros_scenario_runner/prefix_override:/usr/lib/python3/dist-packages/colcon_core/task/python/colcon_distutils_commands:/home/nisanth/carla_ros_ws/install/carla_ros_scenario_runner/lib/python3.10/site-packages:/home/nisanth/carla_ros_ws/install/carla_ros_scenario_runner_types/local/lib/python3.10/dist-packages:/home/nisanth/carla_ros_ws/install/carla_msgs/local/lib/python3.10/dist-packages:/home/nisanth/carla_ros_ws/install/carla_common/lib/python3.10/site-packages:${PYTHONPATH} /usr/bin/python3 -W ignore:setup.py install is deprecated -W ignore:easy_install command is deprecated setup.py egg_info --egg-base ../../../build/carla_ros_scenario_runner build --build-base /home/nisanth/carla_ros_ws/build/carla_ros_scenario_runner/build install --record /home/nisanth/carla_ros_ws/build/carla_ros_scenario_runner/install.log --single-version-externally-managed install_data
[5.423s] DEBUG:colcon.colcon_core.event_handler.log_command:Invoked command in '/home/nisanth/carla_ros_ws/build/carla_ackermann_msgs' returned '0': AMENT_PREFIX_PATH=/home/nisanth/carla_ros_ws/install/carla_msgs:${AMENT_PREFIX_PATH} CMAKE_PREFIX_PATH=/home/nisanth/carla_ros_ws/install/carla_msgs:/opt/ros/humble LD_LIBRARY_PATH=/home/nisanth/carla_ros_ws/install/carla_msgs/lib:${LD_LIBRARY_PATH} PYTHONPATH=/home/nisanth/carla_ros_ws/install/carla_msgs/local/lib/python3.10/dist-packages:${PYTHONPATH} /usr/bin/cmake --build /home/nisanth/carla_ros_ws/build/carla_ackermann_msgs -- -j12 -l12
[5.429s] DEBUG:colcon.colcon_core.event_handler.log_command:Invoking command in '/home/nisanth/carla_ros_ws/build/carla_ackermann_msgs': AMENT_PREFIX_PATH=/home/nisanth/carla_ros_ws/install/carla_msgs:${AMENT_PREFIX_PATH} CMAKE_PREFIX_PATH=/home/nisanth/carla_ros_ws/install/carla_msgs:/opt/ros/humble LD_LIBRARY_PATH=/home/nisanth/carla_ros_ws/install/carla_msgs/lib:${LD_LIBRARY_PATH} PYTHONPATH=/home/nisanth/carla_ros_ws/install/carla_msgs/local/lib/python3.10/dist-packages:${PYTHONPATH} /usr/bin/cmake --install /home/nisanth/carla_ros_ws/build/carla_ackermann_msgs
[5.479s] Level 1:colcon.colcon_core.environment:checking '/home/nisanth/carla_ros_ws/install/av_controller' for CMake module files
[5.480s] DEBUG:colcon.colcon_core.event_handler.log_command:Invoked command in '/home/nisanth/carla_ros_ws/src/av_controller' returned '0': AMENT_PREFIX_PATH=/home/nisanth/carla_ros_ws/install/carla_msgs:${AMENT_PREFIX_PATH} CMAKE_PREFIX_PATH=/home/nisanth/carla_ros_ws/install/carla_msgs LD_LIBRARY_PATH=/home/nisanth/carla_ros_ws/install/carla_msgs/lib:${LD_LIBRARY_PATH} PYTHONPATH=/home/nisanth/carla_ros_ws/build/av_controller/prefix_override:/usr/lib/python3/dist-packages/colcon_core/task/python/colcon_distutils_commands:/home/nisanth/carla_ros_ws/install/av_controller/lib/python3.10/site-packages:/home/nisanth/carla_ros_ws/install/carla_msgs/local/lib/python3.10/dist-packages:${PYTHONPATH} /usr/bin/python3 -W ignore:setup.py install is deprecated -W ignore:easy_install command is deprecated setup.py egg_info --egg-base ../../build/av_controller build --build-base /home/nisanth/carla_ros_ws/build/av_controller/build install --record /home/nisanth/carla_ros_ws/build/av_controller/install.log --single-version-externally-managed install_data
[5.481s] Level 1:colcon.colcon_core.environment:checking '/home/nisanth/carla_ros_ws/install/av_controller' for CMake config files
[5.483s] Level 1:colcon.colcon_core.environment:checking '/home/nisanth/carla_ros_ws/install/av_controller/lib'
[5.484s] Level 1:colcon.colcon_core.environment:checking '/home/nisanth/carla_ros_ws/install/av_controller/bin'
[5.484s] Level 1:colcon.colcon_core.environment:checking '/home/nisanth/carla_ros_ws/install/av_controller/lib/pkgconfig/av_controller.pc'
[5.484s] Level 1:colcon.colcon_core.environment:checking '/home/nisanth/carla_ros_ws/install/av_controller/lib/python3.10/site-packages'
[5.484s] Level 1:colcon.colcon_core.shell:create_environment_hook('av_controller', 'pythonpath')
[5.484s] INFO:colcon.colcon_core.shell:Creating environment hook '/home/nisanth/carla_ros_ws/install/av_controller/share/av_controller/hook/pythonpath.ps1'
[5.487s] INFO:colcon.colcon_core.shell:Creating environment descriptor '/home/nisanth/carla_ros_ws/install/av_controller/share/av_controller/hook/pythonpath.dsv'
[5.489s] INFO:colcon.colcon_core.shell:Creating environment hook '/home/nisanth/carla_ros_ws/install/av_controller/share/av_controller/hook/pythonpath.sh'
[5.491s] Level 1:colcon.colcon_core.environment:checking '/home/nisanth/carla_ros_ws/install/av_controller/bin'
[5.491s] Level 1:colcon.colcon_core.environment:create_environment_scripts_only(av_controller)
[5.491s] INFO:colcon.colcon_core.shell:Creating package script '/home/nisanth/carla_ros_ws/install/av_controller/share/av_controller/package.ps1'
[5.492s] INFO:colcon.colcon_core.shell:Creating package descriptor '/home/nisanth/carla_ros_ws/install/av_controller/share/av_controller/package.dsv'
[5.493s] INFO:colcon.colcon_core.shell:Creating package script '/home/nisanth/carla_ros_ws/install/av_controller/share/av_controller/package.sh'
[5.494s] INFO:colcon.colcon_core.shell:Creating package script '/home/nisanth/carla_ros_ws/install/av_controller/share/av_controller/package.bash'
[5.495s] INFO:colcon.colcon_core.shell:Creating package script '/home/nisanth/carla_ros_ws/install/av_controller/share/av_controller/package.zsh'
[5.495s] Level 1:colcon.colcon_core.environment:create_file_with_runtime_dependencies(/home/nisanth/carla_ros_ws/install/av_controller/share/colcon-core/packages/av_controller)
[5.498s] Level 1:colcon.colcon_core.environment:checking '/home/nisanth/carla_ros_ws/install/carla_walker_agent' for CMake module files
[5.498s] DEBUG:colcon.colcon_core.event_handler.log_command:Invoked command in '/home/nisanth/carla_ros_ws/src/ros-bridge/carla_walker_agent' returned '0': AMENT_PREFIX_PATH=/home/nisanth/carla_ros_ws/install/carla_msgs:${AMENT_PREFIX_PATH} CMAKE_PREFIX_PATH=/home/nisanth/carla_ros_ws/install/carla_msgs LD_LIBRARY_PATH=/home/nisanth/carla_ros_ws/install/carla_msgs/lib:${LD_LIBRARY_PATH} PYTHONPATH=/home/nisanth/carla_ros_ws/build/carla_walker_agent/prefix_override:/usr/lib/python3/dist-packages/colcon_core/task/python/colcon_distutils_commands:/home/nisanth/carla_ros_ws/install/carla_walker_agent/lib/python3.10/site-packages:/home/nisanth/carla_ros_ws/install/carla_msgs/local/lib/python3.10/dist-packages:${PYTHONPATH} /usr/bin/python3 -W ignore:setup.py install is deprecated -W ignore:easy_install command is deprecated setup.py egg_info --egg-base ../../../build/carla_walker_agent build --build-base /home/nisanth/carla_ros_ws/build/carla_walker_agent/build install --record /home/nisanth/carla_ros_ws/build/carla_walker_agent/install.log --single-version-externally-managed install_data
[5.499s] Level 1:colcon.colcon_core.environment:checking '/home/nisanth/carla_ros_ws/install/carla_walker_agent' for CMake config files
[5.501s] Level 1:colcon.colcon_core.environment:checking '/home/nisanth/carla_ros_ws/install/carla_walker_agent/lib'
[5.501s] Level 1:colcon.colcon_core.environment:checking '/home/nisanth/carla_ros_ws/install/carla_walker_agent/bin'
[5.501s] Level 1:colcon.colcon_core.environment:checking '/home/nisanth/carla_ros_ws/install/carla_walker_agent/lib/pkgconfig/carla_walker_agent.pc'
[5.502s] Level 1:colcon.colcon_core.environment:checking '/home/nisanth/carla_ros_ws/install/carla_walker_agent/lib/python3.10/site-packages'
[5.502s] Level 1:colcon.colcon_core.shell:create_environment_hook('carla_walker_agent', 'pythonpath')
[5.502s] INFO:colcon.colcon_core.shell:Creating environment hook '/home/nisanth/carla_ros_ws/install/carla_walker_agent/share/carla_walker_agent/hook/pythonpath.ps1'
[5.502s] INFO:colcon.colcon_core.shell:Creating environment descriptor '/home/nisanth/carla_ros_ws/install/carla_walker_agent/share/carla_walker_agent/hook/pythonpath.dsv'
[5.503s] INFO:colcon.colcon_core.shell:Creating environment hook '/home/nisanth/carla_ros_ws/install/carla_walker_agent/share/carla_walker_agent/hook/pythonpath.sh'
[5.503s] Level 1:colcon.colcon_core.environment:checking '/home/nisanth/carla_ros_ws/install/carla_walker_agent/bin'
[5.503s] Level 1:colcon.colcon_core.environment:create_environment_scripts_only(carla_walker_agent)
[5.504s] INFO:colcon.colcon_core.shell:Creating package script '/home/nisanth/carla_ros_ws/install/carla_walker_agent/share/carla_walker_agent/package.ps1'
[5.504s] INFO:colcon.colcon_core.shell:Creating package descriptor '/home/nisanth/carla_ros_ws/install/carla_walker_agent/share/carla_walker_agent/package.dsv'
[5.504s] INFO:colcon.colcon_core.shell:Creating package script '/home/nisanth/carla_ros_ws/install/carla_walker_agent/share/carla_walker_agent/package.sh'
[5.505s] INFO:colcon.colcon_core.shell:Creating package script '/home/nisanth/carla_ros_ws/install/carla_walker_agent/share/carla_walker_agent/package.bash'
[5.505s] INFO:colcon.colcon_core.shell:Creating package script '/home/nisanth/carla_ros_ws/install/carla_walker_agent/share/carla_walker_agent/package.zsh'
[5.505s] Level 1:colcon.colcon_core.environment:create_file_with_runtime_dependencies(/home/nisanth/carla_ros_ws/install/carla_walker_agent/share/colcon-core/packages/carla_walker_agent)
[5.516s] Level 1:colcon.colcon_core.environment:checking '/home/nisanth/carla_ros_ws/install/carla_ad_agent' for CMake module files
[5.517s] DEBUG:colcon.colcon_core.event_handler.log_command:Invoked command in '/home/nisanth/carla_ros_ws/src/ros-bridge/carla_ad_agent' returned '0': AMENT_PREFIX_PATH=/home/nisanth/carla_ros_ws/install/ros_compatibility:/home/nisanth/carla_ros_ws/install/carla_waypoint_types:/home/nisanth/carla_ros_ws/install/carla_msgs:${AMENT_PREFIX_PATH} CMAKE_PREFIX_PATH=/home/nisanth/carla_ros_ws/install/carla_waypoint_types:/home/nisanth/carla_ros_ws/install/carla_msgs LD_LIBRARY_PATH=/home/nisanth/carla_ros_ws/install/carla_waypoint_types/lib:/home/nisanth/carla_ros_ws/install/carla_msgs/lib:${LD_LIBRARY_PATH} PYTHONPATH=/home/nisanth/carla_ros_ws/build/carla_ad_agent/prefix_override:/usr/lib/python3/dist-packages/colcon_core/task/python/colcon_distutils_commands:/home/nisanth/carla_ros_ws/install/carla_ad_agent/lib/python3.10/site-packages:/home/nisanth/carla_ros_ws/install/ros_compatibility/lib/python3.10/site-packages:/home/nisanth/carla_ros_ws/install/carla_waypoint_types/local/lib/python3.10/dist-packages:/home/nisanth/carla_ros_ws/install/carla_msgs/local/lib/python3.10/dist-packages:${PYTHONPATH} /usr/bin/python3 -W ignore:setup.py install is deprecated -W ignore:easy_install command is deprecated setup.py egg_info --egg-base ../../../build/carla_ad_agent build --build-base /home/nisanth/carla_ros_ws/build/carla_ad_agent/build install --record /home/nisanth/carla_ros_ws/build/carla_ad_agent/install.log --single-version-externally-managed install_data
[5.518s] Level 1:colcon.colcon_core.environment:checking '/home/nisanth/carla_ros_ws/install/carla_ad_agent' for CMake config files
[5.521s] Level 1:colcon.colcon_core.environment:checking '/home/nisanth/carla_ros_ws/install/carla_ad_agent/lib'
[5.521s] Level 1:colcon.colcon_core.environment:checking '/home/nisanth/carla_ros_ws/install/carla_ad_agent/bin'
[5.521s] Level 1:colcon.colcon_core.environment:checking '/home/nisanth/carla_ros_ws/install/carla_ad_agent/lib/pkgconfig/carla_ad_agent.pc'
[5.521s] Level 1:colcon.colcon_core.environment:checking '/home/nisanth/carla_ros_ws/install/carla_ad_agent/lib/python3.10/site-packages'
[5.522s] Level 1:colcon.colcon_core.shell:create_environment_hook('carla_ad_agent', 'pythonpath')
[5.522s] INFO:colcon.colcon_core.shell:Creating environment hook '/home/nisanth/carla_ros_ws/install/carla_ad_agent/share/carla_ad_agent/hook/pythonpath.ps1'
[5.522s] INFO:colcon.colcon_core.shell:Creating environment descriptor '/home/nisanth/carla_ros_ws/install/carla_ad_agent/share/carla_ad_agent/hook/pythonpath.dsv'
[5.523s] INFO:colcon.colcon_core.shell:Creating environment hook '/home/nisanth/carla_ros_ws/install/carla_ad_agent/share/carla_ad_agent/hook/pythonpath.sh'
[5.523s] Level 1:colcon.colcon_core.environment:checking '/home/nisanth/carla_ros_ws/install/carla_ad_agent/bin'
[5.523s] Level 1:colcon.colcon_core.environment:create_environment_scripts_only(carla_ad_agent)
[5.523s] INFO:colcon.colcon_core.shell:Creating package script '/home/nisanth/carla_ros_ws/install/carla_ad_agent/share/carla_ad_agent/package.ps1'
[5.524s] INFO:colcon.colcon_core.shell:Creating package descriptor '/home/nisanth/carla_ros_ws/install/carla_ad_agent/share/carla_ad_agent/package.dsv'
[5.524s] INFO:colcon.colcon_core.shell:Creating package script '/home/nisanth/carla_ros_ws/install/carla_ad_agent/share/carla_ad_agent/package.sh'
[5.525s] INFO:colcon.colcon_core.shell:Creating package script '/home/nisanth/carla_ros_ws/install/carla_ad_agent/share/carla_ad_agent/package.bash'
[5.525s] INFO:colcon.colcon_core.shell:Creating package script '/home/nisanth/carla_ros_ws/install/carla_ad_agent/share/carla_ad_agent/package.zsh'
[5.525s] Level 1:colcon.colcon_core.environment:create_file_with_runtime_dependencies(/home/nisanth/carla_ros_ws/install/carla_ad_agent/share/colcon-core/packages/carla_ad_agent)
[5.527s] Level 1:colcon.colcon_core.environment:checking '/home/nisanth/carla_ros_ws/install/carla_manual_control' for CMake module files
[5.527s] DEBUG:colcon.colcon_core.event_handler.log_command:Invoked command in '/home/nisanth/carla_ros_ws/src/ros-bridge/carla_manual_control' returned '0': AMENT_PREFIX_PATH=/home/nisanth/carla_ros_ws/install/ros_compatibility:/home/nisanth/carla_ros_ws/install/carla_msgs:${AMENT_PREFIX_PATH} CMAKE_PREFIX_PATH=/home/nisanth/carla_ros_ws/install/carla_msgs LD_LIBRARY_PATH=/home/nisanth/carla_ros_ws/install/carla_msgs/lib:${LD_LIBRARY_PATH} PYTHONPATH=/home/nisanth/carla_ros_ws/build/carla_manual_control/prefix_override:/usr/lib/python3/dist-packages/colcon_core/task/python/colcon_distutils_commands:/home/nisanth/carla_ros_ws/install/carla_manual_control/lib/python3.10/site-packages:/home/nisanth/carla_ros_ws/install/ros_compatibility/lib/python3.10/site-packages:/home/nisanth/carla_ros_ws/install/carla_msgs/local/lib/python3.10/dist-packages:${PYTHONPATH} /usr/bin/python3 -W ignore:setup.py install is deprecated -W ignore:easy_install command is deprecated setup.py egg_info --egg-base ../../../build/carla_manual_control build --build-base /home/nisanth/carla_ros_ws/build/carla_manual_control/build install --record /home/nisanth/carla_ros_ws/build/carla_manual_control/install.log --single-version-externally-managed install_data
[5.528s] Level 1:colcon.colcon_core.environment:checking '/home/nisanth/carla_ros_ws/install/carla_manual_control' for CMake config files
[5.530s] Level 1:colcon.colcon_core.environment:checking '/home/nisanth/carla_ros_ws/install/carla_manual_control/lib'
[5.530s] Level 1:colcon.colcon_core.environment:checking '/home/nisanth/carla_ros_ws/install/carla_manual_control/bin'
[5.530s] Level 1:colcon.colcon_core.environment:checking '/home/nisanth/carla_ros_ws/install/carla_manual_control/lib/pkgconfig/carla_manual_control.pc'
[5.530s] Level 1:colcon.colcon_core.environment:checking '/home/nisanth/carla_ros_ws/install/carla_manual_control/lib/python3.10/site-packages'
[5.530s] Level 1:colcon.colcon_core.shell:create_environment_hook('carla_manual_control', 'pythonpath')
[5.531s] INFO:colcon.colcon_core.shell:Creating environment hook '/home/nisanth/carla_ros_ws/install/carla_manual_control/share/carla_manual_control/hook/pythonpath.ps1'
[5.531s] INFO:colcon.colcon_core.shell:Creating environment descriptor '/home/nisanth/carla_ros_ws/install/carla_manual_control/share/carla_manual_control/hook/pythonpath.dsv'
[5.531s] INFO:colcon.colcon_core.shell:Creating environment hook '/home/nisanth/carla_ros_ws/install/carla_manual_control/share/carla_manual_control/hook/pythonpath.sh'
[5.532s] Level 1:colcon.colcon_core.environment:checking '/home/nisanth/carla_ros_ws/install/carla_manual_control/bin'
[5.532s] Level 1:colcon.colcon_core.environment:create_environment_scripts_only(carla_manual_control)
[5.532s] INFO:colcon.colcon_core.shell:Creating package script '/home/nisanth/carla_ros_ws/install/carla_manual_control/share/carla_manual_control/package.ps1'
[5.533s] INFO:colcon.colcon_core.shell:Creating package descriptor '/home/nisanth/carla_ros_ws/install/carla_manual_control/share/carla_manual_control/package.dsv'
[5.533s] INFO:colcon.colcon_core.shell:Creating package script '/home/nisanth/carla_ros_ws/install/carla_manual_control/share/carla_manual_control/package.sh'
[5.533s] INFO:colcon.colcon_core.shell:Creating package script '/home/nisanth/carla_ros_ws/install/carla_manual_control/share/carla_manual_control/package.bash'
[5.533s] INFO:colcon.colcon_core.shell:Creating package script '/home/nisanth/carla_ros_ws/install/carla_manual_control/share/carla_manual_control/package.zsh'
[5.534s] Level 1:colcon.colcon_core.environment:create_file_with_runtime_dependencies(/home/nisanth/carla_ros_ws/install/carla_manual_control/share/colcon-core/packages/carla_manual_control)
[5.573s] Level 1:colcon.colcon_core.environment:create_environment_scripts_only(carla_ackermann_msgs)
[5.573s] DEBUG:colcon.colcon_core.event_handler.log_command:Invoked command in '/home/nisanth/carla_ros_ws/build/carla_ackermann_msgs' returned '0': AMENT_PREFIX_PATH=/home/nisanth/carla_ros_ws/install/carla_msgs:${AMENT_PREFIX_PATH} CMAKE_PREFIX_PATH=/home/nisanth/carla_ros_ws/install/carla_msgs:/opt/ros/humble LD_LIBRARY_PATH=/home/nisanth/carla_ros_ws/install/carla_msgs/lib:${LD_LIBRARY_PATH} PYTHONPATH=/home/nisanth/carla_ros_ws/install/carla_msgs/local/lib/python3.10/dist-packages:${PYTHONPATH} /usr/bin/cmake --install /home/nisanth/carla_ros_ws/build/carla_ackermann_msgs
[5.573s] Level 1:colcon.colcon_core.environment:checking '/home/nisanth/carla_ros_ws/install/carla_ackermann_msgs' for CMake module files
[5.574s] Level 1:colcon.colcon_core.environment:checking '/home/nisanth/carla_ros_ws/install/carla_ackermann_msgs' for CMake config files
[5.578s] Level 1:colcon.colcon_core.shell:create_environment_hook('carla_ackermann_msgs', 'cmake_prefix_path')
[5.579s] INFO:colcon.colcon_core.shell:Creating environment hook '/home/nisanth/carla_ros_ws/install/carla_ackermann_msgs/share/carla_ackermann_msgs/hook/cmake_prefix_path.ps1'
[5.579s] INFO:colcon.colcon_core.shell:Creating environment descriptor '/home/nisanth/carla_ros_ws/install/carla_ackermann_msgs/share/carla_ackermann_msgs/hook/cmake_prefix_path.dsv'
[5.579s] INFO:colcon.colcon_core.shell:Creating environment hook '/home/nisanth/carla_ros_ws/install/carla_ackermann_msgs/share/carla_ackermann_msgs/hook/cmake_prefix_path.sh'
[5.580s] Level 1:colcon.colcon_core.environment:checking '/home/nisanth/carla_ros_ws/install/carla_ackermann_msgs/lib'
[5.580s] Level 1:colcon.colcon_core.shell:create_environment_hook('carla_ackermann_msgs', 'ld_library_path_lib')
[5.580s] INFO:colcon.colcon_core.shell:Creating environment hook '/home/nisanth/carla_ros_ws/install/carla_ackermann_msgs/share/carla_ackermann_msgs/hook/ld_library_path_lib.ps1'
[5.580s] INFO:colcon.colcon_core.shell:Creating environment descriptor '/home/nisanth/carla_ros_ws/install/carla_ackermann_msgs/share/carla_ackermann_msgs/hook/ld_library_path_lib.dsv'
[5.580s] INFO:colcon.colcon_core.shell:Creating environment hook '/home/nisanth/carla_ros_ws/install/carla_ackermann_msgs/share/carla_ackermann_msgs/hook/ld_library_path_lib.sh'
[5.581s] Level 1:colcon.colcon_core.environment:checking '/home/nisanth/carla_ros_ws/install/carla_ackermann_msgs/bin'
[5.581s] Level 1:colcon.colcon_core.environment:checking '/home/nisanth/carla_ros_ws/install/carla_ackermann_msgs/lib/pkgconfig/carla_ackermann_msgs.pc'
[5.581s] Level 1:colcon.colcon_core.environment:checking '/home/nisanth/carla_ros_ws/install/carla_ackermann_msgs/lib/python3.10/site-packages'
[5.581s] Level 1:colcon.colcon_core.environment:checking '/home/nisanth/carla_ros_ws/install/carla_ackermann_msgs/bin'
[5.581s] INFO:colcon.colcon_core.shell:Creating package script '/home/nisanth/carla_ros_ws/install/carla_ackermann_msgs/share/carla_ackermann_msgs/package.ps1'
[5.582s] INFO:colcon.colcon_core.shell:Creating package descriptor '/home/nisanth/carla_ros_ws/install/carla_ackermann_msgs/share/carla_ackermann_msgs/package.dsv'
[5.582s] INFO:colcon.colcon_core.shell:Creating package script '/home/nisanth/carla_ros_ws/install/carla_ackermann_msgs/share/carla_ackermann_msgs/package.sh'
[5.583s] INFO:colcon.colcon_core.shell:Creating package script '/home/nisanth/carla_ros_ws/install/carla_ackermann_msgs/share/carla_ackermann_msgs/package.bash'
[5.583s] INFO:colcon.colcon_core.shell:Creating package script '/home/nisanth/carla_ros_ws/install/carla_ackermann_msgs/share/carla_ackermann_msgs/package.zsh'
[5.584s] Level 1:colcon.colcon_core.environment:create_file_with_runtime_dependencies(/home/nisanth/carla_ros_ws/install/carla_ackermann_msgs/share/colcon-core/packages/carla_ackermann_msgs)
[5.584s] Level 1:colcon.colcon_core.environment:create_environment_scripts_only(carla_ackermann_msgs)
[5.584s] Level 1:colcon.colcon_core.environment:checking '/home/nisanth/carla_ros_ws/install/carla_ackermann_msgs' for CMake module files
[5.585s] Level 1:colcon.colcon_core.environment:checking '/home/nisanth/carla_ros_ws/install/carla_ackermann_msgs' for CMake config files
[5.586s] Level 1:colcon.colcon_core.shell:create_environment_hook('carla_ackermann_msgs', 'cmake_prefix_path')
[5.586s] INFO:colcon.colcon_core.shell:Creating environment hook '/home/nisanth/carla_ros_ws/install/carla_ackermann_msgs/share/carla_ackermann_msgs/hook/cmake_prefix_path.ps1'
[5.586s] INFO:colcon.colcon_core.shell:Creating environment descriptor '/home/nisanth/carla_ros_ws/install/carla_ackermann_msgs/share/carla_ackermann_msgs/hook/cmake_prefix_path.dsv'
[5.587s] INFO:colcon.colcon_core.shell:Creating environment hook '/home/nisanth/carla_ros_ws/install/carla_ackermann_msgs/share/carla_ackermann_msgs/hook/cmake_prefix_path.sh'
[5.587s] Level 1:colcon.colcon_core.environment:checking '/home/nisanth/carla_ros_ws/install/carla_ackermann_msgs/lib'
[5.587s] Level 1:colcon.colcon_core.shell:create_environment_hook('carla_ackermann_msgs', 'ld_library_path_lib')
[5.587s] INFO:colcon.colcon_core.shell:Creating environment hook '/home/nisanth/carla_ros_ws/install/carla_ackermann_msgs/share/carla_ackermann_msgs/hook/ld_library_path_lib.ps1'
[5.587s] INFO:colcon.colcon_core.shell:Creating environment descriptor '/home/nisanth/carla_ros_ws/install/carla_ackermann_msgs/share/carla_ackermann_msgs/hook/ld_library_path_lib.dsv'
[5.588s] INFO:colcon.colcon_core.shell:Creating environment hook '/home/nisanth/carla_ros_ws/install/carla_ackermann_msgs/share/carla_ackermann_msgs/hook/ld_library_path_lib.sh'
[5.588s] Level 1:colcon.colcon_core.environment:checking '/home/nisanth/carla_ros_ws/install/carla_ackermann_msgs/bin'
[5.588s] Level 1:colcon.colcon_core.environment:checking '/home/nisanth/carla_ros_ws/install/carla_ackermann_msgs/lib/pkgconfig/carla_ackermann_msgs.pc'
[5.588s] Level 1:colcon.colcon_core.environment:checking '/home/nisanth/carla_ros_ws/install/carla_ackermann_msgs/lib/python3.10/site-packages'
[5.588s] Level 1:colcon.colcon_core.environment:checking '/home/nisanth/carla_ros_ws/install/carla_ackermann_msgs/bin'
[5.589s] INFO:colcon.colcon_core.shell:Creating package script '/home/nisanth/carla_ros_ws/install/carla_ackermann_msgs/share/carla_ackermann_msgs/package.ps1'
[5.589s] INFO:colcon.colcon_core.shell:Creating package descriptor '/home/nisanth/carla_ros_ws/install/carla_ackermann_msgs/share/carla_ackermann_msgs/package.dsv'
[5.589s] INFO:colcon.colcon_core.shell:Creating package script '/home/nisanth/carla_ros_ws/install/carla_ackermann_msgs/share/carla_ackermann_msgs/package.sh'
[5.590s] INFO:colcon.colcon_core.shell:Creating package script '/home/nisanth/carla_ros_ws/install/carla_ackermann_msgs/share/carla_ackermann_msgs/package.bash'
[5.590s] INFO:colcon.colcon_core.shell:Creating package script '/home/nisanth/carla_ros_ws/install/carla_ackermann_msgs/share/carla_ackermann_msgs/package.zsh'
[5.590s] Level 1:colcon.colcon_core.environment:create_file_with_runtime_dependencies(/home/nisanth/carla_ros_ws/install/carla_ackermann_msgs/share/colcon-core/packages/carla_ackermann_msgs)
[5.616s] DEBUG:colcon.colcon_core.event_handler.log_command:Invoked command in '/home/nisanth/carla_ros_ws/build/carla_spawn_objects' returned '0': AMENT_PREFIX_PATH=/home/nisanth/carla_ros_ws/install/ros_compatibility:/home/nisanth/carla_ros_ws/install/carla_msgs:${AMENT_PREFIX_PATH} CMAKE_PREFIX_PATH=/home/nisanth/carla_ros_ws/install/carla_msgs LD_LIBRARY_PATH=/home/nisanth/carla_ros_ws/install/carla_msgs/lib:${LD_LIBRARY_PATH} PYTHONPATH=/home/nisanth/carla_ros_ws/build/carla_spawn_objects/prefix_override:/usr/lib/python3/dist-packages/colcon_core/task/python/colcon_distutils_commands:/home/nisanth/carla_ros_ws/install/carla_spawn_objects/lib/python3.10/site-packages:/home/nisanth/carla_ros_ws/install/ros_compatibility/lib/python3.10/site-packages:/home/nisanth/carla_ros_ws/install/carla_msgs/local/lib/python3.10/dist-packages:${PYTHONPATH} /usr/bin/python3 -W ignore:setup.py install is deprecated -W ignore:easy_install command is deprecated setup.py develop --uninstall --editable --build-directory /home/nisanth/carla_ros_ws/build/carla_spawn_objects/build
[5.619s] DEBUG:colcon.colcon_core.event_handler.log_command:Invoking command in '/home/nisanth/carla_ros_ws/src/ros-bridge/carla_spawn_objects': AMENT_PREFIX_PATH=/home/nisanth/carla_ros_ws/install/ros_compatibility:/home/nisanth/carla_ros_ws/install/carla_msgs:${AMENT_PREFIX_PATH} CMAKE_PREFIX_PATH=/home/nisanth/carla_ros_ws/install/carla_msgs LD_LIBRARY_PATH=/home/nisanth/carla_ros_ws/install/carla_msgs/lib:${LD_LIBRARY_PATH} PYTHONPATH=/home/nisanth/carla_ros_ws/build/carla_spawn_objects/prefix_override:/usr/lib/python3/dist-packages/colcon_core/task/python/colcon_distutils_commands:/home/nisanth/carla_ros_ws/install/carla_spawn_objects/lib/python3.10/site-packages:/home/nisanth/carla_ros_ws/install/ros_compatibility/lib/python3.10/site-packages:/home/nisanth/carla_ros_ws/install/carla_msgs/local/lib/python3.10/dist-packages:${PYTHONPATH} /usr/bin/python3 -W ignore:setup.py install is deprecated -W ignore:easy_install command is deprecated setup.py egg_info --egg-base ../../../build/carla_spawn_objects build --build-base /home/nisanth/carla_ros_ws/build/carla_spawn_objects/build install --record /home/nisanth/carla_ros_ws/build/carla_spawn_objects/install.log --single-version-externally-managed install_data --force
[5.668s] Level 1:colcon.colcon_core.environment:checking '/home/nisanth/carla_ros_ws/install/carla_ros_scenario_runner' for CMake module files
[5.669s] DEBUG:colcon.colcon_core.event_handler.log_command:Invoked command in '/home/nisanth/carla_ros_ws/src/ros-bridge/carla_ros_scenario_runner' returned '0': AMENT_PREFIX_PATH=/home/nisanth/carla_ros_ws/install/carla_ros_scenario_runner_types:/home/nisanth/carla_ros_ws/install/carla_msgs:/home/nisanth/carla_ros_ws/install/carla_common:${AMENT_PREFIX_PATH} CMAKE_PREFIX_PATH=/home/nisanth/carla_ros_ws/install/carla_ros_scenario_runner_types:/home/nisanth/carla_ros_ws/install/carla_msgs LD_LIBRARY_PATH=/home/nisanth/carla_ros_ws/install/carla_ros_scenario_runner_types/lib:/home/nisanth/carla_ros_ws/install/carla_msgs/lib:${LD_LIBRARY_PATH} PYTHONPATH=/home/nisanth/carla_ros_ws/build/carla_ros_scenario_runner/prefix_override:/usr/lib/python3/dist-packages/colcon_core/task/python/colcon_distutils_commands:/home/nisanth/carla_ros_ws/install/carla_ros_scenario_runner/lib/python3.10/site-packages:/home/nisanth/carla_ros_ws/install/carla_ros_scenario_runner_types/local/lib/python3.10/dist-packages:/home/nisanth/carla_ros_ws/install/carla_msgs/local/lib/python3.10/dist-packages:/home/nisanth/carla_ros_ws/install/carla_common/lib/python3.10/site-packages:${PYTHONPATH} /usr/bin/python3 -W ignore:setup.py install is deprecated -W ignore:easy_install command is deprecated setup.py egg_info --egg-base ../../../build/carla_ros_scenario_runner build --build-base /home/nisanth/carla_ros_ws/build/carla_ros_scenario_runner/build install --record /home/nisanth/carla_ros_ws/build/carla_ros_scenario_runner/install.log --single-version-externally-managed install_data
[5.669s] Level 1:colcon.colcon_core.environment:checking '/home/nisanth/carla_ros_ws/install/carla_ros_scenario_runner' for CMake config files
[5.672s] Level 1:colcon.colcon_core.environment:checking '/home/nisanth/carla_ros_ws/install/carla_ros_scenario_runner/lib'
[5.672s] Level 1:colcon.colcon_core.environment:checking '/home/nisanth/carla_ros_ws/install/carla_ros_scenario_runner/bin'
[5.672s] Level 1:colcon.colcon_core.environment:checking '/home/nisanth/carla_ros_ws/install/carla_ros_scenario_runner/lib/pkgconfig/carla_ros_scenario_runner.pc'
[5.672s] Level 1:colcon.colcon_core.environment:checking '/home/nisanth/carla_ros_ws/install/carla_ros_scenario_runner/lib/python3.10/site-packages'
[5.672s] Level 1:colcon.colcon_core.shell:create_environment_hook('carla_ros_scenario_runner', 'pythonpath')
[5.672s] INFO:colcon.colcon_core.shell:Creating environment hook '/home/nisanth/carla_ros_ws/install/carla_ros_scenario_runner/share/carla_ros_scenario_runner/hook/pythonpath.ps1'
[5.673s] INFO:colcon.colcon_core.shell:Creating environment descriptor '/home/nisanth/carla_ros_ws/install/carla_ros_scenario_runner/share/carla_ros_scenario_runner/hook/pythonpath.dsv'
[5.673s] INFO:colcon.colcon_core.shell:Creating environment hook '/home/nisanth/carla_ros_ws/install/carla_ros_scenario_runner/share/carla_ros_scenario_runner/hook/pythonpath.sh'
[5.673s] Level 1:colcon.colcon_core.environment:checking '/home/nisanth/carla_ros_ws/install/carla_ros_scenario_runner/bin'
[5.674s] Level 1:colcon.colcon_core.environment:create_environment_scripts_only(carla_ros_scenario_runner)
[5.674s] INFO:colcon.colcon_core.shell:Creating package script '/home/nisanth/carla_ros_ws/install/carla_ros_scenario_runner/share/carla_ros_scenario_runner/package.ps1'
[5.674s] INFO:colcon.colcon_core.shell:Creating package descriptor '/home/nisanth/carla_ros_ws/install/carla_ros_scenario_runner/share/carla_ros_scenario_runner/package.dsv'
[5.674s] INFO:colcon.colcon_core.shell:Creating package script '/home/nisanth/carla_ros_ws/install/carla_ros_scenario_runner/share/carla_ros_scenario_runner/package.sh'
[5.675s] INFO:colcon.colcon_core.shell:Creating package script '/home/nisanth/carla_ros_ws/install/carla_ros_scenario_runner/share/carla_ros_scenario_runner/package.bash'
[5.675s] INFO:colcon.colcon_core.shell:Creating package script '/home/nisanth/carla_ros_ws/install/carla_ros_scenario_runner/share/carla_ros_scenario_runner/package.zsh'
[5.675s] Level 1:colcon.colcon_core.environment:create_file_with_runtime_dependencies(/home/nisanth/carla_ros_ws/install/carla_ros_scenario_runner/share/colcon-core/packages/carla_ros_scenario_runner)
[5.848s] Level 1:colcon.colcon_core.environment:checking '/home/nisanth/carla_ros_ws/install/carla_spawn_objects' for CMake module files
[5.848s] DEBUG:colcon.colcon_core.event_handler.log_command:Invoked command in '/home/nisanth/carla_ros_ws/src/ros-bridge/carla_spawn_objects' returned '0': AMENT_PREFIX_PATH=/home/nisanth/carla_ros_ws/install/ros_compatibility:/home/nisanth/carla_ros_ws/install/carla_msgs:${AMENT_PREFIX_PATH} CMAKE_PREFIX_PATH=/home/nisanth/carla_ros_ws/install/carla_msgs LD_LIBRARY_PATH=/home/nisanth/carla_ros_ws/install/carla_msgs/lib:${LD_LIBRARY_PATH} PYTHONPATH=/home/nisanth/carla_ros_ws/build/carla_spawn_objects/prefix_override:/usr/lib/python3/dist-packages/colcon_core/task/python/colcon_distutils_commands:/home/nisanth/carla_ros_ws/install/carla_spawn_objects/lib/python3.10/site-packages:/home/nisanth/carla_ros_ws/install/ros_compatibility/lib/python3.10/site-packages:/home/nisanth/carla_ros_ws/install/carla_msgs/local/lib/python3.10/dist-packages:${PYTHONPATH} /usr/bin/python3 -W ignore:setup.py install is deprecated -W ignore:easy_install command is deprecated setup.py egg_info --egg-base ../../../build/carla_spawn_objects build --build-base /home/nisanth/carla_ros_ws/build/carla_spawn_objects/build install --record /home/nisanth/carla_ros_ws/build/carla_spawn_objects/install.log --single-version-externally-managed install_data --force
[5.849s] Level 1:colcon.colcon_core.environment:checking '/home/nisanth/carla_ros_ws/install/carla_spawn_objects' for CMake config files
[5.851s] Level 1:colcon.colcon_core.environment:checking '/home/nisanth/carla_ros_ws/install/carla_spawn_objects/lib'
[5.851s] Level 1:colcon.colcon_core.environment:checking '/home/nisanth/carla_ros_ws/install/carla_spawn_objects/bin'
[5.851s] Level 1:colcon.colcon_core.environment:checking '/home/nisanth/carla_ros_ws/install/carla_spawn_objects/lib/pkgconfig/carla_spawn_objects.pc'
[5.851s] Level 1:colcon.colcon_core.environment:checking '/home/nisanth/carla_ros_ws/install/carla_spawn_objects/lib/python3.10/site-packages'
[5.851s] Level 1:colcon.colcon_core.shell:create_environment_hook('carla_spawn_objects', 'pythonpath')
[5.852s] INFO:colcon.colcon_core.shell:Creating environment hook '/home/nisanth/carla_ros_ws/install/carla_spawn_objects/share/carla_spawn_objects/hook/pythonpath.ps1'
[5.852s] INFO:colcon.colcon_core.shell:Creating environment descriptor '/home/nisanth/carla_ros_ws/install/carla_spawn_objects/share/carla_spawn_objects/hook/pythonpath.dsv'
[5.852s] INFO:colcon.colcon_core.shell:Creating environment hook '/home/nisanth/carla_ros_ws/install/carla_spawn_objects/share/carla_spawn_objects/hook/pythonpath.sh'
[5.853s] Level 1:colcon.colcon_core.environment:checking '/home/nisanth/carla_ros_ws/install/carla_spawn_objects/bin'
[5.853s] Level 1:colcon.colcon_core.environment:create_environment_scripts_only(carla_spawn_objects)
[5.853s] INFO:colcon.colcon_core.shell:Creating package script '/home/nisanth/carla_ros_ws/install/carla_spawn_objects/share/carla_spawn_objects/package.ps1'
[5.854s] INFO:colcon.colcon_core.shell:Creating package descriptor '/home/nisanth/carla_ros_ws/install/carla_spawn_objects/share/carla_spawn_objects/package.dsv'
[5.854s] INFO:colcon.colcon_core.shell:Creating package script '/home/nisanth/carla_ros_ws/install/carla_spawn_objects/share/carla_spawn_objects/package.sh'
[5.854s] INFO:colcon.colcon_core.shell:Creating package script '/home/nisanth/carla_ros_ws/install/carla_spawn_objects/share/carla_spawn_objects/package.bash'
[5.855s] INFO:colcon.colcon_core.shell:Creating package script '/home/nisanth/carla_ros_ws/install/carla_spawn_objects/share/carla_spawn_objects/package.zsh'
[5.855s] Level 1:colcon.colcon_core.environment:create_file_with_runtime_dependencies(/home/nisanth/carla_ros_ws/install/carla_spawn_objects/share/colcon-core/packages/carla_spawn_objects)
[5.855s] INFO:colcon.colcon_ros.task.ament_python.build:Building ROS package in '/home/nisanth/carla_ros_ws/src/ros-bridge/carla_ros_bridge' with build type 'ament_python'
[5.855s] Level 1:colcon.colcon_core.shell:create_environment_hook('carla_ros_bridge', 'ament_prefix_path')
[5.856s] INFO:colcon.colcon_core.shell:Creating environment hook '/home/nisanth/carla_ros_ws/install/carla_ros_bridge/share/carla_ros_bridge/hook/ament_prefix_path.ps1'
[5.856s] INFO:colcon.colcon_core.shell:Creating environment descriptor '/home/nisanth/carla_ros_ws/install/carla_ros_bridge/share/carla_ros_bridge/hook/ament_prefix_path.dsv'
[5.857s] INFO:colcon.colcon_core.shell:Creating environment hook '/home/nisanth/carla_ros_ws/install/carla_ros_bridge/share/carla_ros_bridge/hook/ament_prefix_path.sh'
[5.857s] INFO:colcon.colcon_core.shell:Skip shell extension 'powershell' for command environment: Not usable outside of PowerShell
[5.857s] DEBUG:colcon.colcon_core.shell:Skip shell extension 'dsv' for command environment
[6.232s] INFO:colcon.colcon_core.task.python.build:Building Python package in '/home/nisanth/carla_ros_ws/src/ros-bridge/carla_ros_bridge'
[6.232s] INFO:colcon.colcon_core.shell:Skip shell extension 'powershell' for command environment: Not usable outside of PowerShell
[6.232s] DEBUG:colcon.colcon_core.shell:Skip shell extension 'dsv' for command environment
[6.795s] DEBUG:colcon.colcon_core.event_handler.log_command:Invoking command in '/home/nisanth/carla_ros_ws/src/ros-bridge/carla_ros_bridge': AMENT_PREFIX_PATH=/home/nisanth/carla_ros_ws/install/carla_spawn_objects:/home/nisanth/carla_ros_ws/install/carla_manual_control:/home/nisanth/carla_ros_ws/install/ros_compatibility:/home/nisanth/carla_ros_ws/install/carla_msgs:/home/nisanth/carla_ros_ws/install/carla_common:${AMENT_PREFIX_PATH} CMAKE_PREFIX_PATH=/home/nisanth/carla_ros_ws/install/carla_msgs LD_LIBRARY_PATH=/home/nisanth/carla_ros_ws/install/carla_msgs/lib:${LD_LIBRARY_PATH} PYTHONPATH=/home/nisanth/carla_ros_ws/build/carla_ros_bridge/prefix_override:/usr/lib/python3/dist-packages/colcon_core/task/python/colcon_distutils_commands:/home/nisanth/carla_ros_ws/install/carla_ros_bridge/lib/python3.10/site-packages:/home/nisanth/carla_ros_ws/install/carla_spawn_objects/lib/python3.10/site-packages:/home/nisanth/carla_ros_ws/install/carla_manual_control/lib/python3.10/site-packages:/home/nisanth/carla_ros_ws/install/ros_compatibility/lib/python3.10/site-packages:/home/nisanth/carla_ros_ws/install/carla_msgs/local/lib/python3.10/dist-packages:/home/nisanth/carla_ros_ws/install/carla_common/lib/python3.10/site-packages:${PYTHONPATH} /usr/bin/python3 -W ignore:setup.py install is deprecated -W ignore:easy_install command is deprecated setup.py egg_info --egg-base ../../../build/carla_ros_bridge build --build-base /home/nisanth/carla_ros_ws/build/carla_ros_bridge/build install --record /home/nisanth/carla_ros_ws/build/carla_ros_bridge/install.log --single-version-externally-managed install_data
[7.052s] Level 1:colcon.colcon_core.environment:checking '/home/nisanth/carla_ros_ws/install/carla_ros_bridge' for CMake module files
[7.052s] DEBUG:colcon.colcon_core.event_handler.log_command:Invoked command in '/home/nisanth/carla_ros_ws/src/ros-bridge/carla_ros_bridge' returned '0': AMENT_PREFIX_PATH=/home/nisanth/carla_ros_ws/install/carla_spawn_objects:/home/nisanth/carla_ros_ws/install/carla_manual_control:/home/nisanth/carla_ros_ws/install/ros_compatibility:/home/nisanth/carla_ros_ws/install/carla_msgs:/home/nisanth/carla_ros_ws/install/carla_common:${AMENT_PREFIX_PATH} CMAKE_PREFIX_PATH=/home/nisanth/carla_ros_ws/install/carla_msgs LD_LIBRARY_PATH=/home/nisanth/carla_ros_ws/install/carla_msgs/lib:${LD_LIBRARY_PATH} PYTHONPATH=/home/nisanth/carla_ros_ws/build/carla_ros_bridge/prefix_override:/usr/lib/python3/dist-packages/colcon_core/task/python/colcon_distutils_commands:/home/nisanth/carla_ros_ws/install/carla_ros_bridge/lib/python3.10/site-packages:/home/nisanth/carla_ros_ws/install/carla_spawn_objects/lib/python3.10/site-packages:/home/nisanth/carla_ros_ws/install/carla_manual_control/lib/python3.10/site-packages:/home/nisanth/carla_ros_ws/install/ros_compatibility/lib/python3.10/site-packages:/home/nisanth/carla_ros_ws/install/carla_msgs/local/lib/python3.10/dist-packages:/home/nisanth/carla_ros_ws/install/carla_common/lib/python3.10/site-packages:${PYTHONPATH} /usr/bin/python3 -W ignore:setup.py install is deprecated -W ignore:easy_install command is deprecated setup.py egg_info --egg-base ../../../build/carla_ros_bridge build --build-base /home/nisanth/carla_ros_ws/build/carla_ros_bridge/build install --record /home/nisanth/carla_ros_ws/build/carla_ros_bridge/install.log --single-version-externally-managed install_data
[7.053s] Level 1:colcon.colcon_core.environment:checking '/home/nisanth/carla_ros_ws/install/carla_ros_bridge' for CMake config files
[7.056s] Level 1:colcon.colcon_core.environment:checking '/home/nisanth/carla_ros_ws/install/carla_ros_bridge/lib'
[7.056s] Level 1:colcon.colcon_core.environment:checking '/home/nisanth/carla_ros_ws/install/carla_ros_bridge/bin'
[7.056s] Level 1:colcon.colcon_core.environment:checking '/home/nisanth/carla_ros_ws/install/carla_ros_bridge/lib/pkgconfig/carla_ros_bridge.pc'
[7.056s] Level 1:colcon.colcon_core.environment:checking '/home/nisanth/carla_ros_ws/install/carla_ros_bridge/lib/python3.10/site-packages'
[7.056s] Level 1:colcon.colcon_core.shell:create_environment_hook('carla_ros_bridge', 'pythonpath')
[7.056s] INFO:colcon.colcon_core.shell:Creating environment hook '/home/nisanth/carla_ros_ws/install/carla_ros_bridge/share/carla_ros_bridge/hook/pythonpath.ps1'
[7.057s] INFO:colcon.colcon_core.shell:Creating environment descriptor '/home/nisanth/carla_ros_ws/install/carla_ros_bridge/share/carla_ros_bridge/hook/pythonpath.dsv'
[7.058s] INFO:colcon.colcon_core.shell:Creating environment hook '/home/nisanth/carla_ros_ws/install/carla_ros_bridge/share/carla_ros_bridge/hook/pythonpath.sh'
[7.058s] Level 1:colcon.colcon_core.environment:checking '/home/nisanth/carla_ros_ws/install/carla_ros_bridge/bin'
[7.058s] Level 1:colcon.colcon_core.environment:create_environment_scripts_only(carla_ros_bridge)
[7.058s] INFO:colcon.colcon_core.shell:Creating package script '/home/nisanth/carla_ros_ws/install/carla_ros_bridge/share/carla_ros_bridge/package.ps1'
[7.059s] INFO:colcon.colcon_core.shell:Creating package descriptor '/home/nisanth/carla_ros_ws/install/carla_ros_bridge/share/carla_ros_bridge/package.dsv'
[7.059s] INFO:colcon.colcon_core.shell:Creating package script '/home/nisanth/carla_ros_ws/install/carla_ros_bridge/share/carla_ros_bridge/package.sh'
[7.059s] INFO:colcon.colcon_core.shell:Creating package script '/home/nisanth/carla_ros_ws/install/carla_ros_bridge/share/carla_ros_bridge/package.bash'
[7.060s] INFO:colcon.colcon_core.shell:Creating package script '/home/nisanth/carla_ros_ws/install/carla_ros_bridge/share/carla_ros_bridge/package.zsh'
[7.060s] Level 1:colcon.colcon_core.environment:create_file_with_runtime_dependencies(/home/nisanth/carla_ros_ws/install/carla_ros_bridge/share/colcon-core/packages/carla_ros_bridge)
[7.060s] INFO:colcon.colcon_ros.task.ament_python.build:Building ROS package in '/home/nisanth/carla_ros_ws/src/ros-bridge/carla_ackermann_control' with build type 'ament_python'
[7.060s] Level 1:colcon.colcon_core.shell:create_environment_hook('carla_ackermann_control', 'ament_prefix_path')
[7.060s] INFO:colcon.colcon_core.shell:Creating environment hook '/home/nisanth/carla_ros_ws/install/carla_ackermann_control/share/carla_ackermann_control/hook/ament_prefix_path.ps1'
[7.061s] INFO:colcon.colcon_core.shell:Creating environment descriptor '/home/nisanth/carla_ros_ws/install/carla_ackermann_control/share/carla_ackermann_control/hook/ament_prefix_path.dsv'
[7.061s] INFO:colcon.colcon_core.shell:Creating environment hook '/home/nisanth/carla_ros_ws/install/carla_ackermann_control/share/carla_ackermann_control/hook/ament_prefix_path.sh'
[7.062s] INFO:colcon.colcon_core.shell:Skip shell extension 'powershell' for command environment: Not usable outside of PowerShell
[7.062s] DEBUG:colcon.colcon_core.shell:Skip shell extension 'dsv' for command environment
[7.065s] INFO:colcon.colcon_ros.task.ament_cmake.build:Building ROS package in '/home/nisanth/carla_ros_ws/src/ros-bridge/pcl_recorder' with build type 'ament_cmake'
[7.065s] INFO:colcon.colcon_cmake.task.cmake.build:Building CMake package in '/home/nisanth/carla_ros_ws/src/ros-bridge/pcl_recorder'
[7.065s] INFO:colcon.colcon_core.shell:Skip shell extension 'powershell' for command environment: Not usable outside of PowerShell
[7.065s] DEBUG:colcon.colcon_core.shell:Skip shell extension 'dsv' for command environment
[7.458s] DEBUG:colcon.colcon_core.event_handler.log_command:Invoking command in '/home/nisanth/carla_ros_ws/build/pcl_recorder': AMENT_PREFIX_PATH=/home/nisanth/carla_ros_ws/install/carla_ros_bridge:/home/nisanth/carla_ros_ws/install/carla_spawn_objects:/home/nisanth/carla_ros_ws/install/carla_manual_control:/home/nisanth/carla_ros_ws/install/ros_compatibility:/home/nisanth/carla_ros_ws/install/carla_msgs:/home/nisanth/carla_ros_ws/install/carla_common:${AMENT_PREFIX_PATH} CMAKE_PREFIX_PATH=/home/nisanth/carla_ros_ws/install/carla_msgs:/opt/ros/humble LD_LIBRARY_PATH=/home/nisanth/carla_ros_ws/install/carla_msgs/lib:${LD_LIBRARY_PATH} PYTHONPATH=/home/nisanth/carla_ros_ws/install/carla_ros_bridge/lib/python3.10/site-packages:/home/nisanth/carla_ros_ws/install/carla_spawn_objects/lib/python3.10/site-packages:/home/nisanth/carla_ros_ws/install/carla_manual_control/lib/python3.10/site-packages:/home/nisanth/carla_ros_ws/install/ros_compatibility/lib/python3.10/site-packages:/home/nisanth/carla_ros_ws/install/carla_msgs/local/lib/python3.10/dist-packages:/home/nisanth/carla_ros_ws/install/carla_common/lib/python3.10/site-packages:${PYTHONPATH} /usr/bin/cmake /home/nisanth/carla_ros_ws/src/ros-bridge/pcl_recorder -DCMAKE_INSTALL_PREFIX=/home/nisanth/carla_ros_ws/install/pcl_recorder
[7.702s] INFO:colcon.colcon_core.task.python.build:Building Python package in '/home/nisanth/carla_ros_ws/src/ros-bridge/carla_ackermann_control'
[7.702s] INFO:colcon.colcon_core.shell:Skip shell extension 'powershell' for command environment: Not usable outside of PowerShell
[7.703s] DEBUG:colcon.colcon_core.shell:Skip shell extension 'dsv' for command environment
[8.319s] DEBUG:colcon.colcon_core.event_handler.log_command:Invoking command in '/home/nisanth/carla_ros_ws/src/ros-bridge/carla_ackermann_control': AMENT_PREFIX_PATH=/home/nisanth/carla_ros_ws/install/carla_ros_bridge:/home/nisanth/carla_ros_ws/install/carla_spawn_objects:/home/nisanth/carla_ros_ws/install/carla_manual_control:/home/nisanth/carla_ros_ws/install/carla_ackermann_msgs:/home/nisanth/carla_ros_ws/install/ros_compatibility:/home/nisanth/carla_ros_ws/install/carla_msgs:/home/nisanth/carla_ros_ws/install/carla_common:${AMENT_PREFIX_PATH} CMAKE_PREFIX_PATH=/home/nisanth/carla_ros_ws/install/carla_ackermann_msgs:/home/nisanth/carla_ros_ws/install/carla_msgs LD_LIBRARY_PATH=/home/nisanth/carla_ros_ws/install/carla_ackermann_msgs/lib:/home/nisanth/carla_ros_ws/install/carla_msgs/lib:${LD_LIBRARY_PATH} PYTHONPATH=/home/nisanth/carla_ros_ws/build/carla_ackermann_control/prefix_override:/usr/lib/python3/dist-packages/colcon_core/task/python/colcon_distutils_commands:/home/nisanth/carla_ros_ws/install/carla_ackermann_control/lib/python3.10/site-packages:/home/nisanth/carla_ros_ws/install/carla_ros_bridge/lib/python3.10/site-packages:/home/nisanth/carla_ros_ws/install/carla_spawn_objects/lib/python3.10/site-packages:/home/nisanth/carla_ros_ws/install/carla_manual_control/lib/python3.10/site-packages:/home/nisanth/carla_ros_ws/install/carla_ackermann_msgs/local/lib/python3.10/dist-packages:/home/nisanth/carla_ros_ws/install/ros_compatibility/lib/python3.10/site-packages:/home/nisanth/carla_ros_ws/install/carla_msgs/local/lib/python3.10/dist-packages:/home/nisanth/carla_ros_ws/install/carla_common/lib/python3.10/site-packages:${PYTHONPATH} /usr/bin/python3 -W ignore:setup.py install is deprecated -W ignore:easy_install command is deprecated setup.py egg_info --egg-base ../../../build/carla_ackermann_control build --build-base /home/nisanth/carla_ros_ws/build/carla_ackermann_control/build install --record /home/nisanth/carla_ros_ws/build/carla_ackermann_control/install.log --single-version-externally-managed install_data
[8.530s] DEBUG:colcon.colcon_core.event_handler.log_command:Invoked command in '/home/nisanth/carla_ros_ws/build/rviz_carla_plugin' returned '0': AMENT_PREFIX_PATH=/home/nisanth/carla_ros_ws/install/carla_ros_scenario_runner_types:/home/nisanth/carla_ros_ws/install/carla_msgs:${AMENT_PREFIX_PATH} CMAKE_PREFIX_PATH=/home/nisanth/carla_ros_ws/install/carla_ros_scenario_runner_types:/home/nisanth/carla_ros_ws/install/carla_msgs:/opt/ros/humble LD_LIBRARY_PATH=/home/nisanth/carla_ros_ws/install/carla_ros_scenario_runner_types/lib:/home/nisanth/carla_ros_ws/install/carla_msgs/lib:${LD_LIBRARY_PATH} PYTHONPATH=/home/nisanth/carla_ros_ws/install/carla_ros_scenario_runner_types/local/lib/python3.10/dist-packages:/home/nisanth/carla_ros_ws/install/carla_msgs/local/lib/python3.10/dist-packages:${PYTHONPATH} /usr/bin/cmake /home/nisanth/carla_ros_ws/src/ros-bridge/rviz_carla_plugin -DCMAKE_INSTALL_PREFIX=/home/nisanth/carla_ros_ws/install/rviz_carla_plugin
[8.531s] DEBUG:colcon.colcon_core.event_handler.log_command:Invoking command in '/home/nisanth/carla_ros_ws/build/rviz_carla_plugin': AMENT_PREFIX_PATH=/home/nisanth/carla_ros_ws/install/carla_ros_scenario_runner_types:/home/nisanth/carla_ros_ws/install/carla_msgs:${AMENT_PREFIX_PATH} CMAKE_PREFIX_PATH=/home/nisanth/carla_ros_ws/install/carla_ros_scenario_runner_types:/home/nisanth/carla_ros_ws/install/carla_msgs:/opt/ros/humble LD_LIBRARY_PATH=/home/nisanth/carla_ros_ws/install/carla_ros_scenario_runner_types/lib:/home/nisanth/carla_ros_ws/install/carla_msgs/lib:${LD_LIBRARY_PATH} PYTHONPATH=/home/nisanth/carla_ros_ws/install/carla_ros_scenario_runner_types/local/lib/python3.10/dist-packages:/home/nisanth/carla_ros_ws/install/carla_msgs/local/lib/python3.10/dist-packages:${PYTHONPATH} /usr/bin/cmake --build /home/nisanth/carla_ros_ws/build/rviz_carla_plugin -- -j12 -l12
[8.535s] Level 1:colcon.colcon_core.environment:checking '/home/nisanth/carla_ros_ws/install/carla_ackermann_control' for CMake module files
[8.535s] DEBUG:colcon.colcon_core.event_handler.log_command:Invoked command in '/home/nisanth/carla_ros_ws/src/ros-bridge/carla_ackermann_control' returned '0': AMENT_PREFIX_PATH=/home/nisanth/carla_ros_ws/install/carla_ros_bridge:/home/nisanth/carla_ros_ws/install/carla_spawn_objects:/home/nisanth/carla_ros_ws/install/carla_manual_control:/home/nisanth/carla_ros_ws/install/carla_ackermann_msgs:/home/nisanth/carla_ros_ws/install/ros_compatibility:/home/nisanth/carla_ros_ws/install/carla_msgs:/home/nisanth/carla_ros_ws/install/carla_common:${AMENT_PREFIX_PATH} CMAKE_PREFIX_PATH=/home/nisanth/carla_ros_ws/install/carla_ackermann_msgs:/home/nisanth/carla_ros_ws/install/carla_msgs LD_LIBRARY_PATH=/home/nisanth/carla_ros_ws/install/carla_ackermann_msgs/lib:/home/nisanth/carla_ros_ws/install/carla_msgs/lib:${LD_LIBRARY_PATH} PYTHONPATH=/home/nisanth/carla_ros_ws/build/carla_ackermann_control/prefix_override:/usr/lib/python3/dist-packages/colcon_core/task/python/colcon_distutils_commands:/home/nisanth/carla_ros_ws/install/carla_ackermann_control/lib/python3.10/site-packages:/home/nisanth/carla_ros_ws/install/carla_ros_bridge/lib/python3.10/site-packages:/home/nisanth/carla_ros_ws/install/carla_spawn_objects/lib/python3.10/site-packages:/home/nisanth/carla_ros_ws/install/carla_manual_control/lib/python3.10/site-packages:/home/nisanth/carla_ros_ws/install/carla_ackermann_msgs/local/lib/python3.10/dist-packages:/home/nisanth/carla_ros_ws/install/ros_compatibility/lib/python3.10/site-packages:/home/nisanth/carla_ros_ws/install/carla_msgs/local/lib/python3.10/dist-packages:/home/nisanth/carla_ros_ws/install/carla_common/lib/python3.10/site-packages:${PYTHONPATH} /usr/bin/python3 -W ignore:setup.py install is deprecated -W ignore:easy_install command is deprecated setup.py egg_info --egg-base ../../../build/carla_ackermann_control build --build-base /home/nisanth/carla_ros_ws/build/carla_ackermann_control/build install --record /home/nisanth/carla_ros_ws/build/carla_ackermann_control/install.log --single-version-externally-managed install_data
[8.536s] Level 1:colcon.colcon_core.environment:checking '/home/nisanth/carla_ros_ws/install/carla_ackermann_control' for CMake config files
[8.538s] Level 1:colcon.colcon_core.environment:checking '/home/nisanth/carla_ros_ws/install/carla_ackermann_control/lib'
[8.538s] Level 1:colcon.colcon_core.environment:checking '/home/nisanth/carla_ros_ws/install/carla_ackermann_control/bin'
[8.538s] Level 1:colcon.colcon_core.environment:checking '/home/nisanth/carla_ros_ws/install/carla_ackermann_control/lib/pkgconfig/carla_ackermann_control.pc'
[8.538s] Level 1:colcon.colcon_core.environment:checking '/home/nisanth/carla_ros_ws/install/carla_ackermann_control/lib/python3.10/site-packages'
[8.538s] Level 1:colcon.colcon_core.shell:create_environment_hook('carla_ackermann_control', 'pythonpath')
[8.539s] INFO:colcon.colcon_core.shell:Creating environment hook '/home/nisanth/carla_ros_ws/install/carla_ackermann_control/share/carla_ackermann_control/hook/pythonpath.ps1'
[8.539s] INFO:colcon.colcon_core.shell:Creating environment descriptor '/home/nisanth/carla_ros_ws/install/carla_ackermann_control/share/carla_ackermann_control/hook/pythonpath.dsv'
[8.539s] INFO:colcon.colcon_core.shell:Creating environment hook '/home/nisanth/carla_ros_ws/install/carla_ackermann_control/share/carla_ackermann_control/hook/pythonpath.sh'
[8.540s] Level 1:colcon.colcon_core.environment:checking '/home/nisanth/carla_ros_ws/install/carla_ackermann_control/bin'
[8.540s] Level 1:colcon.colcon_core.environment:create_environment_scripts_only(carla_ackermann_control)
[8.540s] INFO:colcon.colcon_core.shell:Creating package script '/home/nisanth/carla_ros_ws/install/carla_ackermann_control/share/carla_ackermann_control/package.ps1'
[8.541s] INFO:colcon.colcon_core.shell:Creating package descriptor '/home/nisanth/carla_ros_ws/install/carla_ackermann_control/share/carla_ackermann_control/package.dsv'
[8.541s] INFO:colcon.colcon_core.shell:Creating package script '/home/nisanth/carla_ros_ws/install/carla_ackermann_control/share/carla_ackermann_control/package.sh'
[8.541s] INFO:colcon.colcon_core.shell:Creating package script '/home/nisanth/carla_ros_ws/install/carla_ackermann_control/share/carla_ackermann_control/package.bash'
[8.542s] INFO:colcon.colcon_core.shell:Creating package script '/home/nisanth/carla_ros_ws/install/carla_ackermann_control/share/carla_ackermann_control/package.zsh'
[8.542s] Level 1:colcon.colcon_core.environment:create_file_with_runtime_dependencies(/home/nisanth/carla_ros_ws/install/carla_ackermann_control/share/colcon-core/packages/carla_ackermann_control)
[11.318s] DEBUG:colcon.colcon_core.event_handler.log_command:Invoked command in '/home/nisanth/carla_ros_ws/build/rviz_carla_plugin' returned '0': AMENT_PREFIX_PATH=/home/nisanth/carla_ros_ws/install/carla_ros_scenario_runner_types:/home/nisanth/carla_ros_ws/install/carla_msgs:${AMENT_PREFIX_PATH} CMAKE_PREFIX_PATH=/home/nisanth/carla_ros_ws/install/carla_ros_scenario_runner_types:/home/nisanth/carla_ros_ws/install/carla_msgs:/opt/ros/humble LD_LIBRARY_PATH=/home/nisanth/carla_ros_ws/install/carla_ros_scenario_runner_types/lib:/home/nisanth/carla_ros_ws/install/carla_msgs/lib:${LD_LIBRARY_PATH} PYTHONPATH=/home/nisanth/carla_ros_ws/install/carla_ros_scenario_runner_types/local/lib/python3.10/dist-packages:/home/nisanth/carla_ros_ws/install/carla_msgs/local/lib/python3.10/dist-packages:${PYTHONPATH} /usr/bin/cmake --build /home/nisanth/carla_ros_ws/build/rviz_carla_plugin -- -j12 -l12
[11.320s] DEBUG:colcon.colcon_core.event_handler.log_command:Invoking command in '/home/nisanth/carla_ros_ws/build/rviz_carla_plugin': AMENT_PREFIX_PATH=/home/nisanth/carla_ros_ws/install/carla_ros_scenario_runner_types:/home/nisanth/carla_ros_ws/install/carla_msgs:${AMENT_PREFIX_PATH} CMAKE_PREFIX_PATH=/home/nisanth/carla_ros_ws/install/carla_ros_scenario_runner_types:/home/nisanth/carla_ros_ws/install/carla_msgs:/opt/ros/humble LD_LIBRARY_PATH=/home/nisanth/carla_ros_ws/install/carla_ros_scenario_runner_types/lib:/home/nisanth/carla_ros_ws/install/carla_msgs/lib:${LD_LIBRARY_PATH} PYTHONPATH=/home/nisanth/carla_ros_ws/install/carla_ros_scenario_runner_types/local/lib/python3.10/dist-packages:/home/nisanth/carla_ros_ws/install/carla_msgs/local/lib/python3.10/dist-packages:${PYTHONPATH} /usr/bin/cmake --install /home/nisanth/carla_ros_ws/build/rviz_carla_plugin
[11.377s] Level 1:colcon.colcon_core.environment:create_environment_scripts_only(rviz_carla_plugin)
[11.377s] Level 1:colcon.colcon_core.environment:checking '/home/nisanth/carla_ros_ws/install/rviz_carla_plugin' for CMake module files
[11.377s] DEBUG:colcon.colcon_core.event_handler.log_command:Invoked command in '/home/nisanth/carla_ros_ws/build/rviz_carla_plugin' returned '0': AMENT_PREFIX_PATH=/home/nisanth/carla_ros_ws/install/carla_ros_scenario_runner_types:/home/nisanth/carla_ros_ws/install/carla_msgs:${AMENT_PREFIX_PATH} CMAKE_PREFIX_PATH=/home/nisanth/carla_ros_ws/install/carla_ros_scenario_runner_types:/home/nisanth/carla_ros_ws/install/carla_msgs:/opt/ros/humble LD_LIBRARY_PATH=/home/nisanth/carla_ros_ws/install/carla_ros_scenario_runner_types/lib:/home/nisanth/carla_ros_ws/install/carla_msgs/lib:${LD_LIBRARY_PATH} PYTHONPATH=/home/nisanth/carla_ros_ws/install/carla_ros_scenario_runner_types/local/lib/python3.10/dist-packages:/home/nisanth/carla_ros_ws/install/carla_msgs/local/lib/python3.10/dist-packages:${PYTHONPATH} /usr/bin/cmake --install /home/nisanth/carla_ros_ws/build/rviz_carla_plugin
[11.378s] Level 1:colcon.colcon_core.environment:checking '/home/nisanth/carla_ros_ws/install/rviz_carla_plugin' for CMake config files
[11.380s] Level 1:colcon.colcon_core.shell:create_environment_hook('rviz_carla_plugin', 'cmake_prefix_path')
[11.380s] INFO:colcon.colcon_core.shell:Creating environment hook '/home/nisanth/carla_ros_ws/install/rviz_carla_plugin/share/rviz_carla_plugin/hook/cmake_prefix_path.ps1'
[11.381s] INFO:colcon.colcon_core.shell:Creating environment descriptor '/home/nisanth/carla_ros_ws/install/rviz_carla_plugin/share/rviz_carla_plugin/hook/cmake_prefix_path.dsv'
[11.381s] INFO:colcon.colcon_core.shell:Creating environment hook '/home/nisanth/carla_ros_ws/install/rviz_carla_plugin/share/rviz_carla_plugin/hook/cmake_prefix_path.sh'
[11.381s] Level 1:colcon.colcon_core.environment:checking '/home/nisanth/carla_ros_ws/install/rviz_carla_plugin/lib'
[11.381s] Level 1:colcon.colcon_core.shell:create_environment_hook('rviz_carla_plugin', 'ld_library_path_lib')
[11.382s] INFO:colcon.colcon_core.shell:Creating environment hook '/home/nisanth/carla_ros_ws/install/rviz_carla_plugin/share/rviz_carla_plugin/hook/ld_library_path_lib.ps1'
[11.382s] INFO:colcon.colcon_core.shell:Creating environment descriptor '/home/nisanth/carla_ros_ws/install/rviz_carla_plugin/share/rviz_carla_plugin/hook/ld_library_path_lib.dsv'
[11.382s] INFO:colcon.colcon_core.shell:Creating environment hook '/home/nisanth/carla_ros_ws/install/rviz_carla_plugin/share/rviz_carla_plugin/hook/ld_library_path_lib.sh'
[11.382s] Level 1:colcon.colcon_core.environment:checking '/home/nisanth/carla_ros_ws/install/rviz_carla_plugin/bin'
[11.382s] Level 1:colcon.colcon_core.environment:checking '/home/nisanth/carla_ros_ws/install/rviz_carla_plugin/lib/pkgconfig/rviz_carla_plugin.pc'
[11.383s] Level 1:colcon.colcon_core.environment:checking '/home/nisanth/carla_ros_ws/install/rviz_carla_plugin/lib/python3.10/site-packages'
[11.383s] Level 1:colcon.colcon_core.environment:checking '/home/nisanth/carla_ros_ws/install/rviz_carla_plugin/bin'
[11.383s] INFO:colcon.colcon_core.shell:Creating package script '/home/nisanth/carla_ros_ws/install/rviz_carla_plugin/share/rviz_carla_plugin/package.ps1'
[11.383s] INFO:colcon.colcon_core.shell:Creating package descriptor '/home/nisanth/carla_ros_ws/install/rviz_carla_plugin/share/rviz_carla_plugin/package.dsv'
[11.384s] INFO:colcon.colcon_core.shell:Creating package script '/home/nisanth/carla_ros_ws/install/rviz_carla_plugin/share/rviz_carla_plugin/package.sh'
[11.384s] INFO:colcon.colcon_core.shell:Creating package script '/home/nisanth/carla_ros_ws/install/rviz_carla_plugin/share/rviz_carla_plugin/package.bash'
[11.384s] INFO:colcon.colcon_core.shell:Creating package script '/home/nisanth/carla_ros_ws/install/rviz_carla_plugin/share/rviz_carla_plugin/package.zsh'
[11.385s] Level 1:colcon.colcon_core.environment:create_file_with_runtime_dependencies(/home/nisanth/carla_ros_ws/install/rviz_carla_plugin/share/colcon-core/packages/rviz_carla_plugin)
[11.385s] Level 1:colcon.colcon_core.environment:create_environment_scripts_only(rviz_carla_plugin)
[11.385s] Level 1:colcon.colcon_core.environment:checking '/home/nisanth/carla_ros_ws/install/rviz_carla_plugin' for CMake module files
[11.385s] Level 1:colcon.colcon_core.environment:checking '/home/nisanth/carla_ros_ws/install/rviz_carla_plugin' for CMake config files
[11.386s] Level 1:colcon.colcon_core.shell:create_environment_hook('rviz_carla_plugin', 'cmake_prefix_path')
[11.386s] INFO:colcon.colcon_core.shell:Creating environment hook '/home/nisanth/carla_ros_ws/install/rviz_carla_plugin/share/rviz_carla_plugin/hook/cmake_prefix_path.ps1'
[11.386s] INFO:colcon.colcon_core.shell:Creating environment descriptor '/home/nisanth/carla_ros_ws/install/rviz_carla_plugin/share/rviz_carla_plugin/hook/cmake_prefix_path.dsv'
[11.387s] INFO:colcon.colcon_core.shell:Creating environment hook '/home/nisanth/carla_ros_ws/install/rviz_carla_plugin/share/rviz_carla_plugin/hook/cmake_prefix_path.sh'
[11.387s] Level 1:colcon.colcon_core.environment:checking '/home/nisanth/carla_ros_ws/install/rviz_carla_plugin/lib'
[11.387s] Level 1:colcon.colcon_core.shell:create_environment_hook('rviz_carla_plugin', 'ld_library_path_lib')
[11.387s] INFO:colcon.colcon_core.shell:Creating environment hook '/home/nisanth/carla_ros_ws/install/rviz_carla_plugin/share/rviz_carla_plugin/hook/ld_library_path_lib.ps1'
[11.387s] INFO:colcon.colcon_core.shell:Creating environment descriptor '/home/nisanth/carla_ros_ws/install/rviz_carla_plugin/share/rviz_carla_plugin/hook/ld_library_path_lib.dsv'
[11.388s] INFO:colcon.colcon_core.shell:Creating environment hook '/home/nisanth/carla_ros_ws/install/rviz_carla_plugin/share/rviz_carla_plugin/hook/ld_library_path_lib.sh'
[11.388s] Level 1:colcon.colcon_core.environment:checking '/home/nisanth/carla_ros_ws/install/rviz_carla_plugin/bin'
[11.388s] Level 1:colcon.colcon_core.environment:checking '/home/nisanth/carla_ros_ws/install/rviz_carla_plugin/lib/pkgconfig/rviz_carla_plugin.pc'
[11.388s] Level 1:colcon.colcon_core.environment:checking '/home/nisanth/carla_ros_ws/install/rviz_carla_plugin/lib/python3.10/site-packages'
[11.388s] Level 1:colcon.colcon_core.environment:checking '/home/nisanth/carla_ros_ws/install/rviz_carla_plugin/bin'
[11.389s] INFO:colcon.colcon_core.shell:Creating package script '/home/nisanth/carla_ros_ws/install/rviz_carla_plugin/share/rviz_carla_plugin/package.ps1'
[11.389s] INFO:colcon.colcon_core.shell:Creating package descriptor '/home/nisanth/carla_ros_ws/install/rviz_carla_plugin/share/rviz_carla_plugin/package.dsv'
[11.389s] INFO:colcon.colcon_core.shell:Creating package script '/home/nisanth/carla_ros_ws/install/rviz_carla_plugin/share/rviz_carla_plugin/package.sh'
[11.390s] INFO:colcon.colcon_core.shell:Creating package script '/home/nisanth/carla_ros_ws/install/rviz_carla_plugin/share/rviz_carla_plugin/package.bash'
[11.390s] INFO:colcon.colcon_core.shell:Creating package script '/home/nisanth/carla_ros_ws/install/rviz_carla_plugin/share/rviz_carla_plugin/package.zsh'
[11.390s] Level 1:colcon.colcon_core.environment:create_file_with_runtime_dependencies(/home/nisanth/carla_ros_ws/install/rviz_carla_plugin/share/colcon-core/packages/rviz_carla_plugin)
[11.391s] INFO:colcon.colcon_ros.task.ament_cmake.build:Building ROS package in '/home/nisanth/carla_ros_ws/src/ros-bridge/carla_ad_demo' with build type 'ament_cmake'
[11.391s] INFO:colcon.colcon_cmake.task.cmake.build:Building CMake package in '/home/nisanth/carla_ros_ws/src/ros-bridge/carla_ad_demo'
[11.391s] INFO:colcon.colcon_core.shell:Skip shell extension 'powershell' for command environment: Not usable outside of PowerShell
[11.391s] DEBUG:colcon.colcon_core.shell:Skip shell extension 'dsv' for command environment
[12.094s] DEBUG:colcon.colcon_core.event_handler.log_command:Invoking command in '/home/nisanth/carla_ros_ws/build/carla_ad_demo': AMENT_PREFIX_PATH=/home/nisanth/carla_ros_ws/install/carla_ros_bridge:/home/nisanth/carla_ros_ws/install/rviz_carla_plugin:/home/nisanth/carla_ros_ws/install/carla_waypoint_publisher:/home/nisanth/carla_ros_ws/install/carla_spawn_objects:/home/nisanth/carla_ros_ws/install/carla_ros_scenario_runner:/home/nisanth/carla_ros_ws/install/carla_manual_control:/home/nisanth/carla_ros_ws/install/carla_ad_agent:/home/nisanth/carla_ros_ws/install/ros_compatibility:/home/nisanth/carla_ros_ws/install/carla_waypoint_types:/home/nisanth/carla_ros_ws/install/carla_twist_to_control:/home/nisanth/carla_ros_ws/install/carla_ros_scenario_runner_types:/home/nisanth/carla_ros_ws/install/carla_msgs:/home/nisanth/carla_ros_ws/install/carla_common:${AMENT_PREFIX_PATH} CMAKE_PREFIX_PATH=/home/nisanth/carla_ros_ws/install/rviz_carla_plugin:/home/nisanth/carla_ros_ws/install/carla_waypoint_types:/home/nisanth/carla_ros_ws/install/carla_ros_scenario_runner_types:/home/nisanth/carla_ros_ws/install/carla_msgs:/opt/ros/humble LD_LIBRARY_PATH=/home/nisanth/carla_ros_ws/install/rviz_carla_plugin/lib:/home/nisanth/carla_ros_ws/install/carla_waypoint_types/lib:/home/nisanth/carla_ros_ws/install/carla_ros_scenario_runner_types/lib:/home/nisanth/carla_ros_ws/install/carla_msgs/lib:${LD_LIBRARY_PATH} PYTHONPATH=/home/nisanth/carla_ros_ws/install/carla_ros_bridge/lib/python3.10/site-packages:/home/nisanth/carla_ros_ws/install/carla_waypoint_publisher/lib/python3.10/site-packages:/home/nisanth/carla_ros_ws/install/carla_spawn_objects/lib/python3.10/site-packages:/home/nisanth/carla_ros_ws/install/carla_ros_scenario_runner/lib/python3.10/site-packages:/home/nisanth/carla_ros_ws/install/carla_manual_control/lib/python3.10/site-packages:/home/nisanth/carla_ros_ws/install/carla_ad_agent/lib/python3.10/site-packages:/home/nisanth/carla_ros_ws/install/ros_compatibility/lib/python3.10/site-packages:/home/nisanth/carla_ros_ws/install/carla_waypoint_types/local/lib/python3.10/dist-packages:/home/nisanth/carla_ros_ws/install/carla_twist_to_control/lib/python3.10/site-packages:/home/nisanth/carla_ros_ws/install/carla_ros_scenario_runner_types/local/lib/python3.10/dist-packages:/home/nisanth/carla_ros_ws/install/carla_msgs/local/lib/python3.10/dist-packages:/home/nisanth/carla_ros_ws/install/carla_common/lib/python3.10/site-packages:${PYTHONPATH} /usr/bin/cmake /home/nisanth/carla_ros_ws/src/ros-bridge/carla_ad_demo -DCMAKE_INSTALL_PREFIX=/home/nisanth/carla_ros_ws/install/carla_ad_demo
[12.286s] DEBUG:colcon.colcon_core.event_handler.log_command:Invoked command in '/home/nisanth/carla_ros_ws/build/carla_ad_demo' returned '0': AMENT_PREFIX_PATH=/home/nisanth/carla_ros_ws/install/carla_ros_bridge:/home/nisanth/carla_ros_ws/install/rviz_carla_plugin:/home/nisanth/carla_ros_ws/install/carla_waypoint_publisher:/home/nisanth/carla_ros_ws/install/carla_spawn_objects:/home/nisanth/carla_ros_ws/install/carla_ros_scenario_runner:/home/nisanth/carla_ros_ws/install/carla_manual_control:/home/nisanth/carla_ros_ws/install/carla_ad_agent:/home/nisanth/carla_ros_ws/install/ros_compatibility:/home/nisanth/carla_ros_ws/install/carla_waypoint_types:/home/nisanth/carla_ros_ws/install/carla_twist_to_control:/home/nisanth/carla_ros_ws/install/carla_ros_scenario_runner_types:/home/nisanth/carla_ros_ws/install/carla_msgs:/home/nisanth/carla_ros_ws/install/carla_common:${AMENT_PREFIX_PATH} CMAKE_PREFIX_PATH=/home/nisanth/carla_ros_ws/install/rviz_carla_plugin:/home/nisanth/carla_ros_ws/install/carla_waypoint_types:/home/nisanth/carla_ros_ws/install/carla_ros_scenario_runner_types:/home/nisanth/carla_ros_ws/install/carla_msgs:/opt/ros/humble LD_LIBRARY_PATH=/home/nisanth/carla_ros_ws/install/rviz_carla_plugin/lib:/home/nisanth/carla_ros_ws/install/carla_waypoint_types/lib:/home/nisanth/carla_ros_ws/install/carla_ros_scenario_runner_types/lib:/home/nisanth/carla_ros_ws/install/carla_msgs/lib:${LD_LIBRARY_PATH} PYTHONPATH=/home/nisanth/carla_ros_ws/install/carla_ros_bridge/lib/python3.10/site-packages:/home/nisanth/carla_ros_ws/install/carla_waypoint_publisher/lib/python3.10/site-packages:/home/nisanth/carla_ros_ws/install/carla_spawn_objects/lib/python3.10/site-packages:/home/nisanth/carla_ros_ws/install/carla_ros_scenario_runner/lib/python3.10/site-packages:/home/nisanth/carla_ros_ws/install/carla_manual_control/lib/python3.10/site-packages:/home/nisanth/carla_ros_ws/install/carla_ad_agent/lib/python3.10/site-packages:/home/nisanth/carla_ros_ws/install/ros_compatibility/lib/python3.10/site-packages:/home/nisanth/carla_ros_ws/install/carla_waypoint_types/local/lib/python3.10/dist-packages:/home/nisanth/carla_ros_ws/install/carla_twist_to_control/lib/python3.10/site-packages:/home/nisanth/carla_ros_ws/install/carla_ros_scenario_runner_types/local/lib/python3.10/dist-packages:/home/nisanth/carla_ros_ws/install/carla_msgs/local/lib/python3.10/dist-packages:/home/nisanth/carla_ros_ws/install/carla_common/lib/python3.10/site-packages:${PYTHONPATH} /usr/bin/cmake /home/nisanth/carla_ros_ws/src/ros-bridge/carla_ad_demo -DCMAKE_INSTALL_PREFIX=/home/nisanth/carla_ros_ws/install/carla_ad_demo
[12.287s] DEBUG:colcon.colcon_core.event_handler.log_command:Invoking command in '/home/nisanth/carla_ros_ws/build/carla_ad_demo': AMENT_PREFIX_PATH=/home/nisanth/carla_ros_ws/install/carla_ros_bridge:/home/nisanth/carla_ros_ws/install/rviz_carla_plugin:/home/nisanth/carla_ros_ws/install/carla_waypoint_publisher:/home/nisanth/carla_ros_ws/install/carla_spawn_objects:/home/nisanth/carla_ros_ws/install/carla_ros_scenario_runner:/home/nisanth/carla_ros_ws/install/carla_manual_control:/home/nisanth/carla_ros_ws/install/carla_ad_agent:/home/nisanth/carla_ros_ws/install/ros_compatibility:/home/nisanth/carla_ros_ws/install/carla_waypoint_types:/home/nisanth/carla_ros_ws/install/carla_twist_to_control:/home/nisanth/carla_ros_ws/install/carla_ros_scenario_runner_types:/home/nisanth/carla_ros_ws/install/carla_msgs:/home/nisanth/carla_ros_ws/install/carla_common:${AMENT_PREFIX_PATH} CMAKE_PREFIX_PATH=/home/nisanth/carla_ros_ws/install/rviz_carla_plugin:/home/nisanth/carla_ros_ws/install/carla_waypoint_types:/home/nisanth/carla_ros_ws/install/carla_ros_scenario_runner_types:/home/nisanth/carla_ros_ws/install/carla_msgs:/opt/ros/humble LD_LIBRARY_PATH=/home/nisanth/carla_ros_ws/install/rviz_carla_plugin/lib:/home/nisanth/carla_ros_ws/install/carla_waypoint_types/lib:/home/nisanth/carla_ros_ws/install/carla_ros_scenario_runner_types/lib:/home/nisanth/carla_ros_ws/install/carla_msgs/lib:${LD_LIBRARY_PATH} PYTHONPATH=/home/nisanth/carla_ros_ws/install/carla_ros_bridge/lib/python3.10/site-packages:/home/nisanth/carla_ros_ws/install/carla_waypoint_publisher/lib/python3.10/site-packages:/home/nisanth/carla_ros_ws/install/carla_spawn_objects/lib/python3.10/site-packages:/home/nisanth/carla_ros_ws/install/carla_ros_scenario_runner/lib/python3.10/site-packages:/home/nisanth/carla_ros_ws/install/carla_manual_control/lib/python3.10/site-packages:/home/nisanth/carla_ros_ws/install/carla_ad_agent/lib/python3.10/site-packages:/home/nisanth/carla_ros_ws/install/ros_compatibility/lib/python3.10/site-packages:/home/nisanth/carla_ros_ws/install/carla_waypoint_types/local/lib/python3.10/dist-packages:/home/nisanth/carla_ros_ws/install/carla_twist_to_control/lib/python3.10/site-packages:/home/nisanth/carla_ros_ws/install/carla_ros_scenario_runner_types/local/lib/python3.10/dist-packages:/home/nisanth/carla_ros_ws/install/carla_msgs/local/lib/python3.10/dist-packages:/home/nisanth/carla_ros_ws/install/carla_common/lib/python3.10/site-packages:${PYTHONPATH} /usr/bin/cmake --build /home/nisanth/carla_ros_ws/build/carla_ad_demo -- -j12 -l12
[12.324s] DEBUG:colcon.colcon_core.event_handler.log_command:Invoked command in '/home/nisanth/carla_ros_ws/build/carla_ad_demo' returned '0': AMENT_PREFIX_PATH=/home/nisanth/carla_ros_ws/install/carla_ros_bridge:/home/nisanth/carla_ros_ws/install/rviz_carla_plugin:/home/nisanth/carla_ros_ws/install/carla_waypoint_publisher:/home/nisanth/carla_ros_ws/install/carla_spawn_objects:/home/nisanth/carla_ros_ws/install/carla_ros_scenario_runner:/home/nisanth/carla_ros_ws/install/carla_manual_control:/home/nisanth/carla_ros_ws/install/carla_ad_agent:/home/nisanth/carla_ros_ws/install/ros_compatibility:/home/nisanth/carla_ros_ws/install/carla_waypoint_types:/home/nisanth/carla_ros_ws/install/carla_twist_to_control:/home/nisanth/carla_ros_ws/install/carla_ros_scenario_runner_types:/home/nisanth/carla_ros_ws/install/carla_msgs:/home/nisanth/carla_ros_ws/install/carla_common:${AMENT_PREFIX_PATH} CMAKE_PREFIX_PATH=/home/nisanth/carla_ros_ws/install/rviz_carla_plugin:/home/nisanth/carla_ros_ws/install/carla_waypoint_types:/home/nisanth/carla_ros_ws/install/carla_ros_scenario_runner_types:/home/nisanth/carla_ros_ws/install/carla_msgs:/opt/ros/humble LD_LIBRARY_PATH=/home/nisanth/carla_ros_ws/install/rviz_carla_plugin/lib:/home/nisanth/carla_ros_ws/install/carla_waypoint_types/lib:/home/nisanth/carla_ros_ws/install/carla_ros_scenario_runner_types/lib:/home/nisanth/carla_ros_ws/install/carla_msgs/lib:${LD_LIBRARY_PATH} PYTHONPATH=/home/nisanth/carla_ros_ws/install/carla_ros_bridge/lib/python3.10/site-packages:/home/nisanth/carla_ros_ws/install/carla_waypoint_publisher/lib/python3.10/site-packages:/home/nisanth/carla_ros_ws/install/carla_spawn_objects/lib/python3.10/site-packages:/home/nisanth/carla_ros_ws/install/carla_ros_scenario_runner/lib/python3.10/site-packages:/home/nisanth/carla_ros_ws/install/carla_manual_control/lib/python3.10/site-packages:/home/nisanth/carla_ros_ws/install/carla_ad_agent/lib/python3.10/site-packages:/home/nisanth/carla_ros_ws/install/ros_compatibility/lib/python3.10/site-packages:/home/nisanth/carla_ros_ws/install/carla_waypoint_types/local/lib/python3.10/dist-packages:/home/nisanth/carla_ros_ws/install/carla_twist_to_control/lib/python3.10/site-packages:/home/nisanth/carla_ros_ws/install/carla_ros_scenario_runner_types/local/lib/python3.10/dist-packages:/home/nisanth/carla_ros_ws/install/carla_msgs/local/lib/python3.10/dist-packages:/home/nisanth/carla_ros_ws/install/carla_common/lib/python3.10/site-packages:${PYTHONPATH} /usr/bin/cmake --build /home/nisanth/carla_ros_ws/build/carla_ad_demo -- -j12 -l12
[12.326s] DEBUG:colcon.colcon_core.event_handler.log_command:Invoking command in '/home/nisanth/carla_ros_ws/build/carla_ad_demo': AMENT_PREFIX_PATH=/home/nisanth/carla_ros_ws/install/carla_ros_bridge:/home/nisanth/carla_ros_ws/install/rviz_carla_plugin:/home/nisanth/carla_ros_ws/install/carla_waypoint_publisher:/home/nisanth/carla_ros_ws/install/carla_spawn_objects:/home/nisanth/carla_ros_ws/install/carla_ros_scenario_runner:/home/nisanth/carla_ros_ws/install/carla_manual_control:/home/nisanth/carla_ros_ws/install/carla_ad_agent:/home/nisanth/carla_ros_ws/install/ros_compatibility:/home/nisanth/carla_ros_ws/install/carla_waypoint_types:/home/nisanth/carla_ros_ws/install/carla_twist_to_control:/home/nisanth/carla_ros_ws/install/carla_ros_scenario_runner_types:/home/nisanth/carla_ros_ws/install/carla_msgs:/home/nisanth/carla_ros_ws/install/carla_common:${AMENT_PREFIX_PATH} CMAKE_PREFIX_PATH=/home/nisanth/carla_ros_ws/install/rviz_carla_plugin:/home/nisanth/carla_ros_ws/install/carla_waypoint_types:/home/nisanth/carla_ros_ws/install/carla_ros_scenario_runner_types:/home/nisanth/carla_ros_ws/install/carla_msgs:/opt/ros/humble LD_LIBRARY_PATH=/home/nisanth/carla_ros_ws/install/rviz_carla_plugin/lib:/home/nisanth/carla_ros_ws/install/carla_waypoint_types/lib:/home/nisanth/carla_ros_ws/install/carla_ros_scenario_runner_types/lib:/home/nisanth/carla_ros_ws/install/carla_msgs/lib:${LD_LIBRARY_PATH} PYTHONPATH=/home/nisanth/carla_ros_ws/install/carla_ros_bridge/lib/python3.10/site-packages:/home/nisanth/carla_ros_ws/install/carla_waypoint_publisher/lib/python3.10/site-packages:/home/nisanth/carla_ros_ws/install/carla_spawn_objects/lib/python3.10/site-packages:/home/nisanth/carla_ros_ws/install/carla_ros_scenario_runner/lib/python3.10/site-packages:/home/nisanth/carla_ros_ws/install/carla_manual_control/lib/python3.10/site-packages:/home/nisanth/carla_ros_ws/install/carla_ad_agent/lib/python3.10/site-packages:/home/nisanth/carla_ros_ws/install/ros_compatibility/lib/python3.10/site-packages:/home/nisanth/carla_ros_ws/install/carla_waypoint_types/local/lib/python3.10/dist-packages:/home/nisanth/carla_ros_ws/install/carla_twist_to_control/lib/python3.10/site-packages:/home/nisanth/carla_ros_ws/install/carla_ros_scenario_runner_types/local/lib/python3.10/dist-packages:/home/nisanth/carla_ros_ws/install/carla_msgs/local/lib/python3.10/dist-packages:/home/nisanth/carla_ros_ws/install/carla_common/lib/python3.10/site-packages:${PYTHONPATH} /usr/bin/cmake --install /home/nisanth/carla_ros_ws/build/carla_ad_demo
[12.351s] Level 1:colcon.colcon_core.environment:create_environment_scripts_only(carla_ad_demo)
[12.352s] Level 1:colcon.colcon_core.environment:checking '/home/nisanth/carla_ros_ws/install/carla_ad_demo' for CMake module files
[12.352s] DEBUG:colcon.colcon_core.event_handler.log_command:Invoked command in '/home/nisanth/carla_ros_ws/build/carla_ad_demo' returned '0': AMENT_PREFIX_PATH=/home/nisanth/carla_ros_ws/install/carla_ros_bridge:/home/nisanth/carla_ros_ws/install/rviz_carla_plugin:/home/nisanth/carla_ros_ws/install/carla_waypoint_publisher:/home/nisanth/carla_ros_ws/install/carla_spawn_objects:/home/nisanth/carla_ros_ws/install/carla_ros_scenario_runner:/home/nisanth/carla_ros_ws/install/carla_manual_control:/home/nisanth/carla_ros_ws/install/carla_ad_agent:/home/nisanth/carla_ros_ws/install/ros_compatibility:/home/nisanth/carla_ros_ws/install/carla_waypoint_types:/home/nisanth/carla_ros_ws/install/carla_twist_to_control:/home/nisanth/carla_ros_ws/install/carla_ros_scenario_runner_types:/home/nisanth/carla_ros_ws/install/carla_msgs:/home/nisanth/carla_ros_ws/install/carla_common:${AMENT_PREFIX_PATH} CMAKE_PREFIX_PATH=/home/nisanth/carla_ros_ws/install/rviz_carla_plugin:/home/nisanth/carla_ros_ws/install/carla_waypoint_types:/home/nisanth/carla_ros_ws/install/carla_ros_scenario_runner_types:/home/nisanth/carla_ros_ws/install/carla_msgs:/opt/ros/humble LD_LIBRARY_PATH=/home/nisanth/carla_ros_ws/install/rviz_carla_plugin/lib:/home/nisanth/carla_ros_ws/install/carla_waypoint_types/lib:/home/nisanth/carla_ros_ws/install/carla_ros_scenario_runner_types/lib:/home/nisanth/carla_ros_ws/install/carla_msgs/lib:${LD_LIBRARY_PATH} PYTHONPATH=/home/nisanth/carla_ros_ws/install/carla_ros_bridge/lib/python3.10/site-packages:/home/nisanth/carla_ros_ws/install/carla_waypoint_publisher/lib/python3.10/site-packages:/home/nisanth/carla_ros_ws/install/carla_spawn_objects/lib/python3.10/site-packages:/home/nisanth/carla_ros_ws/install/carla_ros_scenario_runner/lib/python3.10/site-packages:/home/nisanth/carla_ros_ws/install/carla_manual_control/lib/python3.10/site-packages:/home/nisanth/carla_ros_ws/install/carla_ad_agent/lib/python3.10/site-packages:/home/nisanth/carla_ros_ws/install/ros_compatibility/lib/python3.10/site-packages:/home/nisanth/carla_ros_ws/install/carla_waypoint_types/local/lib/python3.10/dist-packages:/home/nisanth/carla_ros_ws/install/carla_twist_to_control/lib/python3.10/site-packages:/home/nisanth/carla_ros_ws/install/carla_ros_scenario_runner_types/local/lib/python3.10/dist-packages:/home/nisanth/carla_ros_ws/install/carla_msgs/local/lib/python3.10/dist-packages:/home/nisanth/carla_ros_ws/install/carla_common/lib/python3.10/site-packages:${PYTHONPATH} /usr/bin/cmake --install /home/nisanth/carla_ros_ws/build/carla_ad_demo
[12.353s] Level 1:colcon.colcon_core.environment:checking '/home/nisanth/carla_ros_ws/install/carla_ad_demo' for CMake config files
[12.355s] Level 1:colcon.colcon_core.shell:create_environment_hook('carla_ad_demo', 'cmake_prefix_path')
[12.355s] INFO:colcon.colcon_core.shell:Creating environment hook '/home/nisanth/carla_ros_ws/install/carla_ad_demo/share/carla_ad_demo/hook/cmake_prefix_path.ps1'
[12.355s] INFO:colcon.colcon_core.shell:Creating environment descriptor '/home/nisanth/carla_ros_ws/install/carla_ad_demo/share/carla_ad_demo/hook/cmake_prefix_path.dsv'
[12.355s] INFO:colcon.colcon_core.shell:Creating environment hook '/home/nisanth/carla_ros_ws/install/carla_ad_demo/share/carla_ad_demo/hook/cmake_prefix_path.sh'
[12.356s] Level 1:colcon.colcon_core.environment:checking '/home/nisanth/carla_ros_ws/install/carla_ad_demo/bin'
[12.356s] Level 1:colcon.colcon_core.environment:checking '/home/nisanth/carla_ros_ws/install/carla_ad_demo/lib/pkgconfig/carla_ad_demo.pc'
[12.356s] Level 1:colcon.colcon_core.environment:checking '/home/nisanth/carla_ros_ws/install/carla_ad_demo/lib/python3.10/site-packages'
[12.356s] Level 1:colcon.colcon_core.environment:checking '/home/nisanth/carla_ros_ws/install/carla_ad_demo/bin'
[12.356s] INFO:colcon.colcon_core.shell:Creating package script '/home/nisanth/carla_ros_ws/install/carla_ad_demo/share/carla_ad_demo/package.ps1'
[12.357s] INFO:colcon.colcon_core.shell:Creating package descriptor '/home/nisanth/carla_ros_ws/install/carla_ad_demo/share/carla_ad_demo/package.dsv'
[12.357s] INFO:colcon.colcon_core.shell:Creating package script '/home/nisanth/carla_ros_ws/install/carla_ad_demo/share/carla_ad_demo/package.sh'
[12.357s] INFO:colcon.colcon_core.shell:Creating package script '/home/nisanth/carla_ros_ws/install/carla_ad_demo/share/carla_ad_demo/package.bash'
[12.358s] INFO:colcon.colcon_core.shell:Creating package script '/home/nisanth/carla_ros_ws/install/carla_ad_demo/share/carla_ad_demo/package.zsh'
[12.358s] Level 1:colcon.colcon_core.environment:create_file_with_runtime_dependencies(/home/nisanth/carla_ros_ws/install/carla_ad_demo/share/colcon-core/packages/carla_ad_demo)
[12.358s] Level 1:colcon.colcon_core.environment:create_environment_scripts_only(carla_ad_demo)
[12.358s] Level 1:colcon.colcon_core.environment:checking '/home/nisanth/carla_ros_ws/install/carla_ad_demo' for CMake module files
[12.359s] Level 1:colcon.colcon_core.environment:checking '/home/nisanth/carla_ros_ws/install/carla_ad_demo' for CMake config files
[12.359s] Level 1:colcon.colcon_core.shell:create_environment_hook('carla_ad_demo', 'cmake_prefix_path')
[12.359s] INFO:colcon.colcon_core.shell:Creating environment hook '/home/nisanth/carla_ros_ws/install/carla_ad_demo/share/carla_ad_demo/hook/cmake_prefix_path.ps1'
[12.360s] INFO:colcon.colcon_core.shell:Creating environment descriptor '/home/nisanth/carla_ros_ws/install/carla_ad_demo/share/carla_ad_demo/hook/cmake_prefix_path.dsv'
[12.360s] INFO:colcon.colcon_core.shell:Creating environment hook '/home/nisanth/carla_ros_ws/install/carla_ad_demo/share/carla_ad_demo/hook/cmake_prefix_path.sh'
[12.360s] Level 1:colcon.colcon_core.environment:checking '/home/nisanth/carla_ros_ws/install/carla_ad_demo/bin'
[12.360s] Level 1:colcon.colcon_core.environment:checking '/home/nisanth/carla_ros_ws/install/carla_ad_demo/lib/pkgconfig/carla_ad_demo.pc'
[12.360s] Level 1:colcon.colcon_core.environment:checking '/home/nisanth/carla_ros_ws/install/carla_ad_demo/lib/python3.10/site-packages'
[12.361s] Level 1:colcon.colcon_core.environment:checking '/home/nisanth/carla_ros_ws/install/carla_ad_demo/bin'
[12.361s] INFO:colcon.colcon_core.shell:Creating package script '/home/nisanth/carla_ros_ws/install/carla_ad_demo/share/carla_ad_demo/package.ps1'
[12.361s] INFO:colcon.colcon_core.shell:Creating package descriptor '/home/nisanth/carla_ros_ws/install/carla_ad_demo/share/carla_ad_demo/package.dsv'
[12.361s] INFO:colcon.colcon_core.shell:Creating package script '/home/nisanth/carla_ros_ws/install/carla_ad_demo/share/carla_ad_demo/package.sh'
[12.362s] INFO:colcon.colcon_core.shell:Creating package script '/home/nisanth/carla_ros_ws/install/carla_ad_demo/share/carla_ad_demo/package.bash'
[12.362s] INFO:colcon.colcon_core.shell:Creating package script '/home/nisanth/carla_ros_ws/install/carla_ad_demo/share/carla_ad_demo/package.zsh'
[12.362s] Level 1:colcon.colcon_core.environment:create_file_with_runtime_dependencies(/home/nisanth/carla_ros_ws/install/carla_ad_demo/share/colcon-core/packages/carla_ad_demo)
[20.996s] DEBUG:colcon.colcon_core.event_handler.log_command:Invoked command in '/home/nisanth/carla_ros_ws/build/pcl_recorder' returned '0': AMENT_PREFIX_PATH=/home/nisanth/carla_ros_ws/install/carla_ros_bridge:/home/nisanth/carla_ros_ws/install/carla_spawn_objects:/home/nisanth/carla_ros_ws/install/carla_manual_control:/home/nisanth/carla_ros_ws/install/ros_compatibility:/home/nisanth/carla_ros_ws/install/carla_msgs:/home/nisanth/carla_ros_ws/install/carla_common:${AMENT_PREFIX_PATH} CMAKE_PREFIX_PATH=/home/nisanth/carla_ros_ws/install/carla_msgs:/opt/ros/humble LD_LIBRARY_PATH=/home/nisanth/carla_ros_ws/install/carla_msgs/lib:${LD_LIBRARY_PATH} PYTHONPATH=/home/nisanth/carla_ros_ws/install/carla_ros_bridge/lib/python3.10/site-packages:/home/nisanth/carla_ros_ws/install/carla_spawn_objects/lib/python3.10/site-packages:/home/nisanth/carla_ros_ws/install/carla_manual_control/lib/python3.10/site-packages:/home/nisanth/carla_ros_ws/install/ros_compatibility/lib/python3.10/site-packages:/home/nisanth/carla_ros_ws/install/carla_msgs/local/lib/python3.10/dist-packages:/home/nisanth/carla_ros_ws/install/carla_common/lib/python3.10/site-packages:${PYTHONPATH} /usr/bin/cmake /home/nisanth/carla_ros_ws/src/ros-bridge/pcl_recorder -DCMAKE_INSTALL_PREFIX=/home/nisanth/carla_ros_ws/install/pcl_recorder
[20.997s] DEBUG:colcon.colcon_core.event_handler.log_command:Invoking command in '/home/nisanth/carla_ros_ws/build/pcl_recorder': AMENT_PREFIX_PATH=/home/nisanth/carla_ros_ws/install/carla_ros_bridge:/home/nisanth/carla_ros_ws/install/carla_spawn_objects:/home/nisanth/carla_ros_ws/install/carla_manual_control:/home/nisanth/carla_ros_ws/install/ros_compatibility:/home/nisanth/carla_ros_ws/install/carla_msgs:/home/nisanth/carla_ros_ws/install/carla_common:${AMENT_PREFIX_PATH} CMAKE_PREFIX_PATH=/home/nisanth/carla_ros_ws/install/carla_msgs:/opt/ros/humble LD_LIBRARY_PATH=/home/nisanth/carla_ros_ws/install/carla_msgs/lib:${LD_LIBRARY_PATH} PYTHONPATH=/home/nisanth/carla_ros_ws/install/carla_ros_bridge/lib/python3.10/site-packages:/home/nisanth/carla_ros_ws/install/carla_spawn_objects/lib/python3.10/site-packages:/home/nisanth/carla_ros_ws/install/carla_manual_control/lib/python3.10/site-packages:/home/nisanth/carla_ros_ws/install/ros_compatibility/lib/python3.10/site-packages:/home/nisanth/carla_ros_ws/install/carla_msgs/local/lib/python3.10/dist-packages:/home/nisanth/carla_ros_ws/install/carla_common/lib/python3.10/site-packages:${PYTHONPATH} /usr/bin/cmake --build /home/nisanth/carla_ros_ws/build/pcl_recorder -- -j12 -l12
[21.098s] DEBUG:colcon.colcon_core.event_handler.log_command:Invoked command in '/home/nisanth/carla_ros_ws/build/pcl_recorder' returned '0': AMENT_PREFIX_PATH=/home/nisanth/carla_ros_ws/install/carla_ros_bridge:/home/nisanth/carla_ros_ws/install/carla_spawn_objects:/home/nisanth/carla_ros_ws/install/carla_manual_control:/home/nisanth/carla_ros_ws/install/ros_compatibility:/home/nisanth/carla_ros_ws/install/carla_msgs:/home/nisanth/carla_ros_ws/install/carla_common:${AMENT_PREFIX_PATH} CMAKE_PREFIX_PATH=/home/nisanth/carla_ros_ws/install/carla_msgs:/opt/ros/humble LD_LIBRARY_PATH=/home/nisanth/carla_ros_ws/install/carla_msgs/lib:${LD_LIBRARY_PATH} PYTHONPATH=/home/nisanth/carla_ros_ws/install/carla_ros_bridge/lib/python3.10/site-packages:/home/nisanth/carla_ros_ws/install/carla_spawn_objects/lib/python3.10/site-packages:/home/nisanth/carla_ros_ws/install/carla_manual_control/lib/python3.10/site-packages:/home/nisanth/carla_ros_ws/install/ros_compatibility/lib/python3.10/site-packages:/home/nisanth/carla_ros_ws/install/carla_msgs/local/lib/python3.10/dist-packages:/home/nisanth/carla_ros_ws/install/carla_common/lib/python3.10/site-packages:${PYTHONPATH} /usr/bin/cmake --build /home/nisanth/carla_ros_ws/build/pcl_recorder -- -j12 -l12
[21.100s] DEBUG:colcon.colcon_core.event_handler.log_command:Invoking command in '/home/nisanth/carla_ros_ws/build/pcl_recorder': AMENT_PREFIX_PATH=/home/nisanth/carla_ros_ws/install/carla_ros_bridge:/home/nisanth/carla_ros_ws/install/carla_spawn_objects:/home/nisanth/carla_ros_ws/install/carla_manual_control:/home/nisanth/carla_ros_ws/install/ros_compatibility:/home/nisanth/carla_ros_ws/install/carla_msgs:/home/nisanth/carla_ros_ws/install/carla_common:${AMENT_PREFIX_PATH} CMAKE_PREFIX_PATH=/home/nisanth/carla_ros_ws/install/carla_msgs:/opt/ros/humble LD_LIBRARY_PATH=/home/nisanth/carla_ros_ws/install/carla_msgs/lib:${LD_LIBRARY_PATH} PYTHONPATH=/home/nisanth/carla_ros_ws/install/carla_ros_bridge/lib/python3.10/site-packages:/home/nisanth/carla_ros_ws/install/carla_spawn_objects/lib/python3.10/site-packages:/home/nisanth/carla_ros_ws/install/carla_manual_control/lib/python3.10/site-packages:/home/nisanth/carla_ros_ws/install/ros_compatibility/lib/python3.10/site-packages:/home/nisanth/carla_ros_ws/install/carla_msgs/local/lib/python3.10/dist-packages:/home/nisanth/carla_ros_ws/install/carla_common/lib/python3.10/site-packages:${PYTHONPATH} /usr/bin/cmake --install /home/nisanth/carla_ros_ws/build/pcl_recorder
[21.123s] Level 1:colcon.colcon_core.environment:create_environment_scripts_only(pcl_recorder)
[21.123s] Level 1:colcon.colcon_core.environment:checking '/home/nisanth/carla_ros_ws/install/pcl_recorder' for CMake module files
[21.123s] DEBUG:colcon.colcon_core.event_handler.log_command:Invoked command in '/home/nisanth/carla_ros_ws/build/pcl_recorder' returned '0': AMENT_PREFIX_PATH=/home/nisanth/carla_ros_ws/install/carla_ros_bridge:/home/nisanth/carla_ros_ws/install/carla_spawn_objects:/home/nisanth/carla_ros_ws/install/carla_manual_control:/home/nisanth/carla_ros_ws/install/ros_compatibility:/home/nisanth/carla_ros_ws/install/carla_msgs:/home/nisanth/carla_ros_ws/install/carla_common:${AMENT_PREFIX_PATH} CMAKE_PREFIX_PATH=/home/nisanth/carla_ros_ws/install/carla_msgs:/opt/ros/humble LD_LIBRARY_PATH=/home/nisanth/carla_ros_ws/install/carla_msgs/lib:${LD_LIBRARY_PATH} PYTHONPATH=/home/nisanth/carla_ros_ws/install/carla_ros_bridge/lib/python3.10/site-packages:/home/nisanth/carla_ros_ws/install/carla_spawn_objects/lib/python3.10/site-packages:/home/nisanth/carla_ros_ws/install/carla_manual_control/lib/python3.10/site-packages:/home/nisanth/carla_ros_ws/install/ros_compatibility/lib/python3.10/site-packages:/home/nisanth/carla_ros_ws/install/carla_msgs/local/lib/python3.10/dist-packages:/home/nisanth/carla_ros_ws/install/carla_common/lib/python3.10/site-packages:${PYTHONPATH} /usr/bin/cmake --install /home/nisanth/carla_ros_ws/build/pcl_recorder
[21.124s] Level 1:colcon.colcon_core.environment:checking '/home/nisanth/carla_ros_ws/install/pcl_recorder' for CMake config files
[21.126s] Level 1:colcon.colcon_core.shell:create_environment_hook('pcl_recorder', 'cmake_prefix_path')
[21.126s] INFO:colcon.colcon_core.shell:Creating environment hook '/home/nisanth/carla_ros_ws/install/pcl_recorder/share/pcl_recorder/hook/cmake_prefix_path.ps1'
[21.126s] INFO:colcon.colcon_core.shell:Creating environment descriptor '/home/nisanth/carla_ros_ws/install/pcl_recorder/share/pcl_recorder/hook/cmake_prefix_path.dsv'
[21.126s] INFO:colcon.colcon_core.shell:Creating environment hook '/home/nisanth/carla_ros_ws/install/pcl_recorder/share/pcl_recorder/hook/cmake_prefix_path.sh'
[21.127s] Level 1:colcon.colcon_core.environment:checking '/home/nisanth/carla_ros_ws/install/pcl_recorder/lib'
[21.127s] Level 1:colcon.colcon_core.environment:checking '/home/nisanth/carla_ros_ws/install/pcl_recorder/bin'
[21.127s] Level 1:colcon.colcon_core.environment:checking '/home/nisanth/carla_ros_ws/install/pcl_recorder/lib/pkgconfig/pcl_recorder.pc'
[21.127s] Level 1:colcon.colcon_core.environment:checking '/home/nisanth/carla_ros_ws/install/pcl_recorder/lib/python3.10/site-packages'
[21.127s] Level 1:colcon.colcon_core.environment:checking '/home/nisanth/carla_ros_ws/install/pcl_recorder/bin'
[21.127s] INFO:colcon.colcon_core.shell:Creating package script '/home/nisanth/carla_ros_ws/install/pcl_recorder/share/pcl_recorder/package.ps1'
[21.128s] INFO:colcon.colcon_core.shell:Creating package descriptor '/home/nisanth/carla_ros_ws/install/pcl_recorder/share/pcl_recorder/package.dsv'
[21.128s] INFO:colcon.colcon_core.shell:Creating package script '/home/nisanth/carla_ros_ws/install/pcl_recorder/share/pcl_recorder/package.sh'
[21.128s] INFO:colcon.colcon_core.shell:Creating package script '/home/nisanth/carla_ros_ws/install/pcl_recorder/share/pcl_recorder/package.bash'
[21.129s] INFO:colcon.colcon_core.shell:Creating package script '/home/nisanth/carla_ros_ws/install/pcl_recorder/share/pcl_recorder/package.zsh'
[21.129s] Level 1:colcon.colcon_core.environment:create_file_with_runtime_dependencies(/home/nisanth/carla_ros_ws/install/pcl_recorder/share/colcon-core/packages/pcl_recorder)
[21.129s] Level 1:colcon.colcon_core.environment:create_environment_scripts_only(pcl_recorder)
[21.130s] Level 1:colcon.colcon_core.environment:checking '/home/nisanth/carla_ros_ws/install/pcl_recorder' for CMake module files
[21.130s] Level 1:colcon.colcon_core.environment:checking '/home/nisanth/carla_ros_ws/install/pcl_recorder' for CMake config files
[21.130s] Level 1:colcon.colcon_core.shell:create_environment_hook('pcl_recorder', 'cmake_prefix_path')
[21.130s] INFO:colcon.colcon_core.shell:Creating environment hook '/home/nisanth/carla_ros_ws/install/pcl_recorder/share/pcl_recorder/hook/cmake_prefix_path.ps1'
[21.131s] INFO:colcon.colcon_core.shell:Creating environment descriptor '/home/nisanth/carla_ros_ws/install/pcl_recorder/share/pcl_recorder/hook/cmake_prefix_path.dsv'
[21.131s] INFO:colcon.colcon_core.shell:Creating environment hook '/home/nisanth/carla_ros_ws/install/pcl_recorder/share/pcl_recorder/hook/cmake_prefix_path.sh'
[21.131s] Level 1:colcon.colcon_core.environment:checking '/home/nisanth/carla_ros_ws/install/pcl_recorder/lib'
[21.131s] Level 1:colcon.colcon_core.environment:checking '/home/nisanth/carla_ros_ws/install/pcl_recorder/bin'
[21.131s] Level 1:colcon.colcon_core.environment:checking '/home/nisanth/carla_ros_ws/install/pcl_recorder/lib/pkgconfig/pcl_recorder.pc'
[21.131s] Level 1:colcon.colcon_core.environment:checking '/home/nisanth/carla_ros_ws/install/pcl_recorder/lib/python3.10/site-packages'
[21.132s] Level 1:colcon.colcon_core.environment:checking '/home/nisanth/carla_ros_ws/install/pcl_recorder/bin'
[21.132s] INFO:colcon.colcon_core.shell:Creating package script '/home/nisanth/carla_ros_ws/install/pcl_recorder/share/pcl_recorder/package.ps1'
[21.132s] INFO:colcon.colcon_core.shell:Creating package descriptor '/home/nisanth/carla_ros_ws/install/pcl_recorder/share/pcl_recorder/package.dsv'
[21.132s] INFO:colcon.colcon_core.shell:Creating package script '/home/nisanth/carla_ros_ws/install/pcl_recorder/share/pcl_recorder/package.sh'
[21.133s] INFO:colcon.colcon_core.shell:Creating package script '/home/nisanth/carla_ros_ws/install/pcl_recorder/share/pcl_recorder/package.bash'
[21.133s] INFO:colcon.colcon_core.shell:Creating package script '/home/nisanth/carla_ros_ws/install/pcl_recorder/share/pcl_recorder/package.zsh'
[21.133s] Level 1:colcon.colcon_core.environment:create_file_with_runtime_dependencies(/home/nisanth/carla_ros_ws/install/pcl_recorder/share/colcon-core/packages/pcl_recorder)
[21.134s] DEBUG:colcon.colcon_parallel_executor.executor.parallel:closing loop
[21.134s] DEBUG:colcon.colcon_parallel_executor.executor.parallel:loop closed
[21.134s] DEBUG:colcon.colcon_parallel_executor.executor.parallel:run_until_complete finished with '0'
[21.134s] DEBUG:colcon.colcon_core.event_reactor:joining thread
[21.170s] INFO:colcon.colcon_core.plugin_system:Skipping extension 'colcon_notification.desktop_notification.notify_send': Could not find 'notify-send'
[21.171s] INFO:colcon.colcon_core.plugin_system:Skipping extension 'colcon_notification.desktop_notification.terminal_notifier': Not used on non-Darwin systems
[21.171s] INFO:colcon.colcon_core.plugin_system:Skipping extension 'colcon_notification.desktop_notification.win32': Not used on non-Windows systems
[21.171s] INFO:colcon.colcon_notification.desktop_notification:Sending desktop notification using 'notify2'
[21.171s] DEBUG:colcon.colcon_notification.desktop_notification.notify2:Failed to initialize notify2: org.freedesktop.DBus.Error.FileNotFound: Failed to connect to socket /run/user/1000/bus: No such file or directory
[21.171s] DEBUG:colcon.colcon_core.event_reactor:joined thread
[21.171s] INFO:colcon.colcon_core.shell:Creating prefix script '/home/nisanth/carla_ros_ws/install/local_setup.ps1'
[21.172s] INFO:colcon.colcon_core.shell:Creating prefix util module '/home/nisanth/carla_ros_ws/install/_local_setup_util_ps1.py'
[21.173s] INFO:colcon.colcon_core.shell:Creating prefix chain script '/home/nisanth/carla_ros_ws/install/setup.ps1'
[21.174s] INFO:colcon.colcon_core.shell:Creating prefix script '/home/nisanth/carla_ros_ws/install/local_setup.sh'
[21.175s] INFO:colcon.colcon_core.shell:Creating prefix util module '/home/nisanth/carla_ros_ws/install/_local_setup_util_sh.py'
[21.175s] INFO:colcon.colcon_core.shell:Creating prefix chain script '/home/nisanth/carla_ros_ws/install/setup.sh'
[21.176s] INFO:colcon.colcon_core.shell:Creating prefix script '/home/nisanth/carla_ros_ws/install/local_setup.bash'
[21.177s] INFO:colcon.colcon_core.shell:Creating prefix chain script '/home/nisanth/carla_ros_ws/install/setup.bash'
[21.177s] INFO:colcon.colcon_core.shell:Creating prefix script '/home/nisanth/carla_ros_ws/install/local_setup.zsh'
[21.178s] INFO:colcon.colcon_core.shell:Creating prefix chain script '/home/nisanth/carla_ros_ws/install/setup.zsh'
